Zona,Nome_01,Domicil_01,Famlias_01,Pop_01,MatrEsc_01,Emp_01,AutPart_01,ViagPro_01,ViagAtr_01,Area_01
1,Sé,1151,1151,3262,6363,71852,326,160503,160157,57
2,Parque Dom Pedro,2342,2342,5695,1433,51854,891,137232,138306,114
3,Praça João Mendes,7100,7100,17130,2399,18547,1166,62971,62503,48
4,Ladeira da Memória,12588,12588,24089,1127,22554,3401,78184,78286,75
5,República,8050,8050,14956,1727,89487,1737,186220,187153,75
6,Santa Ifigênia,9411,9411,21989,2039,38372,1445,109791,109351,83
7,Luz,6342,6342,18210,6873,35048,2401,93161,93681,155
8,Bom Retiro,3834,4111,12252,3280,15080,1748,40223,40170,143
9,Ponte Pequena,2267,2267,7456,6413,16492,487,36269,36522,130
10,Canindé,467,467,1619,7048,6713,134,23890,24030,83
11,Bom Jardim,932,932,2713,1471,3901,488,11403,11381,50
12,Pari,4741,4741,14381,1928,21068,2085,46136,44924,140
13,João Teodoro,423,423,1435,266,9281,103,25131,24562,39
14,Oriente,1104,1104,3337,1959,27939,329,66496,66780,70
15,Bresser,3148,3247,8427,162,14171,897,36167,36241,77
16,Brás,4589,4589,12117,3420,18484,2246,48647,48197,109
17,Gasômetro,2411,2430,6980,5504,9361,597,31625,31507,69
18,Independência,6592,6592,19240,3762,24090,3672,74507,73238,254
19,Cambuci,7490,7490,20732,4590,16448,5235,57680,57903,140
20,Glicério,9042,9042,23063,3614,8159,6862,47083,46030,108
21,Aclimação,7404,7404,18691,3860,9685,5517,44431,44318,114
22,Pires da Mota,5996,5996,13623,4513,8425,3263,37043,37239,50
23,Centro Cultural,2553,2553,5332,33076,17915,1279,74016,73688,33
24,Liberdade,5364,5364,11423,53168,17996,1659,89698,89534,59
25,Treze de Maio,7996,7996,18401,4010,12142,2582,40630,40829,43
26,Bexiga,6375,6494,14281,8564,13420,2564,54508,54681,52
27,Bela Vista,7636,7636,17536,12922,44855,6620,117797,120315,94
28,São Carlos do Pinhal,4411,4411,9068,8922,28433,2738,76171,76772,31
29,Masp,7089,7089,13251,4904,45411,2916,94938,94788,57
30,Higienópolis,9038,9197,19455,3796,18583,7884,63115,62730,68
31,Vila Buarque,11259,11259,20034,37088,27102,5014,119032,119388,90
32,Consolação,4590,4590,8556,15091,48237,2587,112133,112552,57
33,Pacaembu,587,587,1839,541,3126,865,6929,6927,90
34,FAAP,3191,3191,7556,5443,9965,3655,31857,32883,74
35,Santa Cecília,19105,19105,40032,8462,35793,6481,114335,112257,144
36,Marechal Deodoro,18909,19001,43094,11004,33133,11359,112648,112542,142
37,Rudge,1525,1525,4607,2544,19020,1119,33774,33551,85
38,Catumbi,1074,1095,3786,2263,5130,747,12175,12154,81
39,Belém,3087,3087,9357,3216,8952,2039,27108,25582,161
40,Quarta Parada,2593,2593,7878,5999,17654,1381,42266,42954,127
41,Belenzinho,7268,7452,22051,7724,24408,4258,81301,80984,180
42,Celso Garcia,1537,1537,5328,385,8745,431,29355,29252,64
43,Mooca,10102,10102,27958,37812,23692,8922,109332,110112,272
44,Alto da Mooca,6583,6583,18350,4064,18042,4607,60317,61151,142
45,Parque da Mooca,11979,11979,33271,5703,33482,12166,98720,97369,381
46,Água Rasa,12267,12883,36270,9682,16582,7619,71850,70873,316
47,Vila Bertioga,8194,8194,23003,2050,11977,9052,43442,43355,195
48,Regente Feijó,8524,8524,23924,5798,14867,6105,49161,48902,204
49,Ana Rosa,5876,5876,13386,6182,20009,3929,60199,60827,94
50,Jardim da Glória,3276,3276,8896,1651,1845,3574,16802,16889,88
51,Chácara Klabin,6123,6123,16085,2587,7165,4664,29960,29887,98
52,Vila Mariana,4576,4576,10145,7768,14736,4789,41976,40952,60
53,Santa Cruz,5140,5140,13293,9056,23052,5271,65778,66981,109
54,Vila Clementino,3902,3902,8715,4283,29725,2868,89898,91571,94
55,França Pinto,6384,6384,15518,10615,15678,6203,50466,51186,112
56,Rodrigues Alves,9697,9896,21617,9888,22143,5907,76853,77327,104
57,Paraíso,10462,10462,24334,4745,45145,9245,110615,111326,96
58,Bosque da Saúde,12094,12094,30779,3320,16428,12205,55639,55562,170
59,Saúde,20718,20718,52745,15870,31651,13546,164461,164995,261
60,Planalto Paulista,8102,8316,22059,4252,15388,8597,69348,68318,322
61,Mirandópolis,12065,12065,28100,13448,18735,10220,76081,76112,173
62,Parque Ibirapuera,1993,1993,4565,652,19995,2086,48737,48606,284
63,Jardim Luzitânia,635,635,2099,1271,12650,922,38144,37065,103
64,Moema,14875,14875,33386,3990,41272,15218,104606,106168,175
65,Vila Helena,11980,11980,26860,9630,17556,15423,68331,68562,105
66,Bandeirantes,4813,4813,10923,3581,22527,5858,59938,60912,133
67,Vila Nova Conceição,4445,4445,10574,1151,8765,4642,32705,32633,112
68,Chácara Itaim,12783,12783,27460,6213,73566,11339,171851,171156,204
69,Vila Olímpia,4948,4948,10021,2981,23463,4451,60726,60725,90
70,Hélio Pelegrino,5369,5369,11703,10184,20324,6418,54596,55146,103
71,Brooklin,11745,11745,28443,3257,20615,12439,66696,66382,234
72,Vila Cordeiro,3919,3919,10092,9615,24450,3856,60937,61040,177
73,Berrini,3768,3768,8758,920,97733,2820,181295,181206,197
74,Campinas,6131,6131,12765,3250,36233,5494,76617,76247,49
75,Pamplona,6836,6836,14277,1979,12564,7612,42750,42545,51
76,Jardins,4291,4291,10908,1218,23679,5685,50711,50644,238
77,Clínicas,10526,10526,21006,6901,38950,7640,95986,95297,129
78,Oscar Freire,9508,9508,20776,457,24932,7501,58220,58334,100
79,Trianon,5110,5110,10690,5602,46194,4587,125391,125692,60
80,Jardim Paulistano,9193,9193,19691,3522,27553,6524,80848,81175,99
81,Jardim Europa,4839,4839,12650,697,41641,6976,87421,87756,308
82,Pinheiros,4937,4937,11262,12715,75074,3252,163842,164357,203
83,Vila Madalena,9703,9703,22275,5506,27801,8227,90156,90207,219
84,PUC,7094,7094,16557,9527,12763,6905,54588,54705,73
85,Cardoso de Almeida,1837,1837,5033,2171,3259,2500,20367,20350,63
86,Zequinha de Abreu,1564,1564,3729,529,3903,1241,10328,10246,50
87,Sumaré,6893,6893,16354,2774,10844,6241,44504,44601,139
88,Perdizes,18965,18965,45356,5280,24113,15820,103953,104612,168
89,Vila Anglo Brasileira,5505,5505,13993,660,5442,5443,20619,20846,79
90,Pompéia,5667,5667,13232,2745,9741,5543,45063,45059,60
91,Santa Marina,677,677,2350,18915,24396,351,61475,62315,295
92,Barra Funda,107,107,324,1078,12925,77,31517,30813,118
93,Francisco Matarazzo,3844,3844,9032,56838,30495,2946,119917,118685,105
94,Água Branca,1660,1660,3993,4180,19561,1300,53823,53673,71
95,Vila Beatriz,6941,6941,17657,3871,9649,7406,42510,42411,184
96,Alto de Pinheiros,2370,2370,7211,3765,11979,3355,33927,33761,253
97,Boaçava,6266,6266,16610,1638,13939,7688,43776,43380,314
98,Vila Anastácio,910,910,2452,839,8500,568,15802,15872,165
99,Lapa de Baixo,3023,3174,8120,1790,22936,2429,43636,43479,243
100,Lapa,7394,7394,19354,17373,40417,5698,149671,149661,225
101,Vila Ipojuca,8354,8354,21858,3688,10991,6746,47543,46915,168
102,Alto da Lapa,4763,4805,12643,3137,8176,6115,31747,32175,160
103,Gavião Peixoto,889,889,2622,1713,2922,875,11489,11593,69
104,Bela Aliança,2764,2764,7064,3221,3617,3777,17969,17846,71
105,Vila Hamburguesa,5319,5319,14439,6369,16513,6959,47705,48599,149
106,CEASA,1103,1103,3921,54,20954,319,30809,31592,198
107,Vila Leopoldina,5816,5816,15213,9141,12845,6395,50269,50328,92
108,Emissário,1117,1144,3451,393,15544,674,25830,26140,191
109,Vila Zatt,39388,39388,120118,23983,34385,25736,180626,182060,1220
110,Pirituba,18164,18164,50451,10863,17121,11395,90592,91545,489
111,São Domingos,17781,17781,50923,8321,17727,12680,83425,84136,582
112,Jardim Mutinga,11058,11058,35152,5570,13884,6008,58622,57527,412
113,Vila Jaguara,8078,8078,24154,7036,18372,7529,57544,57575,454
114,Parque do Jaraguá,0,0,0,0,211,0,239,239,489
115,Nova Jaraguá,15147,15147,49094,13205,12785,7319,69992,69930,778
116,Parada de Taipas,49541,49990,157907,42259,32183,26621,240275,239599,1553
117,Parque Morro Doce,21235,21514,64095,12209,16538,11299,59858,60161,1527
118,Anhanguera,5392,5392,16752,3387,4007,4078,21676,22055,1813
119,Perus,26735,26735,87246,24446,13969,13252,110913,111879,2369
120,Vista Alegre,0,0,0,0,0,0,0,0,742
121,Jardim Damasceno,27338,27338,90273,14285,15691,12058,94657,94615,574
122,Vila Souza,15428,15428,49953,8100,9610,5885,72394,72941,221
123,Vila Terezinha,22608,23423,73066,12035,9608,7814,84918,84004,251
124,Brasilândia,21393,21393,64866,20521,17658,12274,128769,130234,318
125,Vila Morro Grande,17246,17573,52600,11264,12370,9401,80135,80144,413
126,Itaberaba,11011,11011,34079,5963,12030,9404,71928,71873,207
127,Freguesia do Ó,18734,18734,53941,12872,19889,14962,128457,128145,486
128,Carandiru,674,674,1794,3438,13692,420,35899,35757,38
129,Santana,1769,1769,4596,3754,14458,1101,62381,62718,54
130,Zaki Narchi,909,909,3274,934,3859,258,9669,9662,71
131,Tietê,433,433,1227,4405,10907,239,32353,32060,79
132,Parque Anhembi,0,0,0,2324,3871,0,14652,14874,314
133,Alfredo Pujol,13684,13684,36442,8596,20366,11400,91464,92117,215
134,Santa Terezinha,10038,10038,28827,9580,14706,8768,74018,72693,251
135,Jardim São Paulo,13643,15632,38163,8503,17445,9480,83855,83665,291
136,Casa Verde,11225,11225,32570,10752,23471,8835,90249,90271,325
137,Parque Peruche,17062,17062,53439,7935,20887,11768,106219,106878,392
138,Limão,2395,2440,7855,1290,12057,1466,33392,34557,172
139,Jardim Primavera,8140,8140,24309,6250,14168,4938,62094,63023,193
140,Vila Santa Maria,15199,15199,47391,11154,16237,8582,90857,89826,278
141,Cachoeirinha,26057,26621,79276,20536,21853,16038,160498,160705,479
142,Jardim Peri,20266,20266,66324,6352,17674,10024,97862,98199,444
143,Reserva da Cantareira,0,0,0,0,0,0,0,0,437
144,Mandaqui,36483,36483,104526,11677,30090,29568,163855,163687,552
145,Horto Florestal,1504,1575,4480,3544,2392,1398,19530,20272,342
146,ETA Guaraú,0,0,0,0,0,0,0,0,429
147,Parque Palmas do Tremembé,10874,10874,33902,4625,13311,8915,73489,72374,407
148,Tremembé,7809,7809,22869,6903,7836,4431,48887,48864,332
149,Cantareira,0,0,0,0,68,0,428,428,2886
150,Jardim das Pedras,15291,15291,51558,7628,10269,6703,62178,63545,1609
151,Jardim Guapira,33624,33624,109629,15201,21011,16770,179033,179178,549
152,Parada Inglesa,12154,12154,35169,12759,14573,6875,79982,79456,243
153,Tucuruvi,5703,5703,16284,8218,10765,5640,41115,41426,359
154,Vila Gustavo,15797,15797,45465,9330,17162,13605,101086,100300,346
155,Cohab Jova Real,9265,9265,32242,3982,6320,4587,42598,42604,255
156,Jaçanã,14464,14464,43910,12216,17611,11083,88608,88273,386
157,Parque Edu Chaves,6230,6230,19629,4884,6985,2576,34206,34594,110
158,Vila Medeiros,19961,19961,60459,8069,7928,9458,74903,75869,335
159,Jardim Brasil,20206,20206,64171,9562,29203,10555,101954,100394,454
160,Jardim Japão,17245,17245,50672,6996,12697,11537,55473,53498,396
161,Parque Novo Mundo,14724,14724,47297,6425,33206,8274,122575,121963,551
162,Vila Maria,5467,5467,15842,22073,17823,3457,68261,68767,234
163,Vila Isolina Mazzei,16125,16125,47519,6509,17319,13020,96569,97522,380
164,Vila Guilherme,1879,1879,5849,2435,10506,1182,25920,25735,171
165,Coroa,1075,1075,3184,3965,14333,603,37176,37562,174
166,Gomes Cardim,12310,12310,32876,22803,30353,10289,120136,119328,243
167,Tatuapé,6493,6493,17440,8719,37493,6142,116962,118134,157
168,Chácara do Piqueri,8579,8579,22502,7413,22159,6533,74134,74079,199
169,Parque São Jorge,8157,8157,22460,44340,19028,8769,86022,87276,252
170,Penha,11594,11594,34693,12887,19867,7112,97701,97305,384
171,Tiquatira,14372,14372,40666,7653,14810,9459,81281,81162,324
172,Vila Esperança,9253,9253,26788,6530,11408,6818,52567,51976,229
173,Vila Ré,8982,8982,26818,4996,9021,4730,45559,45117,208
174,Rui Barbosa,15839,16194,48886,14856,10106,8475,86239,86039,271
175,Estação Eng. Goulart,9796,9796,31792,3691,10075,4999,60535,60150,193
176,Cangaíba,15645,15645,46828,8936,18677,9847,58384,58503,334
177,Parque Ecológico do Tietê,3023,3249,10184,538,1894,1260,14347,13932,531
178,USP Leste I,0,0,0,2954,1289,0,3889,3949,50
179,USP Leste II,0,0,0,0,0,0,0,0,123
180,Ermelino Matarazzo,22958,23550,71109,11591,14445,17403,120369,119763,449
181,Parque Buturussu,15110,15575,46600,12626,12719,9224,79906,82542,372
182,Ponte Rasa,15499,15499,46946,9526,17054,11945,63922,65454,365
183,Burgo Paulista,13918,13918,43659,12608,7808,8787,68115,67707,292
184,Limoeiro,7929,8241,24724,2912,4977,4528,42955,42912,143
185,Laranja da China,9672,9672,29129,4836,5015,4831,29802,29892,132
186,Pedro José Nunes,3860,4195,11747,2426,2654,2730,17714,17385,86
187,Parque Cruzeiro do Sul,15290,15290,48263,8887,9959,6777,62944,63153,250
188,Vila Jacuí,10432,10432,31082,30034,8299,6965,76950,77160,212
189,Parada XV,16044,16044,48725,13114,10694,8411,90505,91951,324
190,Itaquera,10820,10820,33748,13850,15390,8099,84631,83667,283
191,Arena Corinthians,0,0,0,3030,8687,0,28462,28375,140
192,Vila Campanela,11982,12491,38953,7253,9378,9074,51718,51557,231
193,Araucárias,7568,7786,25665,3255,6585,3584,37255,37255,130
194,Parque Guarani,7687,7687,25845,7582,4852,3777,33942,34318,126
195,Rio Verde,12109,12109,37047,6148,6255,6687,48318,48275,239
196,Saudade,11087,11194,35990,7915,8339,4584,50956,50650,207
197,São Miguel Paulista,7580,7686,24124,8538,7763,4276,50242,49810,303
198,Cidade Nitro0Operária,9489,9489,29485,11234,23934,5557,101522,101799,358
199,Jardim Helena,30922,31605,101750,22636,20669,20326,165444,163571,685
200,Jardim Romano,10206,10402,33296,5687,9162,6295,52723,52682,231
201,Vila Curuçá,23994,23994,74667,23127,16619,11507,139756,140876,503
202,Jardim Robru,24524,24524,77630,16090,11471,14011,95190,94266,449
203,Lageado,17865,18029,57057,10532,8840,8381,70238,69979,277
204,Fábrica Bandeirantes,35694,36110,115079,25583,22880,15965,168827,167122,615
205,Fazenda Itaim,33135,33484,107393,19520,22273,16982,146698,146132,462
206,Itaim Paulista,15181,15181,45915,15804,15898,5533,101484,101054,302
207,Jardim das Oliveiras,24675,24675,79026,16946,16008,11138,130680,130223,460
208,Vila Califórnia,14706,14706,42519,9758,28842,11270,99972,100492,340
209,Vila Carrão,14211,14211,42192,9824,12920,12758,81109,80743,440
210,Jardim Anália Franco,11186,11186,32170,20400,20561,10226,92162,94631,334
211,Vila Formosa,20726,20726,62162,4729,20496,14894,110104,111367,417
212,Barreira Grande,13676,13676,42022,8951,8750,4772,54320,54433,280
213,Aricanduva,14589,14589,44558,10422,21845,11265,86223,86003,406
214,Frei Mont'Alverne,8764,8764,26032,12109,12390,4739,51074,52448,225
215,Vila Matilde,13295,13295,39195,8214,18172,7490,73482,74385,330
216,Cidade Patriarca,13478,13478,40288,11045,12417,7203,69576,70143,337
217,Cidade A.E.Carvalho,11042,11291,33081,7916,10832,7415,64014,64451,266
218,Artur Alvim,23556,23556,68334,14861,18624,12883,135557,135389,387
219,Cidade Líder,17615,17615,54475,8181,17175,10041,92558,92677,348
220,Santa Marcelina,11001,11728,34510,7238,10732,9290,63230,63154,266
221,Parque Savoy,14154,14154,44416,10126,17769,10192,89533,90184,445
222,Vila Carmosina,14493,15229,44512,8774,16764,12347,78105,78807,344
223,Fazenda Caguaçu,8356,8356,26492,3371,10752,5114,42056,41062,440
224,Parque do Carmo,0,0,0,4257,1818,0,12672,12683,777
225,Gleba do Pêssego,10178,10178,31818,6822,11991,6039,52438,52215,1028
226,José Bonifácio,34499,34499,102278,26114,20670,18485,175800,175398,417
227,Guaianases,20519,20519,63969,15098,15793,11502,91367,91148,472
228,Juscelino Kubitschek,14012,14154,44320,8074,8814,5365,59400,60518,419
229,Cidade Tiradentes,48217,48531,152866,39971,31893,17541,245669,246269,954
230,Santa Etelvina,25065,25719,77122,23503,13952,10109,121194,119151,541
231,Terceira Divisão,10869,10869,35298,6105,8258,5881,50016,49474,1131
232,Iguatemi,13059,13059,42214,13531,9556,7739,74969,75002,504
233,Sítio Carrãozinho,20823,20823,67261,13232,16657,9994,94449,94544,323
234,Parque São Rafael,21512,21512,70826,15195,17140,7553,105669,105363,737
235,Rodolfo Pirani,27246,27246,85409,10109,23823,18275,101225,101100,566
236,Ipiranga,4707,4707,12057,5439,10921,3846,42348,42469,92
237,Sacomã,3078,3078,8175,1104,11761,2143,48080,47304,90
238,Alto do Ipiranga,6987,6987,19260,3209,11313,4666,43596,43749,161
239,Vila São José,5668,5668,15480,16019,17557,4735,80949,81207,178
240,Vila Monumento,7240,7240,19389,4597,19037,6189,55955,56191,165
241,Vila Independência,3516,3516,9672,1875,12369,2222,30083,29568,170
242,Vila Carioca,8705,8705,27112,1670,12535,3447,52620,52063,249
243,Moinho Velho,16838,16838,44779,16802,20213,11320,93674,93649,347
244,Vila Heliópolis,20262,22131,62304,3408,10433,9932,111032,110313,233
245,São João Clímaco,8652,8652,24591,1694,6731,4887,32796,33128,198
246,Anchieta,10426,10426,29973,13017,7199,7880,46890,46925,217
247,Vila das Mercês,33838,33838,98763,17109,21051,19619,199361,200304,469
248,Parque do Estado,0,0,0,0,2132,0,5983,5983,445
249,Água Funda,15186,15186,46815,4704,14681,8359,64729,64766,276
250,Jardim da Saúde,6759,6759,19179,3402,13101,5774,46419,46381,183
251,Vila Gumercindo,9142,9142,24384,7736,11653,7615,38478,39433,137
252,Jardim Previdência,7598,7598,22489,3832,11661,5223,44948,44591,166
253,Tamanduateí,1562,1562,5068,227,6955,574,13221,13139,113
254,Orfanato,12252,12252,34074,26826,22117,10150,105170,105744,354
255,Vila Zelina,22919,22919,65501,12827,21020,20963,129760,129208,493
256,Linhas Corrente,10272,10272,29469,4469,9469,7053,43340,42531,252
257,Vila Ema,15149,15149,44120,6081,8153,9655,60173,60096,267
258,Parque São Lucas,23421,23988,69365,10680,15986,15628,94559,94003,450
259,Vila Cardoso Franco,12351,12351,37944,4461,10758,7650,48732,48580,164
260,Parque Santa Madalena,14948,14948,46025,6144,8903,6653,56969,56645,205
261,Jardim Colorado,18514,18514,56316,7100,12018,13441,84470,84449,320
262,Teotônio Vilela,27256,27256,85182,10306,19292,12785,114372,114352,346
263,Fazenda da Juta,19766,19766,63212,14589,15372,11387,116249,115682,330
264,São Mateus,21428,21902,66948,9921,21738,15695,108178,109373,428
265,Cidade IV Centenário,14388,14388,44247,17994,15856,8886,99937,100188,333
266,Rio Claro,6094,6094,18759,4008,6405,2256,22129,21986,218
267,Cidade Satélite,8159,8159,25209,9539,10250,5457,54660,54844,300
268,Joaquim Nabuco,4976,5002,13975,2803,11067,5224,39785,39785,198
269,Vieira de Moraes,8526,8526,21459,2470,18354,10426,67022,66337,171
270,Campo Belo,3668,3668,9294,1755,9812,4139,27524,27473,139
271,Congonhas,0,0,0,139,13426,0,22796,22402,179
272,Jardim Aeroporto,7134,7134,19506,3554,13028,5875,41280,41859,199
273,Vila Santa Catarina,21766,21766,61476,7720,27078,16786,118441,119859,326
274,Jabaquara,13238,13238,35826,11567,34389,12529,135926,134492,289
275,Cidade Vargas,14450,14450,38239,12671,24388,11997,113179,112412,347
276,Jardim Bom Clima,29889,30453,92605,12335,23391,19581,159942,160341,446
277,Cupecê,20573,20785,59452,18697,26289,18642,124162,124376,417
278,Jardim Miriam,44813,44993,138839,22532,21666,19502,209678,209824,514
279,Vila Missionária,26669,27460,83502,8626,17839,7936,102021,101768,295
280,Jurubatuba,7300,7300,20114,11245,28167,6565,78495,78829,483
281,Vila São Pedro,14777,14960,41022,9524,19470,15750,85019,85232,313
282,Campo Grande,11639,11749,33790,10041,22802,9296,86888,86725,272
283,Vila Sabará,3847,3847,10684,673,3689,2840,19202,19204,235
284,Mar Paulista,16660,16660,51001,14011,13017,9405,81974,82308,549
285,Pedreira,34131,34131,106280,19409,27386,12170,169615,170041,1303
286,Vila Socorro,3296,3353,9119,4957,19341,2167,50861,50509,293
287,Parque Interlagos,9172,9357,27277,7657,14732,8770,70743,69619,936
288,Jardim Represa,7074,7074,21830,13030,8850,2541,49835,50035,784
289,Rio Bonito,15255,15255,47549,12315,21065,10137,94814,95685,496
290,SESC Interlagos,17283,17283,56065,8959,9715,7440,89885,90077,736
291,Jardim Presidente,24259,24259,75809,20928,18070,16338,133199,132646,763
292,Vila Natal,20493,20493,65633,13900,10647,9126,100460,98255,415
293,Grajaú,27744,28086,86031,20206,27179,16369,146103,145393,541
294,Cocaia,35333,35333,113477,27666,15060,8700,170092,170081,1093
295,Belmira Marin,35636,36044,114180,26972,19585,22070,169462,169379,1237
296,Bororé,1285,1285,4148,2107,1597,254,9045,8973,5993
297,Jaceguava,951,951,2907,357,798,1150,4098,4333,3513
298,Parelheiros,44913,45387,145648,42621,27668,16043,220424,220190,11667
299,Marsilac,2621,2621,8363,882,2186,1672,10429,10131,20796
300,Granja Julieta,13227,13439,34905,35867,101042,14757,268798,270427,617
301,Chácara Flora,4266,4266,12483,4648,18234,6048,50386,49919,452
302,Santo Amaro,5985,5985,16387,19234,29702,6176,119538,120132,257
303,Vila Miranda,3681,3681,10325,50942,28697,2825,131372,131886,271
304,Jardim São Luís,26276,26276,78638,23331,34830,14886,162940,164567,408
305,Centro Empresarial,42922,44026,127291,30107,26283,20784,207592,206277,675
306,Guarapiranga,27655,28410,82209,12492,19288,8033,100713,100781,1513
307,Jardim Capela,32819,32819,104416,19846,24146,20550,146468,145935,2022
308,Riviera,13756,13756,41879,16545,8285,1694,60820,61416,799
309,Jardim Turquesa,21403,21551,65732,11781,12417,10542,78440,78526,283
310,Morro do Índio,9523,9523,28295,4385,8290,2459,28733,29144,115
311,Jardim Ângela,29658,29658,88536,24466,16565,11419,150206,152762,464
312,Capão Redondo,13118,13118,38307,19056,14728,9331,93983,93332,219
313,Jardim Sônia Ingá,8080,8080,24266,8776,5067,4560,45307,45544,105
314,Adventista,34690,34690,105255,34577,27777,12617,186306,186290,545
315,Parque Fernanda,39699,39864,122442,21275,31102,14758,175072,174827,512
316,Morumbi,5711,5711,15560,5527,13918,7732,47001,47729,271
317,Jóquei Clube,1306,1328,4306,1077,7718,2234,18368,17372,333
318,Fazenda Morumbi,7597,7597,22908,2224,13046,5237,47831,48146,321
319,Real Parque,3036,3036,9015,5351,20404,3690,39853,40061,223
320,Paraisópolis,24784,24784,73861,12444,12102,7876,100266,99948,362
321,Jardim Vitória Régia,15862,15862,42795,8125,23345,24226,100031,99828,370
322,Vila Suzana,14938,14938,39440,8490,20775,17032,83449,82279,301
323,Parque Arariba,21065,21612,62710,12215,10988,14417,96394,96128,347
324,Jardim Mitsutani,23063,23063,71351,17783,22540,8929,97554,97998,349
325,Pirajussara,13085,13514,40057,17381,11289,7520,87923,88567,270
326,Jardim Umarizal,16960,16960,51055,9380,11396,9724,65954,64076,295
327,Portal do Morumbi,6588,6588,19723,1141,6535,8048,31616,31760,151
328,Jardim Jussara,8183,8183,22657,6690,15235,10664,51627,53169,232
329,Vila Sônia,11903,11903,34406,8788,21336,10781,89906,90098,348
330,Jardim Maria do Carmo,13529,13529,42282,4377,13889,9585,63434,63833,278
331,Jardim Cambará,13529,13529,42177,7814,13167,8961,70202,70125,480
332,Jardim João XXIII,13702,13883,43732,13015,13304,9738,81663,81806,468
333,Raposo Tavares,6690,6690,19965,3844,8580,4697,34489,34495,271
334,Rio Pequeno,12117,12117,36683,8249,15381,5576,68189,68377,246
335,Jardim Ester Yolanda,13398,13398,40378,7018,10114,9799,68772,68967,265
336,Jardim Adalgiza,14943,14943,45585,4163,10317,10310,60761,60524,467
337,Parque Continental,8657,8657,22537,6371,15255,7465,52312,52854,226
338,Jaguaré,10529,10529,31544,6387,21707,5196,71443,71115,430
339,Cidade Universitária,0,0,0,54277,26885,0,89704,89645,585
340,Butantã,2847,3066,7738,1836,13603,3096,39506,39510,207
341,Jardim Caxingui,3866,3866,10541,3726,8790,3064,30016,29662,180
342,Jardim Bonfiglioli,12797,12797,35707,5298,14867,10932,69660,69710,320
343,Melhoramentos,1181,1181,3577,98,575,969,3799,3779,2875
344,Caieiras,17209,17209,52690,13625,28005,10600,109204,109450,1990
345,Serpa,13002,13002,41146,7969,9840,5771,38674,38674,691
346,Santa Inês,0,0,0,0,379,0,125,125,4081
347,Cajamar,22993,23599,69567,16610,27941,19953,118233,118149,4856
348,Jordanésia,1657,1700,5011,501,2795,1415,9150,9060,8308
349,Cristais,0,0,0,0,258,0,292,292,4252
350,Baltazar Fidélis,21377,21377,71944,11947,9827,11360,64961,63965,2505
351,Franco da Rocha,22744,25228,75681,19215,15226,13510,117117,116458,1418
352,Parque do Juqueri,0,0,0,0,4933,0,6833,7507,2551
353,Palmares,0,0,0,0,476,0,379,379,2721
354,Sete Voltas,0,0,0,0,435,0,493,493,560
355,Afonso Moreno,19075,19075,58624,12867,17616,10262,87804,87401,745
356,Francisco Morato,33388,33388,105824,24730,14311,11936,131633,131110,1857
357,Cascatas,1621,1621,5222,823,791,498,4794,4779,1758
358,Mairiporã,13692,13692,43904,8692,14358,8543,55285,54688,4886
359,Paiva Castro,5629,5629,17805,1991,8251,3452,24556,24396,6751
360,Colinas,5732,5732,18078,3170,9922,3786,27205,27358,5553
361,Pirucaia,4295,4295,14906,2005,4835,2606,16341,16565,14954
362,Guarulhos,5117,5117,13285,27709,30264,4569,121603,121219,164
363,Macedo,14881,14881,41525,16354,34785,10150,127463,128781,382
364,Cumbica,4172,4172,13419,1444,27065,1879,42524,42888,689
365,Várzea do Palácio,1619,1619,4709,321,16453,1179,25788,24519,647
366,Ponte Grande,10971,10971,31525,6935,37649,9715,97909,96567,875
367,Gopouva,10201,10201,27784,4988,11391,9060,50310,49926,202
368,Vila São Rafael,17772,17772,52057,13385,20825,8086,92874,92984,401
369,Vila Rosália,18787,18787,55983,18053,21185,15888,114853,114737,435
370,André Luiz,29204,29976,85786,20712,32461,25853,160750,160603,580
371,Jardim Santa Clara,24919,24919,75496,16348,9977,21007,105695,106022,463
372,Parque CECAP,22385,22999,66738,12560,13916,14166,102370,102505,472
373,Taboão,21779,21779,70679,20520,20587,15589,144842,145010,529
374,Aeroporto,0,0,0,0,17786,0,40916,37109,1325
375,Jardim Presidente Dutra,27319,27319,87689,18528,31780,15230,127979,128211,892
376,Baquirivu,12773,14426,40452,12172,19818,8882,92450,93922,1046
377,Água Chata,57841,57841,187611,44792,56986,35992,364741,364271,2423
378,Pimentas,31063,31063,98639,18832,38668,18916,133417,132335,1686
379,Cabuçu,19028,19028,60116,8688,13236,10729,91141,91261,752
380,Invernada,31384,32107,104648,22066,17487,10296,137191,136592,2195
381,Morro dos Macacos,0,0,0,0,0,0,0,0,3533
382,Chácaras Bananal,30358,32918,98771,19455,18545,15418,178041,178819,1816
383,Estrada de Nazaré Paulista,23448,23448,76801,19291,14758,9772,109919,110384,1215
384,Água Azul,8952,9547,28884,6181,9038,4885,49910,49538,3389
385,Vasconcelândia,0,0,0,0,452,0,844,844,5830
386,Arujazinho,1165,1165,3894,1071,4159,675,10029,10163,4190
387,Arujá,23499,24203,76091,19391,30542,14040,131530,128976,3194
388,Fazenda Velha,1972,1972,6394,1105,3181,1119,9972,10237,2249
389,Santa Isabel,13237,13840,40477,8257,16906,5989,76350,76863,3990
390,Jaguari,4528,4977,13603,969,2720,1961,16384,15756,32425
391,Ferraz de Vasconcelos,26622,26622,82616,23663,19107,15459,109136,112579,991
392,Paiol Velho,0,0,0,0,485,0,978,978,1027
393,Santos Dumont,33179,33179,104804,18238,24782,17045,145005,141809,945
394,Jardim São José,6077,6143,20039,2940,4019,3596,34263,34891,408
395,Poá,29554,29554,93455,26399,30491,12069,147730,147690,1322
396,Itaquaquecetuba,33408,33408,106623,23755,29457,18311,191433,191185,1133
397,Quinta da Boa Vista,22478,22802,71598,22310,24159,4877,117372,118377,1420
398,Bonsucesso,34453,34453,110433,23066,23415,18478,151278,151592,3076
399,Pinheirinho,21759,21759,70563,13018,11849,7927,78385,77878,2651
400,Miguel Badra,33931,33931,111948,20289,31750,14413,164405,165432,3271
401,Suzano,43772,43772,136108,43724,54715,25266,304051,303347,3452
402,Guaió,6383,6383,20755,4660,5380,4654,29496,29496,8721
403,Ouro Fino,4788,4788,15737,2382,3908,2425,23150,23156,5223
404,Mogi das Cruzes,30232,30232,87648,34734,50733,18321,246083,245742,1358
405,Estudantes,12462,12462,33892,17327,19180,9719,78612,78506,996
406,Vila Oliveira,11713,11847,35118,15660,22451,9197,92525,92262,2915
407,Brás Cubas,35835,35835,113997,24558,28756,24752,194155,194103,2148
408,Jundiapeba,14440,14440,47561,8685,16277,5881,64941,66207,2375
409,Jardim Graziella,5121,5121,16794,3365,3981,2516,24702,24751,3986
410,Itapeti,2996,2996,9392,1328,6309,1257,16628,16522,15937
411,Sabaúna,4722,4722,15365,3022,5266,3334,24487,24606,4423
412,César de Souza,11986,11986,36330,7345,11214,8567,54898,55292,2933
413,Taiaçupeba,8124,8124,26705,6350,6169,5157,36469,36469,34359
414,Biritiba0Mirim,9984,10574,31477,6826,9193,6171,55225,55134,31813
415,Salesópolis,5233,5233,16559,3854,3800,2796,31693,32178,42597
416,Guararema,9154,9154,28601,6668,10201,7164,46774,46774,27144
417,Santa Paula,16181,16181,43769,11337,24229,13023,111088,110766,295
418,Vila Gerti,17887,17887,50488,16392,14178,13155,92138,91972,380
419,Estrada das Lágrimas,12922,12922,37411,17108,17915,8103,95037,94896,360
420,Santo Antônio,1527,1527,4460,600,9106,892,19182,19202,134
421,São Caetano do Sul,5083,5083,14828,10063,39406,3875,79322,79502,368
422,Santo André,21667,21667,55759,56298,82692,23294,335586,336064,795
423,Vila Gilda,11305,11305,31451,5901,9690,10045,48982,49039,292
424,Valparaíso,8297,8297,23802,11961,10901,5144,47965,47251,247
425,Sacadura Cabral,8753,8753,26843,2339,6881,3423,37229,37229,180
426,Campestre,7219,7219,19642,13087,16190,7487,50356,50159,287
427,Utinga,14883,14883,41926,8752,16511,9781,72338,72371,566
428,Vila Lucinda,18049,18259,51991,14097,12175,13704,90994,90791,458
429,Parque Oratório,19752,19752,59712,9937,16059,20585,100723,101046,579
430,Parque das Nações,13591,13591,40870,6185,12529,5082,67809,68141,528
431,Jardim do Estádio,35635,35635,105758,15101,32501,31133,182665,182335,1142
432,Carijós,37829,37829,111442,17295,35764,32187,182026,182381,914
433,Parque do Pedroso,36762,36762,117905,15823,19948,17819,140093,139039,3165
434,Paranapiacaba,897,913,3039,96,1294,506,6371,6226,8465
435,Capuava,11895,11895,34164,4851,32784,10103,76102,76231,1957
436,Mauá,44489,44489,127883,44340,57134,30162,262717,262833,1131
437,Jardim Zaíra,53569,53569,167856,28929,37171,25112,231013,233322,1240
438,Barão de Mauá,31777,31777,95761,21289,20362,18765,123249,122393,605
439,Estrada do Carneiro,8016,8016,25272,494,2892,5468,26567,26491,1268
440,Ribeirão Pires,26817,26817,81235,20738,32150,14919,176418,176395,5257
441,Jardim Santa Luzia,7391,7391,22824,3356,3384,5911,26523,26892,2520
442,Ouro Fino Paulista,4443,4443,13728,1742,3680,3533,18232,18622,2156
443,Parque Sete Pontes,4249,4249,12913,2174,2849,1921,14438,14479,1886
444,Rio Grande da Serra,11981,11981,35592,10535,5631,4317,47291,47465,1756
445,Planalto,32864,32864,95482,26074,37658,30434,177986,177778,1109
446,Paulicéia,19333,19333,54988,11306,36776,16730,117564,117276,805
447,Rudge Ramos,16925,16925,44474,24166,25064,16988,104527,105037,471
448,Baeta Neves,17233,17233,45474,23772,31487,15799,138770,139750,536
449,São Bernardo do Campo,25516,25516,67205,34751,71661,27568,252676,252354,743
450,Montanhão,56186,56186,172260,26092,42536,32374,250264,249938,1055
451,Demarchi,34615,34615,102171,21348,40124,24786,165816,166085,1059
452,Riacho Grande,14345,14345,47137,9892,11361,10567,61053,60989,3065
453,Caminho do Mar,9714,9714,30620,4584,6289,8687,34445,34557,28152
454,Reservatório Billings,45433,45433,142929,19885,47129,30591,225931,225344,4043
455,Diadema,20135,20135,57426,31917,45431,10073,178702,179318,493
456,Jardim das Nações,33239,33239,99606,19546,31948,19280,166649,167040,591
457,Piraporinha,35119,35119,107955,21289,50649,16804,183740,183802,764
458,Vila Conceição,20364,20364,61243,7560,19427,8689,92108,92299,371
459,Eldorado,24324,24324,74517,19417,13101,7527,83883,82584,867
460,Taboão da Serra,20200,20678,59135,23166,33351,18625,124323,124760,527
461,Jardim Irapuã,15849,15849,48079,8022,14889,9630,78318,77726,407
462,Parque Pinheiros,31321,31321,100971,16326,17793,17458,147085,148629,723
463,Parque Industrial,20619,20619,66834,18521,18392,9732,117019,114543,386
464,Santo Eduardo,23135,23135,72698,17328,16507,13401,116762,115711,319
465,São Marcos,35640,37367,116026,27077,16162,28797,186860,186180,1868
466,Embu das Artes,17536,17536,55726,20377,38483,7963,137721,137821,1469
467,Ressaca,6294,6294,19597,3940,10787,5089,32979,33095,3399
468,Itapecerica da Serra,46677,46677,152618,38791,47801,24690,259992,257786,7479
469,Jardim Petrópolis,1764,1764,5258,793,1353,1696,6658,6702,4132
470,Embu0Mirim,2435,2435,7934,812,4994,1339,15227,15174,3510
471,São Lourenço da Serra,5084,5213,15205,2876,5367,3893,20143,20251,18674
472,Embu0Guaçu,12720,12720,39958,10819,14009,9885,71737,71278,7757
473,Cipó,6520,6520,20953,4449,3842,4039,25517,25446,2227
474,Santa Rita,1942,1942,5951,1412,2293,1614,8766,8838,5614
475,Juquitiba,9967,9967,29995,7154,9420,7230,43860,44217,52333
476,Barueri,27120,27120,82967,25847,49715,15788,174819,175672,1469
477,Aphaville,15104,15580,46305,22531,30826,18566,119522,117815,1201
478,Tamboré,0,0,0,2436,83769,0,127518,128635,890
479,Antônio João,0,0,0,2268,6749,0,15700,15700,594
480,Vutopoca,13422,13422,42050,12735,8529,7268,62026,62099,473
481,Jardim Silveira,20640,20640,64790,20173,19619,13508,107120,106987,312
482,Jardim Belval,6354,6354,19794,6249,11138,2854,42616,42481,350
483,Morada dos Lagos,1086,1086,3319,750,5480,1459,12005,12063,1294
484,Cidade Ariston,41988,42794,131693,18225,19730,19418,149252,149496,790
485,Carapicuíba,37827,38607,110673,36457,26287,23892,194579,193315,777
486,Jardim Planalto,21991,21991,69644,13240,18952,12734,115834,115651,422
487,Aldeia de Carapicuíba,10757,11048,33783,4740,7849,7886,42351,42727,573
488,Estrada do Jacarandá,13184,13184,43648,9917,8533,11040,67580,66769,900
489,Osasco,1724,1724,4455,12446,23774,1345,90109,90864,189
490,Vila Yara,4394,4394,11522,15643,26788,3349,73794,73665,244
491,Bussocaba City,12600,12600,36900,12135,15881,15748,73308,69546,470
492,Nova Granada,21334,21334,60262,21870,35062,19067,159327,159430,546
493,Recanto das Rosas,9151,9151,31031,3266,5591,6130,35751,35457,389
494,Jardim Novo Osasco,20615,20859,63563,8938,8284,15534,86288,84755,354
495,Jardim Veloso,38827,38827,121969,24778,24915,26068,148756,150648,679
496,Quitaúna,23961,23961,72059,11116,15902,16755,110145,111941,553
497,Jardim Piratininga,4242,4293,12790,2177,4860,3072,21929,21800,351
498,Presidente Altino,4114,4114,11600,2889,17315,2466,47188,47378,248
499,Munhoz Junior,41453,42480,129340,22302,20876,25526,159840,160212,723
500,Rochdale,15732,16768,49817,9737,16028,7703,78050,77831,366
501,Mutinga,17138,17138,51302,18616,14370,12245,95811,96262,442
502,Três Montanhas,6339,6595,20742,1994,21946,4182,46045,45940,958
503,Ribeirão Itaqui,2011,2011,5903,809,9720,1563,27045,27319,357
504,Jandira,35994,35994,106308,19189,22136,21451,149366,149295,680
505,Ribeirão das Pombas,2576,2596,7933,1559,1363,4581,10033,9962,712
506,Granja Viana,11014,11014,33261,8730,28529,12517,81392,80306,1640
507,Fernando Nobre,7443,7533,23325,3033,26013,9091,55758,55937,1977
508,Cotia,43726,43726,138853,35388,47511,32179,244647,245658,8045
509,Capueira,1700,1700,5505,686,1613,857,6891,6927,2230
510,Caucaia,0,0,0,0,52,0,0,0,10266
511,Caucaia do Alto,10831,10831,36116,7604,11173,6609,57758,57517,8316
512,Vargem Grande Paulista,15763,15763,50557,11762,17807,12278,96143,96245,4258
513,Quatro Encruzilhadas,1200,1200,3587,51,534,1364,2968,2916,2101
514,Itapevi,33436,33436,104626,21137,26505,16059,156889,158309,1070
515,Amador Bueno,38079,38079,120821,26727,25162,21339,154950,154298,5113
516,Santana de Parnaíba,41864,41864,131608,32126,48248,42320,213607,214742,18035
517,Pirapora do Bom Jesus,5614,5614,18107,3417,5143,2858,22920,22927,10877