Zona,Metro_21,Trem_21,Onibus_21,TransFre_21,TransEsc_21,DirAut_21,PassAut_21,TaxCon_21,TaxNCon_21,DiriMot_21,Moto_21,Bicicle_21,Pe_21,outr_21,coleti_22,Indivi_22,ModMot_22,ModNMot_22,TrabInd_23,TrabCom_23,TrabSer_23,Educ_23,Compr_23,Saude_23,Lazer_23,ProcEmp_23,AssPess_23,Refei_23
1,40.9,0.91,21.4,0.24,0.15,6.08,2.46,0.44,0.23,1.05,0,0.09,26.02,0.04,63.6,10.29,73.89,26.11,0.99,6.89,55.37,4.37,4.22,0.89,2.01,1.95,12.68,10.63
2,32.69,5.16,21.67,0,0.03,11.1,4.69,0.45,0.83,3.1,0.02,0.53,18.96,0.76,59.55,20.95,80.5,19.5,1.63,23.56,27.83,3.21,27.47,1.11,1.66,0.91,7.87,4.74
3,33.57,0,13.44,0,0.39,10.03,1.7,0.51,0.85,1.19,0.46,0.53,37.34,0,47.4,14.73,62.13,37.87,2.57,5.94,46.83,13.96,5.62,4.31,2.8,0.27,9.43,8.27
4,22.67,0.34,19.75,0,0.37,12.04,1.92,1.1,4.16,0.41,0,1.38,35.28,0.58,43.13,20.21,63.34,36.66,0.36,4.97,45.06,10.25,3.6,4.37,7.04,0.47,19.22,4.67
5,42.38,0.75,14.61,0,0.13,7.94,2.02,0.23,1.74,1.08,0.31,0.74,27.59,0.48,57.87,13.8,71.67,28.33,1.39,12.27,57.72,3.42,2.13,1.82,2.92,2.8,7.57,7.96
6,19.55,13.54,15.94,0,0.3,8.55,2.4,0.3,1.81,2.88,0,1.43,33.16,0.15,49.33,16.08,65.41,34.59,2.04,25.34,32.67,11.78,8.24,1.81,1.26,0,6.91,9.96
7,19.53,12.84,10.96,1.77,0.66,10.72,3.35,0.15,0.68,4.1,0.71,1.82,32.67,0.04,45.76,19.75,65.51,34.49,9.19,24.99,25.49,15.53,10.94,0.74,4.16,0,5.2,3.76
8,4.6,7.66,14.54,1.99,0.72,10.56,2.98,0.11,1.28,2.1,0,1.25,52.21,0,29.51,17.03,46.54,53.46,14.91,9.87,31.88,32.23,2.19,0.78,2.91,0.67,3.07,1.49
9,34.41,3.11,18.22,0,0.26,14.44,2.71,0,0.39,1.95,0,1.4,22.85,0.26,56,19.75,75.75,24.25,9.87,7.71,37.33,26.48,2.24,0.91,1.78,1.31,11.83,0.55
10,23.96,0,32.92,1.37,7.69,8.03,5.84,0,0.61,0.83,0,1.4,17.34,0,65.96,15.31,81.27,18.73,6.4,8.48,19.58,37.7,0.16,0.9,22.62,0,1.57,2.6
11,2.79,0.12,26.21,0,4.9,19.22,21.18,0.19,0.17,9.54,0,0.73,14.94,0,34.04,50.29,84.33,15.67,15.66,19.83,25.24,28.1,1.8,1.28,0.77,0,7.32,0
12,8.28,12.32,17.73,0.15,1.66,10.62,6.73,0,0.48,2.87,0,2.88,33.89,2.4,40.14,23.09,63.23,36.77,11.75,35.07,23.97,13.25,5.65,2.27,0.62,0.9,4.97,1.54
13,8.42,25.78,13.97,0.98,0.14,13.51,16.14,0.59,3.31,0,0,0.15,17.01,0,49.29,33.54,82.83,17.17,10.37,41.47,9.87,2.93,17.54,0.19,0.25,0.7,15.19,1.49
14,10.1,20.01,21.69,2.31,0.22,11.75,8.47,0,1.5,0.68,0.02,0.12,23.12,0,54.34,22.42,76.76,23.24,13.75,37.49,10.8,5.44,21.72,0.55,0.38,2.16,2.22,5.5
15,23.11,16.03,18.03,0,2.13,8.75,5.1,0,0,1.32,0,0.7,24.83,0,59.3,15.18,74.48,25.52,11.75,20.4,30.81,8.25,12.06,2.6,0.58,0.39,10.65,2.5
16,28.67,9.33,12.96,0,1.34,13.06,0.79,0.25,0.83,0.3,0,2.17,29.53,0.77,52.3,16.01,68.3,31.7,4.78,13.88,42.1,13.64,9.72,1.73,2.16,0.68,8.47,2.84
17,23.06,4.38,20.26,0.08,0.57,11.28,2.07,0.3,1.19,2.02,0.23,0.94,33.62,0,48.36,17.09,65.45,34.55,3.5,31.2,17.79,28.57,6.68,2.27,1.29,0,5.24,3.46
18,10.38,4.38,22.86,0.44,0.88,21.48,7.74,0.45,1.89,0.24,0,0.74,27.24,1.27,38.94,33.08,72.02,27.98,14.32,14.31,29.51,20.36,3.04,5.57,2.46,0,6.52,3.9
19,7.17,0.57,21.75,0.27,2.28,27.51,15.46,0.44,1.42,3.89,0,0.39,18.85,0,32.04,48.72,80.76,19.24,3.26,11.78,33.42,28.88,2.62,15.44,2.45,0,1.74,0.39
20,8.85,1.25,21.9,0,1.93,21.69,7.11,0.41,2.3,2.63,0,0.46,31.46,0,33.94,34.14,68.08,31.92,3.52,6.38,24.69,29.42,7.79,5.03,6.12,1.34,13.42,2.3
21,12.85,0,16.58,0,1.23,23.36,12.66,2.8,5.35,3.37,0,0.36,21.19,0.24,30.66,47.79,78.45,21.55,0.81,3.37,38.98,36.25,5.94,5.27,3.32,1.42,4.1,0.54
22,28.1,0,12.85,0,0.5,14.84,7.62,0.18,0.71,2.77,0,0.54,31.08,0.81,41.45,26.93,68.38,31.61,1.23,2.8,31.18,39.07,8.21,8.7,2.75,0.26,5.25,0.55
23,53.15,0,10.06,0.21,0.2,12.82,3.35,1.32,0.8,2.89,0,0.32,14.88,0,63.62,21.18,84.8,15.2,1.13,8,27.01,40.44,0.7,12.52,3.08,0.68,2.45,3.99
24,47.94,0,13.02,0,0.32,10.04,2.45,0.42,0.47,2.39,0.58,0.38,21.97,0.04,61.27,16.38,77.66,22.34,1.84,4.01,24.07,55.18,2.8,2.78,2.83,0.66,4.39,1.46
25,12.91,0,19.88,0.03,0.24,9.11,3.81,1.02,2.73,2.47,0,1.4,45.4,1,33.06,20.14,53.2,46.8,4.79,3.3,47.89,28.14,4.38,1.61,4.51,0,3.2,2.18
26,21.68,0,12.87,0,2.11,18.9,11.53,0.68,0.72,0.16,0,0.49,30.85,0,36.67,31.99,68.66,31.34,6.66,6.54,34.25,30.39,2.78,8.44,5.33,0,4.06,1.55
27,32.58,0.68,15.26,0,0.39,15.15,5.93,2.04,2.42,1.24,0.03,0.5,23.79,0,48.91,26.81,75.72,24.28,1.89,5.51,46.82,16.18,3,14.3,3.96,0.26,3.84,4.22
28,32.85,1.37,16.27,0,0.95,15.18,5.63,2.49,1.49,0.97,0,0.32,22.47,0,51.45,25.76,77.21,22.79,4.59,3.79,52.18,14.38,1.87,8.39,3.68,1.41,4.69,5.02
29,31.92,0.99,19.93,0,0.41,13.88,2.05,0.86,3.63,2.64,0,0.22,23.4,0.06,53.25,23.12,76.38,23.62,2.49,7.54,53.87,9.61,2.59,11.33,4.78,0.09,3.93,3.77
30,18.56,0.6,9.55,4.25,0.64,20.56,6.19,1.47,3.22,2.28,0,2.32,30.35,0,33.6,33.73,67.33,32.68,2.14,5.65,42.59,16.08,4.83,10.27,10.63,0.09,5.24,2.49
31,30.3,0.33,20.33,0.66,0.91,13.65,4.5,1.01,2.37,0.96,0,0.22,24.43,0.31,52.54,22.81,75.35,24.65,0.88,1.71,33.58,38.47,2.76,10.09,4.56,0.05,4.8,3.1
32,37.3,1.46,15.53,0,0.51,10.98,2.82,0.35,0.56,0.46,0,0.25,29.79,0,54.8,15.15,69.95,30.05,4.52,7.02,47.65,16.33,0.38,4.4,3.55,0.08,3.97,12.09
33,22.03,4.68,12.37,0,1.93,15.56,3.22,0.29,7.3,9.72,0,0.77,22.12,0,41.01,36.11,77.1,22.88,1.26,2.31,51.41,26.01,1.3,7.59,1.56,3.93,4.4,0.22
34,15.7,1.17,7.4,0.16,0.59,31.42,18.9,1.87,2.39,0.15,0,0.47,19.78,0,25.02,54.73,79.75,20.25,1.92,0.89,42.98,27.21,2.37,12.68,5.32,0.66,4.19,1.79
35,22.66,2.02,16.59,0,0.58,12.9,3.93,0.88,0.67,0.06,0,0.35,38.61,0.76,41.85,19.19,61.04,38.96,3.55,5.45,44.96,20.63,3.82,2.96,8.59,0.6,6.37,3.07
36,25.29,1.77,14.05,0.45,0.88,18.64,7.44,1.78,2.61,1.44,0,1.11,24.55,0,42.43,31.91,74.35,25.65,2.06,4.01,44.51,23.76,3.53,4.04,6.05,0.39,6.38,5.27
37,10.38,11.85,22.88,1.34,1.44,19.21,9.62,0.11,0.76,3.36,0,3.71,15.33,0,47.9,33.06,80.96,19.04,5.37,13.83,48.78,12.65,5.58,0.81,3.08,0,7.53,2.36
38,9.18,0,14.05,0,3.63,27.44,2.25,0.44,0.44,2.9,0,0,39.48,0.2,26.86,33.65,60.52,39.48,13.56,19.46,22.73,37.26,1.62,1.96,2.57,0,0.09,0.77
39,16.73,4,32.85,0.38,3.24,20.13,6.84,0,0.3,1.12,0,0.03,14.38,0,57.19,28.4,85.59,14.41,5.02,6.78,32.32,27.71,5.02,11.38,6.06,3.06,2.05,0.59
40,27.84,0.88,22.67,0,1.92,13.69,6.32,0,0.38,0.99,0,0.19,25.12,0,53.3,21.39,74.69,25.31,3.91,2.43,50.96,21.26,0.67,3.52,7.37,0.66,3.9,5.32
41,17.33,3.23,15.07,0,2.97,16.28,7.67,0.13,0.69,1.87,0,0.24,34.51,0,38.6,26.65,65.24,34.76,9.58,6.01,32.9,27.1,7.36,3.16,2.97,1.43,4.67,4.81
42,10.03,10.82,27.5,0,1.66,14.57,9.84,0.27,1.82,0.25,0,2.46,20.69,0.08,50.01,26.83,76.84,23.16,18.04,17.48,15.08,10.97,4.66,1.01,6.57,2.9,23.29,0
43,27.94,2.22,25.81,0.09,1.41,13.66,6.23,0.32,1.28,1.4,0.37,0.64,18.22,0.41,57.48,23.66,81.14,18.86,2.99,7.15,28.11,42.87,1.73,8.76,3.33,0,4,1.06
44,11.16,8.14,18.07,0,3.09,24.84,9.59,0.44,2.27,2.23,0.48,0.71,18.98,0,40.46,39.84,80.31,19.69,4.25,10.75,36.62,17.61,3.54,18.51,3.37,0.09,3.67,1.59
45,11.85,3.28,18.78,0.92,2.4,20.97,8.01,0,4.14,1.57,0,1.83,25.83,0.42,37.23,35.11,72.34,27.66,10.41,13.88,34.47,17.1,2.36,4.24,5.56,0.64,6.82,4.53
46,5.11,0.33,19.18,0,10.24,15.7,10.07,0.89,0,0.74,0,0.61,36.96,0.18,34.85,27.57,62.42,37.58,9.45,14.79,21.8,40.48,2.67,2.47,4.26,0,3.92,0.17
47,7.41,1.09,14.47,0,0.46,27.78,8.33,0,0.86,3.99,0,1.04,34.01,0.56,23.43,41.51,64.94,35.06,9.53,10,31.85,27.84,1.45,3.56,6.85,0.26,6.64,2.01
48,6.8,2.67,22.57,0,5.71,24.31,10.64,0.51,0.16,2.29,0,1.05,23.03,0.26,37.75,38.16,75.92,24.08,5.92,15.39,34.99,36.4,1.89,1.05,2.61,0.33,1.02,0.4
49,39.58,0.16,11.2,0,1.79,18.11,3.25,0.51,1.66,1.97,0.1,0.47,21.2,0,52.74,25.59,78.33,21.67,3.61,7.41,45.29,21.86,0.88,9.08,2.11,0.38,4.76,4.61
50,10.34,0,15.65,0.37,2.23,32.97,13.2,1.17,2.61,2.33,0.57,1.69,15.96,0.89,28.59,53.75,82.34,17.66,3.17,8.43,28.37,32.37,13.96,1.88,5.68,0,5.07,1.05
51,21.99,0,7.45,0,3.25,31.68,11.35,0.6,0,2.7,0,0.42,20.57,0,32.68,46.33,79.01,20.99,3.16,12.41,39.91,25.52,7.32,2.89,3.5,0,3.55,1.73
52,36.07,0,22.63,0,1.3,17.98,3.89,0.18,1.35,1.53,0.14,0,14.92,0,60,25.08,85.08,14.92,0.61,3.07,45.04,26.67,2.35,2.79,8.28,0,7.89,3.31
53,41.13,0,10.72,0,1.67,18.22,7.19,0.27,2.03,3.22,0,0.25,15.3,0,53.51,30.93,84.44,15.56,1.24,3.59,51.79,18.25,2.9,9.05,5.52,0.51,5.05,2.1
54,26.6,0,18.61,0,0.75,17.32,6.97,1.29,2.35,1.41,0,1.34,23.24,0.12,45.96,29.46,75.42,24.58,1.33,3.54,41.86,9.42,1.83,26.41,3.57,0.28,2.69,9.08
55,30.18,0,12.22,0,0.16,25.88,8.31,0.76,3.49,4.86,1.17,0.63,11.94,0.4,42.55,44.88,87.43,12.57,2.59,8.22,37.81,32.37,0.28,5.3,4.73,0,6.75,1.95
56,27.11,0,12.6,0.24,2.12,17.68,8.84,0.8,1.85,1.77,1.32,1.18,24.35,0.14,42.07,32.41,74.47,25.53,2.1,4.81,37.15,25.5,4.4,9.72,5.9,0.73,6.44,3.26
57,22.62,0,15.07,0,1.8,19.02,7.98,1.95,1.79,2.09,0.86,0.82,25.85,0.15,39.49,33.83,73.32,26.68,1.39,5.08,55.15,14.23,1.14,7.74,4.58,0,3.67,7.02
58,35.19,0,13.88,0.54,1.06,16.67,4.63,0.22,1.61,2.29,0,0.26,23.65,0,50.67,25.42,76.09,23.91,4.91,9.78,40.66,19.9,6.63,7.2,4.6,0.17,4.44,1.71
59,28.09,0,12.34,0,2.39,15.64,8.16,0.21,0.83,1.34,0,1.6,29.04,0.36,42.82,26.54,69.36,30.64,5.4,6.15,36.85,20.99,10.67,3.48,6.53,0.43,6.59,2.9
60,16.4,0.18,14.17,0,2.13,34.5,13.52,0.38,0.67,3.67,0,1.42,12.95,0,32.88,52.74,85.62,14.38,5.32,3.72,39.51,17.94,6.7,6.95,10.25,0.3,7.76,1.55
61,22.36,0,16.99,0.55,2.32,21.16,10.01,0.55,1.12,1.51,0,0.39,23.07,0,42.2,34.33,76.53,23.47,1.64,7.19,39.1,30.77,2.67,4.79,5.19,0.13,5.92,2.62
62,15.03,0.81,32.88,0,0.46,27.3,6.67,0.82,1.98,0.95,0,1.02,12.09,0,49.18,37.71,86.89,13.11,4.08,3.55,52,3.85,1.09,14.72,12.29,0.52,5.7,2.19
63,30.56,0,26.1,0,2.37,22.88,10.22,1.17,0.42,1.08,0.59,0.41,4.2,0,59.04,36.36,95.39,4.61,0.21,3.74,39.75,5.81,0.31,44.05,3.88,0,2.18,0.07
64,9.84,0.62,21.64,0.39,2.25,25.91,8.69,0.78,2.92,2.09,0,2.79,22.09,0,34.74,40.38,75.12,24.88,3.48,12.14,50.58,17.63,1.91,3.69,4.08,0,3.48,3.01
65,3.52,1.41,17.99,0,2.11,31.2,12.11,1.29,4.09,4.82,0.1,1.16,20.19,0,25.03,53.62,78.65,21.35,4.84,4.27,47.44,28.2,2.2,2.29,3.63,0,3.66,3.48
66,7.7,1.37,25.21,0,1.6,29.72,13.06,0.23,4.95,4.32,0.7,0.6,10.54,0,35.88,52.98,88.87,11.13,4.08,14.25,40.2,17.59,4.34,2.63,7.44,0.18,7.1,2.18
67,10.68,1.46,24.28,0,1.54,22.26,6.81,2.21,3.53,1.88,0,0.49,24.59,0.26,37.96,36.96,74.92,25.08,1.99,9.59,41.5,16.63,3.61,9.02,4.56,0,9.37,3.74
68,8.98,4.11,19.17,0.27,1.53,20.37,3.94,0.8,2.96,4.1,0,2.03,31.69,0.05,34.06,32.22,66.28,33.72,4.12,6.73,61.71,9.49,1.75,3.57,1.98,0,1.38,9.27
69,11.71,2.74,19.25,0,0.19,25.65,6.84,1.32,2.35,1.04,0,2.52,26.39,0,33.89,37.2,71.09,28.91,5.42,7.54,54.55,14.36,1.79,2.19,3.46,0.38,3.79,6.51
70,5.16,10.07,25.98,0,0.88,26.31,5.02,0.58,2.03,1.16,0,0.68,21.98,0.16,42.09,35.26,77.34,22.66,5.17,5.24,47.98,27.92,0.62,2.57,2.39,2.98,1.89,3.23
71,3.7,6.64,18.53,0,1.79,27.1,9.75,1.26,3.75,3.92,0,2.73,20.53,0.3,30.65,46.09,76.74,23.26,4.35,9.65,47.31,22.61,8.39,2.09,2.81,0,0.77,2.03
72,9.63,7.26,18.83,1.38,1.69,26.85,5.78,0.61,1.4,2.78,0.54,1.91,20.15,1.19,38.79,39.15,77.94,22.06,10.51,2.58,46.48,23.08,2.74,1.1,3.19,0.71,5.37,4.24
73,11.95,13.38,12.93,0.84,0.27,19.32,3.23,0.69,1.74,2.29,0.03,1.88,31.43,0,39.37,27.31,66.68,33.32,9.09,9.68,60.96,1.36,0.75,0.61,1.47,0.12,1.7,14.25
74,34.61,0.4,15.02,0.11,0.3,15.87,3.7,0.6,3.3,1.21,0,1.12,23.68,0.07,50.44,24.75,75.2,24.8,4.76,6.65,52.91,10.35,2.69,4.89,4.07,0.52,4.76,8.4
75,17.93,0.69,15.4,0.26,1.41,24.15,3.45,1.14,3.42,0.62,0.08,0.58,30.86,0,35.7,32.86,68.56,31.44,3.27,11.75,44.33,14.67,9.34,4.89,5.07,0,4.06,2.61
76,8.91,0.24,23.84,0,1.06,32.52,8.42,1.78,0.94,2.63,0.13,0.42,19.11,0,34.05,46.42,80.47,19.54,4.05,7.48,54.17,9.99,1.84,6.26,6.83,0,2.79,6.61
77,28.61,2.1,17.55,0.04,1.42,11.98,3.93,1.83,7.38,4.01,0.03,0.64,20.49,0,49.71,29.15,78.86,21.14,1.84,6.54,48.18,14.2,1.21,18.64,2.44,0,2.88,4.05
78,18.76,1.96,15.32,0,1.18,22.73,4.59,3.4,3.82,2.28,0,2.13,23.8,0.01,37.23,36.84,74.07,25.93,3.68,8.93,55.83,9.33,2.91,3.39,4.26,0.28,5.33,6.06
79,34.25,0.05,15.98,0,0.71,16.04,5.2,1.32,2.05,1.61,0,0.47,21.54,0.77,51,26.99,77.98,22.02,1.61,4.04,46.57,7.6,1.95,20.96,6.31,0,3.63,7.34
80,21.28,2.23,16.67,0,0.21,18.91,5.49,1.26,2.09,1.45,0.51,1.43,27.95,0.53,40.4,30.22,70.62,29.38,3.05,8.25,50.47,14.3,2.68,4.65,4.94,0.16,5.72,5.77
81,15.2,1.73,22.45,0.48,0.84,25.47,4.17,1.74,3.22,2.52,0.04,2.17,19.92,0.06,40.69,37.22,77.91,22.09,7.57,12.02,53.89,4.81,4.24,3.61,2.96,0.1,3.32,7.48
82,18.32,7.17,23.36,0.11,0.79,18.1,4.94,0.84,1.59,3.61,0,1.92,19.2,0.04,49.76,29.13,78.88,21.12,5.41,11.87,49.21,8.9,3.04,2.4,6.91,1.4,2.63,8.23
83,21.79,1.31,15.42,0,1.03,22.91,8.56,0.94,3.56,0.56,0.08,2.01,21.83,0,39.55,36.6,76.15,23.85,6.81,6.79,44.43,20,2.88,2.22,4.61,0.19,6.78,5.28
84,9.86,3.58,14.66,0,1.22,29.87,8.81,1.87,4.24,1.17,0.36,0.8,23.55,0,29.33,46.32,75.65,24.35,2.46,4.62,34.32,32.63,5.41,3,4.07,0.33,8.3,4.85
85,4.68,7.15,21.86,0,2.01,25.09,13.47,0.5,3.7,0.88,0,0.34,20.31,0,35.71,43.65,79.35,20.65,6.32,1.03,44.7,25.12,3.11,6.32,8.9,0,3.78,0.72
86,16.3,0,27.92,0,0.92,20.91,7.67,0.49,5.49,1.5,0.9,1.68,16.22,0,45.14,36.95,82.09,17.91,2.56,8,43.04,18.56,2.99,5.84,8.13,0,9.63,1.25
87,21.6,0.09,13.38,0,2.14,26.38,11.45,1.79,3.09,2.01,0,1.67,16.41,0,37.21,44.71,81.92,18.08,7.01,3.18,34.34,24.42,6.49,5.08,6.91,0.16,10.65,1.76
88,5.85,1.64,15.02,0,1.32,27.28,9.25,2.17,3.68,2.64,0.4,0.32,30.44,0,23.82,45.42,69.24,30.76,4.12,5.2,40.78,20.93,4.23,5.77,7.62,0,8.71,2.64
89,13.42,3.81,19.17,0,2.7,26.45,7.29,2.35,3.81,2.76,0,2.96,14.77,0.52,39.1,43.17,82.27,17.73,4.64,4.44,37.6,17.51,3.25,9.5,5.44,0,13.38,4.23
90,8.96,3.88,11.84,0,0.69,26.9,10.28,5.08,5.32,4.63,0,2.87,19.28,0.27,25.37,52.48,77.85,22.15,3.98,4.43,31.17,19.4,6.55,5.75,15.56,0,10.04,3.13
91,18.28,15.93,35.15,1.06,0.3,10.65,2.7,0.15,1.2,4.95,1.62,0.12,7.9,0,70.71,21.26,91.97,8.03,9.67,10.76,31.9,35.63,5.06,0.24,1.22,1.3,1.9,2.33
92,22.41,12.63,11.88,0,0.61,19.02,5.34,0.03,0.21,1.02,0,0.02,26.82,0.01,47.53,25.63,73.16,26.84,7.42,3.24,62.8,2.59,0.11,0.52,2.05,0.35,9.15,11.78
93,28.16,22.12,21.94,0,1.15,10.37,2.21,0.46,1.16,1.05,0,0.14,11.03,0.21,73.37,15.46,88.83,11.17,3.07,2.7,30.71,49.64,2.43,1.63,2.41,0.31,4.75,2.37
94,16.37,5.37,22.35,0,1.5,17.2,7.27,1.19,3.13,1.85,0,0,23.77,0,45.59,30.64,76.23,23.77,1.74,7.34,44.89,14.96,5.06,1.95,9.31,0,5.54,9.22
95,10.78,0.29,14.56,0,3.45,31.01,12.5,0.56,0.94,2.97,0,0.7,22.23,0,29.08,47.99,77.07,22.93,3.11,2.74,42.57,36.48,3.08,3.27,3.68,0,4.5,0.58
96,5.56,10.73,17.67,0,2.55,33.75,13.31,0.56,2.2,0.65,0.13,1.5,11.38,0,36.52,50.61,87.12,12.88,6.81,3.41,44.82,27.31,3.43,3.36,2.98,0,5.66,2.22
97,11.97,5.27,14.62,0,1.03,31.61,8.51,1.69,8.16,0.78,0,1.39,14.97,0,32.89,50.75,83.64,16.36,2.15,5.75,42.69,15.35,3.59,12.46,9.47,0,4.77,3.77
98,8.95,12.05,33.18,0,1.13,18.44,8.88,0.48,1,0.68,0.73,5.31,9.15,0,55.31,30.22,85.53,14.47,23.24,10.15,34,12.42,9.31,1.89,5.71,0.08,1.58,1.63
99,9.09,18.27,22.83,0,2.16,27.2,5.29,0.49,1.28,1.99,0,2.22,9.18,0,52.35,36.25,88.61,11.4,18.03,4.77,49.88,6.67,5.4,1.4,3.96,1.11,5.4,3.38
100,4.48,13.2,36.53,0.07,1.39,19.08,7.83,0.4,1.17,1.41,0.04,0.72,13.67,0,55.67,29.94,85.61,14.39,3.26,8.67,31.31,19.86,6.29,7.62,6.26,1.14,12.32,3.28
101,6.84,3.83,21.44,0,2.97,30.38,10.17,1.31,3.41,3.25,0,0.97,15.44,0,35.08,48.51,83.59,16.41,1.59,2.96,40.98,20.45,4.62,7.83,7.68,0,11.65,2.24
102,4.82,1.63,24.09,0,7.14,33.24,11.77,0.53,2.28,0.85,0,0.8,12.71,0.15,37.68,48.82,86.49,13.51,1.15,5.71,38.94,22.17,4.43,11.85,6.07,0.69,7.18,1.83
103,5.68,17.73,20.87,0,5.26,20.45,14.62,0.81,2.74,4.74,0.09,0,7,0,49.55,43.44,93,7,1.22,1.1,33.8,24.17,4.49,11.49,5.85,0.09,17.73,0.05
104,5.44,1.8,22.77,2.75,1.6,33.35,11.66,0.5,1.94,1.7,2.12,2.64,11.74,0,34.36,51.27,85.62,14.38,8.79,1.9,25.47,46.31,5.69,2.15,5.38,0,4.31,0
105,3.54,4.77,29.56,0,4.99,30.3,9.25,0,1.68,0.98,0,0,14.93,0,42.86,42.21,85.07,14.93,2.52,10.32,44.66,22.46,4.19,4.14,2.62,0.5,6.1,2.49
106,14.41,11.9,17.81,0,1.19,24.83,9.7,0,0.55,0.8,0,3.31,12.93,2.56,45.31,38.45,83.76,16.25,1.79,46.56,36.09,3.81,4.33,0.23,0,0.32,4.56,2.3
107,4.04,9.25,15.4,0,4.65,30.3,17.71,0.1,2.33,3.08,0,0.35,12.31,0.49,33.34,54.01,87.35,12.65,1.7,7.27,36.34,41.75,1.14,0.52,3.88,0,3.19,4.21
108,9.63,25.97,9.9,0,2.06,28.99,8.76,0,0.17,4.25,0,0.27,7.28,2.72,47.56,44.89,92.45,7.55,1.81,24.08,49.92,6.45,11.38,0.77,0.96,0,3.86,0.75
109,6.63,3.51,28.22,0.09,10.15,17.09,5.89,0,0.01,0.55,0,0.62,27.25,0,48.6,23.53,72.13,27.87,7.03,9.11,31.47,38,3.88,3.83,2.56,0.53,2.84,0.75
110,5.76,12.84,21.32,0.03,3.46,20.42,8.5,0.05,0,0.72,0,0,26.9,0,43.41,29.69,73.1,26.9,3.39,8.5,32.87,35.44,5.66,3.15,2.63,0,7.52,0.84
111,1.31,0.93,21.37,0,6.81,21.09,10.63,0,1.49,0.34,0,2.5,33.53,0,30.42,33.55,63.97,36.03,1.86,13.63,31.76,33.97,5.37,3.23,4.53,0,5.02,0.63
112,2.54,6.1,23.01,0.27,2.98,14.08,3.98,0,1.57,3.16,0,0,42.31,0,34.91,22.78,57.69,42.31,6.63,7.21,27.68,34.01,8.58,4.63,3.83,0,7.12,0.3
113,3.46,5.88,26.15,0.88,4.5,24.46,10.7,0,0.47,3.07,0,0,20.44,0,40.87,38.7,79.56,20.44,12.1,6.53,34.59,31.45,2.69,4.03,2.25,0,6.22,0.14
114,0,0,0,0,0,0,0,0,0,0,0,0,100,0,0,0,0,100,0,0,100,0,0,0,0,0,0,0
115,4.74,10.37,21.7,0,7.83,15.42,3.23,0,0,2.35,0,0,34.36,0,44.64,21,65.64,34.36,7.66,4.97,17.67,49.71,9.29,0.84,1.16,0,8.69,0
116,4.62,3.77,31.89,0.63,8.03,9.73,2.38,0,0.12,1.38,0.56,0,36.89,0,48.94,14.17,63.11,36.89,5.25,7.69,25.4,45.63,4.25,1.58,3.92,0.23,6.02,0.03
117,1.48,3.51,25.6,2.24,14.7,22.07,9.54,0,1.1,3.33,0,0,16.44,0,47.53,36.03,83.56,16.44,10.01,8.9,26.46,46.34,1.19,1.63,0,1.69,3.78,0
118,3.66,3.67,20.18,5.51,2.12,17.72,10.27,0,0,0,0,0,36.87,0,35.14,27.99,63.13,36.87,9.51,10.54,27.49,43.32,1.94,1.88,0.43,0,4.88,0
119,5.33,7.86,27.23,0,14.48,9.03,4.36,0,0,0.68,0,0,31.03,0,54.9,14.08,68.97,31.03,6.27,6.32,19.46,44.88,5.32,2.96,7.18,0,7.61,0
120,NA,NA,NA,NA,NA,NA,NA,NA,NA,NA,NA,NA,NA,NA,NA,NA,NA,NA,NA,NA,NA,NA,NA,NA,NA,NA,NA,NA
121,4.37,0,32.31,0,3.06,10.39,7.06,0.43,0,1.09,0,0,41.3,0,39.74,18.96,58.7,41.3,4.74,6.37,29.02,47.28,2.82,1.15,2.43,0,6.18,0
122,1.76,0,33.07,0,2.09,8.32,10.42,0,0,3.06,0,0.66,40.63,0,36.91,21.8,58.71,41.29,0.83,5,23.63,43.41,4.51,5.32,7.49,1.19,8.5,0.13
123,2.47,0.62,29.06,1.83,16.13,6.96,0.35,0,0,4.44,0,0,38.14,0,50.11,11.74,61.86,38.14,1.23,5.7,21.85,46.02,4.77,5.27,5.38,0.43,9.36,0
124,4,1.57,28.02,0,7.25,15.36,8.95,0,0.22,0,0,0,34.63,0,40.84,24.53,65.37,34.63,2.73,8.58,27.79,40.8,5.8,5.42,3.09,0,5.68,0.11
125,1.57,0.65,22.54,0.33,4.08,11.23,3.17,0,0,2.31,0,1.05,53.09,0,29.16,16.7,45.86,54.14,7.6,10.15,28.92,34.39,10.17,0.88,2.05,0.86,4.46,0.53
126,4.94,0,24.97,0,5.34,19.55,10.61,0,0.54,1.98,0,1.07,30.99,0,35.25,32.69,67.94,32.06,5.36,10.94,29.26,33,7.95,2.55,4.5,0.85,4.07,1.53
127,2.59,1.3,21,0.41,5.12,27.08,9.36,0.28,0.5,1.92,0,1.38,29.07,0,30.42,39.14,69.55,30.45,6.09,12.54,22.49,28.61,11.55,4.83,4.85,0.71,6.96,1.38
128,18.74,0,26.53,0.03,0.1,23.04,20.29,0,3.09,0,0,0.09,8.1,0,45.4,46.42,91.82,8.18,2.98,8.82,27.95,30.74,3.31,10.06,3.92,2.46,8.3,1.45
129,19.02,0,29.2,0,0.02,24.6,9.51,0.04,0,1.19,0,0,16.41,0,48.24,35.35,83.59,16.41,2.37,9.32,27.98,17.99,4.94,17.71,4.25,0.29,12.43,2.73
130,35.78,0,5.92,0,0,36.76,2.63,0,0.47,2.37,0,0.73,15.34,0,41.7,42.23,83.93,16.07,0.62,3.68,61.64,13.85,4.77,4.02,3.3,0.31,7.81,0
131,29,1.89,24.48,0,0.05,14.91,4.51,1.43,0.94,2.26,0,3.17,17.36,0,55.41,24.06,79.47,20.53,0.89,4.74,43.95,16.81,0.35,3.14,8.31,0,15.26,6.57
132,22.17,4.31,16.07,0.05,4.63,38.95,7.61,0.05,0,2.11,0,0.62,3.44,0,47.23,48.71,95.94,4.06,1.62,1.96,45.07,23.03,0,14.21,8.42,0,5.71,0
133,15.02,0,20.86,0,2.84,23.14,12.02,2.71,0.04,2.41,0.08,0.1,20.77,0,38.72,40.4,79.12,20.88,2.38,10.39,31.74,32.02,5.59,6.13,3.56,0.63,5.47,2.09
134,6.88,0,21.35,0,4.06,28.68,16.78,0,3.21,1.78,0,0,16.75,0.5,32.29,50.96,83.25,16.75,3.52,4.43,31.29,37.46,4.52,3.68,3.91,0,10.46,0.72
135,9.74,0,20.54,0,5.96,22.56,8.65,0.23,2.39,2.37,0,1.52,26.05,0,36.24,36.19,72.43,27.57,4.29,5.96,40.22,23.03,3.42,7.78,8.3,0,5.65,1.35
136,5.98,2.77,16.73,0.73,5.14,22.6,9.59,0.19,1.54,2.68,0,0.47,31.59,0,31.35,36.59,67.94,32.06,6.57,7.58,30.06,34.29,3.84,1.78,5.06,0.87,7.61,2.33
137,6.95,0,23.56,0,5.03,21.41,10.56,0.25,0.7,4.11,0.37,0.28,26.79,0,35.54,37.39,72.93,27.07,6.19,12.96,24.7,34.98,1.64,2.8,5.82,0.13,9,1.78
138,4.07,3.24,12.98,0,4.91,25.24,12.67,0.13,1.31,1.53,0,0.1,33.82,0,25.2,40.88,66.08,33.92,10.02,7.05,38.81,17.61,8.9,1.36,6.84,0,2.75,6.67
139,5.75,1.44,26.85,0,5.49,20.31,7.74,0,0.96,0,0,0.84,30.63,0,39.53,29.01,68.53,31.47,8.54,8.67,24.94,31.37,5.59,6.15,4.84,0,7.53,2.37
140,6.59,0.75,16.93,0.72,1.46,11.86,3.37,0,0.62,4.03,0,1.67,51.87,0.14,26.45,20.01,46.46,53.54,4.16,5.28,24.81,50.77,5.6,1.52,2.4,0.18,3.48,1.78
141,7.27,0,23.66,0,5.39,19.48,4.13,0.19,0.22,0.61,0,1.11,36.49,1.46,36.32,26.08,62.4,37.6,2.11,7.35,25.34,46.74,5.16,3.31,1.06,0.93,7.55,0.46
142,2.89,0,23.19,0,7.52,13.24,8.3,0,0,1.3,0,0,41.17,2.39,33.59,25.24,58.83,41.17,2.09,9.52,27.68,46.21,6.21,3.21,1.22,0.3,3.48,0.08
143,NA,NA,NA,NA,NA,NA,NA,NA,NA,NA,NA,NA,NA,NA,NA,NA,NA,NA,NA,NA,NA,NA,NA,NA,NA,NA,NA,NA
144,9.02,0,25.88,0.12,6.29,26.27,10.44,0,0.51,0.92,0,0,20.56,0,41.31,38.14,79.44,20.56,3.43,7.72,30.08,32.09,8.39,3.97,6.87,0.49,6.59,0.36
145,3.68,0,10.31,0,9.73,21.5,21.99,0,5.2,5.39,1.64,7.46,13.09,0,23.73,55.72,79.45,20.55,4.85,1.59,20.63,52.27,1.08,1.21,13.29,0,5.07,0
146,NA,NA,NA,NA,NA,NA,NA,NA,NA,NA,NA,NA,NA,NA,NA,NA,NA,NA,NA,NA,NA,NA,NA,NA,NA,NA,NA,NA
147,7.46,0,22.78,0,4.44,19.26,5.41,0.19,0.09,0.42,0.18,2.09,37.67,0,34.69,25.55,60.24,39.76,7.04,6.86,35.95,28,8.48,0.16,7.12,0,6.32,0.07
148,3.47,0,19.52,0,2.65,14.93,15.74,0.06,0,1.06,0,0.72,41.84,0,25.64,31.8,57.44,42.56,6.9,4.26,19.85,52.37,1.57,1.85,10.35,0,2.59,0.25
149,0,0,0,0,0,18.22,0,0,0,0,0,81.78,0,0,0,18.22,18.22,81.78,18.22,0,0,0,0,0,0,0,81.78,0
150,6.81,0.14,31.82,0,3.93,7.19,7.54,0,0.79,3.8,0,0,37.24,0.72,42.71,20.05,62.76,37.24,9.3,8.26,22.98,40.34,3.61,4.55,7.18,0.5,3.28,0
151,7.31,0,18.7,0,2.47,16.82,7.96,0.09,1.68,2.06,0.49,0.87,41.54,0,28.49,29.1,57.59,42.41,6.17,3.87,24.58,42.23,7.65,5.45,1.4,0.89,7.76,0
152,13.55,0,11.21,0,2.71,19.06,18.18,0,0.48,0.63,0,0.34,33.84,0,27.48,38.35,65.82,34.18,4.36,2.7,28.94,42.84,7.53,1.78,3.46,0,6.23,2.17
153,12.83,0,28.78,0,3.92,29.64,10.11,0.41,0.08,0.73,0,0,12.85,0.65,45.53,41.62,87.15,12.85,2.41,3.11,39.05,30,6.6,5.19,6.89,0,6.13,0.61
154,13.83,0,19.69,0,1.72,27.62,13.14,0.14,0,3.14,0.27,0,20.45,0,35.23,44.32,79.55,20.45,6.64,2.92,28.89,26.01,9.37,2.79,7.69,0.66,14.39,0.64
155,4.22,0,19.83,0,10.22,13.04,4.31,0,0.68,3.19,0.6,0.99,42.68,0.25,34.27,22.06,56.33,43.67,3.84,9.91,19.53,41.56,4.71,4.38,8.29,2.08,5.71,0
156,5.63,0,28.35,0,3.69,18.64,13.1,0,0,2.05,0.38,1.46,26.69,0,37.67,34.18,71.85,28.15,6.04,6.1,23.75,41.4,11.41,8.32,0.42,0.36,2.2,0
157,11.42,0,14.25,0,6.13,28.17,6.66,0,0.57,2.22,0.62,1.03,26.56,2.37,31.79,40.61,72.41,27.59,6.39,12.19,20.56,45.01,4.47,2.25,2.33,0,5.79,0.99
158,15.06,0,21.73,0,5.13,18.22,4.51,0,0.98,1.39,0,0.47,32.51,0,41.92,25.11,67.02,32.98,4.14,6.76,16.64,42.59,7.77,8.6,6.45,0,6.8,0.25
159,2.56,0.67,18.11,0.04,7.24,21.38,9.41,0,0,1.26,0,0,39.32,0,28.62,32.06,60.68,39.32,10.63,18.29,21.55,30.91,7.17,3.97,1.27,0.85,5.35,0
160,4.49,0,27.01,0,10.42,19.07,7.94,0,0.13,1.08,0,0,29.3,0.57,41.91,28.79,70.7,29.3,7.09,4.59,31.88,32.47,4.43,4.97,8.02,0,4.84,1.72
161,4.95,0.73,15.38,0,1.73,20.32,12.51,0.04,0.5,1.89,0.28,5.01,36.67,0,22.79,35.53,58.32,41.68,8.61,10.76,31.8,23.41,2.86,14,2.75,1.31,3.52,0.98
162,3.52,1.3,29.24,0.65,4.56,18.02,9.66,0,0.92,2.28,0,1.73,27.14,0.97,39.27,31.86,71.13,28.87,7.29,5.88,28.66,42.38,1.79,2.69,2.76,0,8.12,0.43
163,9.54,0,14.47,0,2.81,22.69,24.43,0,0.33,0.42,0,5.75,17.99,1.56,26.82,49.43,76.26,23.74,2.26,9.76,32.2,30.88,3.43,6.31,5.96,0,8.46,0.74
164,3.59,7.96,21.96,0,1.95,26.96,8.28,0,0,0.55,0,5.91,22.84,0,35.46,35.79,71.25,28.75,9.59,16.79,28.23,20.08,5.65,2.44,10.43,0.68,5.05,1.05
165,15.55,0.05,32.1,0,0.47,29.08,2.51,0.88,1.09,5.63,0,0.28,12.37,0,48.17,39.19,87.36,12.64,0.93,27.84,31.44,12.66,10.32,0.48,4.68,0.94,5.87,4.83
166,17.6,5.35,14.96,0,4.99,20.89,12.38,0.04,0.44,3.77,0.81,0,18.77,0,42.91,38.32,81.23,18.77,4.14,10.13,33.21,31.86,2.17,8.38,3.45,1.16,3.47,2.03
167,19.21,8.61,18.72,0,1.33,23.83,6.87,0.04,0.82,1.07,0.25,0.56,18.7,0,47.87,32.88,80.75,19.26,5.19,17.64,33.6,15.56,3.96,8.38,7.22,0.39,4.58,3.47
168,17.81,10.48,14.04,0.46,1.65,19.48,9.51,0,0,1.64,0.22,0,24.35,0.35,44.45,31.21,75.65,24.35,2.52,6.56,42.1,24.81,1.9,6.13,3.85,3.92,5.15,3.07
169,30.31,2.66,23.46,0,1.7,18.56,6.28,0,0.06,1.12,0.5,0.75,14.16,0.43,58.14,26.95,85.09,14.91,5.88,4.71,25.72,51.68,2.9,3.12,1.23,0,2.67,2.1
170,15.05,0.97,28.33,0.36,4.64,17.18,6.6,0.18,0.64,1.25,0,0.86,23.94,0,49.36,25.84,75.2,24.8,6.79,4.84,26.44,27.07,6.14,9.08,4.72,0.86,12.79,1.27
171,15.37,0,29,0.3,2.44,18.58,6.15,0.54,0.24,1.32,0,0,25.9,0.16,47.12,26.99,74.1,25.9,3.62,10.1,25.56,30.78,9.69,6.47,5.52,0,8.06,0.19
172,12.17,0,20.23,0,4.03,25.19,11.13,0.21,2.81,0.29,0,1.74,22.21,0,36.43,39.63,76.05,23.95,3.8,13.62,17.67,39.02,12.35,4.07,4.45,0,4.58,0.44
173,22.42,0.1,10.03,0,1.7,13.39,8.23,0,0,2.37,0,2,39.75,0,34.27,23.99,58.26,41.74,8.93,8.22,29.52,39.09,4.66,1.46,2.14,0.6,4.76,0.62
174,7.88,0.81,20.42,0,7.98,9.75,4.33,0.37,0.37,1.15,0,1.18,45.45,0.32,37.09,16.28,53.38,46.62,4.91,5.89,23.13,52.94,2.85,1.12,5.97,0,3.2,0
175,5.76,1.1,17.05,0,6.94,14.21,10.36,0,0.49,0.82,0.41,0,41.13,1.71,30.86,28.01,58.87,41.13,14.7,5.4,12.59,33.03,10.23,4.97,10.06,0.38,8.63,0
176,11.04,0.43,11.28,0,9.22,20.3,12.56,0,0.11,1.32,0.32,0,33.42,0,31.97,34.61,66.58,33.42,3.7,6.43,24.54,43.44,3.06,12.32,1.88,0,4.22,0.41
177,6.2,0,20.03,0.68,3.57,19.38,7.49,0.65,0.22,2.93,0,1.8,36.73,0.33,30.48,30.99,61.48,38.52,12.52,15.31,17.28,27.1,5.4,4.24,3.78,0.34,14.03,0
178,14.48,6.94,30.89,0,0,15.6,0,0,0,0,0,0,32.06,0,52.32,15.6,67.92,32.06,0,0,31.17,68.83,0,0,0,0,0,0
179,NA,NA,NA,NA,NA,NA,NA,NA,NA,NA,NA,NA,NA,NA,NA,NA,NA,NA,NA,NA,NA,NA,NA,NA,NA,NA,NA,NA
180,8.38,1.17,16.83,0.53,4.64,16.38,3.52,0,0,0.83,0,1.26,46.45,0,31.55,20.74,52.29,47.71,6.6,7.19,22.61,46.16,4.23,5.12,5.38,0,2.63,0.08
181,8.32,0.86,18.57,0.3,5.98,18.52,13.23,0,0,0.03,0,0.23,32,1.96,34.03,33.73,67.77,32.23,1.92,7.09,25.27,43.6,2.57,10.25,2.69,0.1,6.39,0.13
182,10.47,0,22.77,0,4.97,17,4.66,0,1.49,0.34,0,1.61,36.69,0,38.21,23.49,61.7,38.3,6.2,13.58,24.94,33.15,6.11,1.99,1.77,0.35,10.09,1.82
183,15.28,2.4,17.35,0.45,5.51,17.53,11.29,0,1.99,0,0,2.88,25.33,0,40.98,30.81,71.79,28.21,6.17,4.08,22.1,44.51,3.54,1.55,7.94,0,10.11,0
184,9.81,0,10.58,0,4.73,17.84,5.93,0,1.28,0.43,0,0.31,49.08,0,25.13,25.48,50.61,49.39,11.06,11.81,17.71,36.52,4.53,2.29,9.11,0,5.77,1.2
185,9.39,0.65,24.57,0,6.92,14.26,4.33,0.78,0,0,0,0,39.1,0,41.52,19.38,60.9,39.1,3.86,10.69,29.53,46.81,3.07,2.54,0,1.07,2.43,0
186,8.15,0,26.85,0.56,15.78,8.17,6.51,0,0.98,0.62,0,0,31.82,0.56,51.35,16.84,68.18,31.82,4.12,6.1,25.07,40.12,6.32,0.2,11.19,1.02,5.87,0
187,8.29,5.43,17.24,0.54,4.35,12.56,3.19,0,0,3,0,2.1,42.75,0.54,35.86,19.29,55.15,44.85,10.83,10.62,20.04,44.06,3.95,4.57,1.55,0.22,4.16,0
188,7.85,2.87,26.48,0,5.12,18.66,7.92,0,1.05,0,0,0.2,29.84,0,42.33,27.62,69.95,30.05,3.33,2.55,15.19,59.18,3.02,2.06,8.99,0,5.28,0.41
189,10.57,4.76,18.18,0,1.09,15.57,15.56,0,0,0,0,0,34.27,0,34.6,31.13,65.73,34.27,4.47,2.53,21.9,39.17,4.64,5.26,3.6,1.21,16.82,0.4
190,8.85,3.26,26.11,0,7.45,14.85,11.47,0,0.12,1.8,0,0,25.04,1.04,45.68,29.28,74.96,25.04,6.38,7.55,26.02,31.9,3.61,5.96,5.17,1.64,11.04,0.73
191,32.03,8.17,31.36,0,0,21.37,0.87,0,0,0.65,0,0,5.55,0,71.56,22.89,94.45,5.55,5.27,12.74,23.27,7.9,6.53,0.99,13.34,4.45,25.51,0
192,15.19,2.02,10.63,0,9.31,11.76,4.1,0.14,0.62,1.47,0,0,44.13,0.63,37.15,18.71,55.87,44.13,2.34,8.58,23.51,47.34,5.94,2.8,5.67,0,3.09,0.74
193,11.45,0,18.68,0,4.7,16.74,8.21,0,0,0,0,1.85,38.36,0,34.84,24.95,59.79,40.21,3.13,4,33.07,36.5,10.14,7.23,0,0,5.72,0.21
194,9.46,0.43,23.51,0,8.85,4.8,1.32,0,0,2.05,0,0,47.36,2.2,42.26,10.38,52.64,47.36,2.58,15.11,16.94,53.3,4.73,1.31,0,1.24,2.96,1.84
195,16.58,2.14,16.58,1.2,5.22,12.62,2.41,0,0,2.65,0,0,40.49,0.12,41.71,17.8,59.51,40.49,3.61,6.65,27.53,45.46,1.24,4.47,1.31,0.66,7.7,1.37
196,10.09,4.56,20.66,0,7.18,8.41,6.78,0,0,1.53,0,1.93,38.84,0,42.5,16.72,59.23,40.77,6.3,9.46,30.37,37.92,0.4,3.44,3.02,1.26,7.83,0
197,8.72,5.62,22.23,0,5.54,19.41,5.34,0,0,1.12,0,0.28,30.29,1.46,42.1,27.33,69.44,30.56,3.75,8.52,27.75,43.8,5.59,1.25,2.2,0,6.43,0.7
198,6.09,5.32,31.56,0.24,2.66,17.4,7.76,0,0.13,1.19,0,0.13,26.47,1.04,45.88,27.52,73.4,26.6,2.15,11.08,31.53,26.12,9.09,6.04,1.91,0,10.69,1.4
199,5.09,3.45,10.08,0,4.87,10.27,10.74,0,0.61,0.88,0,3.69,50.32,0,23.49,22.5,45.99,54.01,18.16,7.11,22.35,39.24,2.39,3.14,3.68,0.94,2.86,0.14
200,8.94,6.34,10.89,0,1.07,10.69,7.19,0,0,1.99,0.21,2.41,50.26,0,27.24,20.08,47.32,52.67,6.83,7.76,19.99,37.32,5.38,4.16,5.33,0.88,12.36,0
201,4.68,5.68,13.12,0.43,4.05,14.19,6.54,0,0,1.09,0,2.14,47.58,0.5,27.95,22.33,50.28,49.72,6.53,7.49,17.08,44.89,5.45,1.71,10.09,0.3,6.01,0.45
202,12.38,10.7,15.23,0.48,14.01,13.56,4.8,0,0,1.28,0,0.52,26.42,0.62,52.8,20.27,73.06,26.94,4.13,9.45,33.74,38,0.13,3.87,4.42,0.58,5.68,0
203,13.19,3.97,20.71,0,4.43,7.06,4.72,0,0,0.97,0,0,44.94,0,42.3,12.75,55.06,44.94,6.27,5.97,25.28,47.7,2.79,2.15,2.09,0,7.76,0
204,8.02,5.57,14.93,0,1.43,7.25,6.86,0,3.45,1.72,0,2.13,48.65,0,29.94,19.28,49.22,50.78,7.18,6.58,21.57,41.86,6.75,4.28,5.81,1.76,3.91,0.29
205,11.47,4.62,12.63,0.26,2.23,12.3,6.01,0,0,0.79,0.67,0.62,48.39,0,31.22,19.77,50.99,49.01,7.58,9.73,20.03,45.46,4.87,2.64,4.68,1.43,3.11,0.48
206,6.04,4.34,18.64,0,9.49,17.13,12.37,0,0,1.14,0.59,0.47,29.79,0,38.5,31.23,69.73,30.27,5.14,7.99,19.16,45.85,4.99,4.49,2.4,0,9.97,0
207,3.87,7.62,11.71,0.71,4.73,9.84,5.02,0,0.65,0.86,0,0.12,54.88,0,28.64,16.36,45,55,14.09,8.29,16.69,42.35,5.53,5.97,2.85,0.08,4.15,0
208,7.58,3.17,21.44,0.27,4.86,25.68,9.58,0,0.35,0.81,0,0.75,25.52,0,37.31,36.42,73.73,26.27,10.01,11.24,32.04,27.18,4.89,2.44,4.98,0.11,6.4,0.72
209,9.02,0,17.96,0,6.33,22.51,12.89,0.2,1.55,1.24,0.75,0,26.47,1.1,33.3,40.23,73.53,26.47,8.44,11.1,22.3,38.08,3.64,4.02,5.85,0,6,0.58
210,8.52,3.33,21.18,0,1.18,25.39,13.29,0.51,3.5,1.64,0,1.59,19.87,0,34.22,44.33,78.54,21.46,4.71,8.64,30.1,38.17,1.99,2.13,6.5,0.52,4.63,2.62
211,3.68,0,33.11,0,3.09,25.55,10.48,0.33,0.36,1.93,0.56,1.41,19.5,0,39.89,39.2,79.09,20.91,9.21,13.4,22.43,29.34,5.4,3.37,3.67,0.47,11.92,0.78
212,5.47,0,20.61,0,0.25,15.75,8.52,0,0.45,2.96,0,0,44.78,1.21,26.33,28.9,55.22,44.78,7.81,5.68,32.61,39.35,7,2.4,1.61,0,3.53,0
213,6.6,0.37,27.71,0,7.99,16.45,9.69,0,0.29,1.98,0.7,0,28.22,0,42.67,29.11,71.78,28.22,13.86,13.51,20.46,26.74,9.93,3.42,3.76,0,6.42,1.91
214,18.26,0,21.52,0,7.35,14.52,3.87,0,0,2.97,0,0.83,30.68,0,47.12,21.37,68.49,31.51,7.9,6.54,24.23,44.19,2.25,0.87,4.46,0,9.46,0.1
215,10.93,0,13.05,0.61,4.3,28.32,12.59,0.01,0.26,2.42,0,0,27.52,0,28.89,43.59,72.49,27.52,1.61,7.97,32.83,37.34,2.53,6.56,5.1,0,5.87,0.18
216,17.69,0,10.79,0,6.09,21.97,11.52,0,0.62,0.04,0,0,31.27,0,34.58,34.16,68.73,31.27,9.04,3.64,26.41,33.3,9.63,3.62,4.08,0,10.1,0.18
217,12.6,0.69,10.86,0.56,6.19,18.48,7.26,0,0,1.62,0,0,41.73,0,30.91,27.36,58.26,41.73,5.23,5.07,21.59,43.65,3.83,7.14,4.89,0,7.88,0.71
218,17,0,15.81,0,5.05,14.16,9.21,0,0,0.26,0,0,38.04,0.47,37.87,24.1,61.96,38.04,5.14,7.9,29.05,37.64,1.93,4.46,6.73,0.47,5.1,1.59
219,9.02,0.17,16.79,0,5.48,20.96,10.87,0.18,0,0.74,0,3.72,30.2,1.86,31.46,34.61,66.07,33.93,13.67,12.94,18.76,35.63,3.23,4.03,3.47,0.32,7.94,0
220,7.65,1.5,21.67,0.57,2.03,14.23,11.3,0,0.48,1.43,0.47,0.42,38.15,0.1,33.42,28.01,61.43,38.57,3.95,5.55,21.85,31.29,5.61,4.02,15.42,0.1,12.2,0
221,8.4,0,19.83,0.4,8.09,21.36,15.98,0,0,1.43,0,0.58,23.86,0.07,36.72,38.84,75.56,24.44,5.02,16.69,26.91,30.18,1.93,2.12,4.54,1.76,10.85,0
222,8.69,1.86,17.97,0,3.43,26.79,12.53,0,0.9,2.39,0,0,25.43,0,31.96,42.62,74.57,25.43,6.45,8.38,27.91,27,5.35,6.98,12.64,0.33,4.71,0.24
223,10.59,0.51,19.4,0.67,9.11,23.46,8.01,0,0,4.76,0,0,22.15,1.33,40.28,37.56,77.85,22.15,19.58,6.26,27.63,27.32,8.06,2.47,3.22,0,5.46,0
224,3.53,0,30.33,12.1,0,13.45,13.74,0,0,0,0,0,26.84,0,45.97,27.19,73.16,26.84,3.94,0.49,16.16,62.04,0,0,17.37,0,0,0
225,8.87,1.89,23.92,0,5.28,13.52,6.15,0,0,1.36,0,0,39.01,0,39.96,21.03,60.99,39.01,10.6,6.04,21.5,41.21,6.88,3.92,3.02,0.33,6.49,0
226,13.15,4.13,10.92,0,4.57,15.45,10.33,0,0,1.17,0.3,0,39.98,0,32.77,27.25,60.02,39.98,3.34,5.78,21.1,46.85,4.53,3.33,8.24,0,6.49,0.35
227,11.83,8.07,20.15,0.98,10.32,17.61,9.15,0,1.48,0.26,0,0,20.14,0,51.36,28.5,79.86,20.14,6.32,10.78,27.63,34.74,11.68,1.42,1.62,0,5.8,0
228,7.53,9.26,17.78,0,3.81,13.8,8.31,0,0,1.5,0,1.09,36.92,0,38.38,23.61,61.99,38.01,2.95,4.18,23.53,40.85,5.73,7.77,9.01,1.14,4.84,0
229,8.42,2.99,26.09,0.24,6.85,9.61,5.8,0,0.82,0.23,0.15,0.27,38.53,0,44.6,16.6,61.2,38.8,4.93,5.91,21.98,44.03,6.56,3.81,4.93,0,7.67,0.17
230,8.47,4.73,20.78,0,10.04,11.06,4.09,0,0,0.77,0.23,0,39.84,0,44.01,16.14,60.16,39.84,3.37,10.26,19.12,51.66,1.98,1.19,6.44,0.86,4.41,0.71
231,7.45,0.73,35.02,2.26,7.63,7.99,2.33,0,0,1.4,0,0,33.35,1.84,53.09,13.56,66.65,33.35,6.3,9.22,20.61,47.21,9.3,1,1.34,0.33,4.7,0
232,5.28,0.82,29.55,0,7.58,10.14,5.23,0,0,2.05,0,0.38,38.97,0,43.23,17.42,60.65,39.35,6.33,5.99,22.41,46.6,4.98,3.19,2.21,0.28,8,0
233,6.3,1.09,25.02,1.01,4.74,9.64,2.69,0,0,1.67,0,6.65,41.19,0,38.16,14,52.16,47.84,8.54,13.2,13.94,47.18,4.79,4.98,3.37,0,4.01,0
234,4.75,0.62,21.3,0.65,2.74,11.77,6.18,0,0,0.94,0,0.36,50.7,0,30.05,18.89,48.94,51.06,6.63,7.71,27.62,43.04,3.37,7.25,0.8,0.44,2.52,0.61
235,4.19,0,25.79,0,9.09,15.48,3.83,0,0,3.57,0,1.39,36.25,0.4,39.08,23.28,62.36,37.64,8.96,14.7,24.16,36.43,5.92,2.08,1.99,0,5.49,0.26
236,8.08,0.78,26.03,0.21,2.51,19.8,8.02,0,2.85,0.14,0,0.14,31.45,0,37.6,30.8,68.41,31.59,9.43,5.33,31.63,26.55,4.44,6.97,1.73,0.11,7.7,6.11
237,7.09,0.88,24.63,0.41,0.39,27.82,9.65,0.61,0.41,2.64,0,0.16,25.31,0,33.4,41.13,74.52,25.48,6.12,12.84,31.78,9.56,14.08,3.3,6.04,0.49,12.88,2.9
238,22.81,0,18.6,0.31,2.36,19.14,12.71,1.6,1.73,3.05,0,0.16,17.54,0,44.07,38.22,82.3,17.7,3.54,7.43,39.72,21.84,4.48,4.29,8.52,0,9.08,1.09
239,15.03,1.39,20.65,0,4.56,25.77,10.47,0.02,1.42,3.31,0,1.25,16.13,0,41.63,40.99,82.62,17.38,5.44,8.76,26.04,33.22,4.98,12.26,3.75,0,4.09,1.47
240,8.78,0.73,25.67,0,0.1,21.32,8.06,1.11,1.14,2.59,1.45,3.6,24.45,1,35.28,36.67,71.95,28.05,2.9,8.29,34.52,27.09,4.29,5.97,6.92,0,6.83,3.19
241,11.05,4.32,22.91,0,3.94,21.63,6.71,0,0,3.13,0,4.37,21.4,0.54,42.22,32.01,74.23,25.77,21.87,10.14,30.5,23.05,3.04,3.65,1.91,0.41,3.32,2.12
242,20.14,3.55,16.33,0,4.63,9.43,5.9,0,0,2.88,0.19,11.23,25.72,0,44.66,18.39,63.05,36.95,23.11,6.77,25.36,25.01,2.1,10.11,4.57,0,2.22,0.74
243,5.63,0.37,15.63,0,4.65,18.22,6.9,0,0.07,2.32,0,0.52,45.69,0,26.27,27.51,53.78,46.22,5.86,11.03,23.05,46.13,2.91,1.14,4.07,0,5.17,0.63
244,6.32,0,18.69,0,6.56,13.13,5.71,0,1.95,2.7,0,1.25,43.69,0,31.57,23.49,55.06,44.94,7.6,6.59,17.67,37.45,3.76,9.25,8.5,0,7.23,1.95
245,13,0,18.57,0,3.9,16.64,5.04,0,0,1.46,0,0,41.38,0,35.47,23.14,58.61,41.38,16.49,7.82,33.74,24.57,7.6,4.42,0.77,0.38,3.82,0.38
246,12.8,0,32.69,0.66,3.8,17.61,4.11,0,0.36,6.21,0,0,20.8,0.97,49.95,29.26,79.21,20.8,5.6,11.58,23.15,50.65,0.86,4.94,0.52,0,2.45,0.25
247,7.07,0,23.04,0.45,4.13,17.08,6.7,0.36,0.73,1.37,0,0,39.08,0,34.69,26.23,60.92,39.08,4.29,9.02,23.08,43.9,4.71,4.15,3.44,0,6.17,1.23
248,4.09,0,19.99,0,0,16.6,26.89,0,2.89,11.77,11.77,4.2,1.81,0,24.08,69.9,93.98,6,8.29,8.49,22.08,0,0,0,61.14,0,0,0
249,6.72,0,21.35,0.23,1.7,21.84,15.16,0.37,0,0.52,0,1.36,30.75,0,30,37.89,67.89,32.1,12.79,8.14,15.25,37.53,8.96,5.94,3.9,0,7.49,0
250,13.08,0,20.58,0,2.72,24.33,9.03,0,3.65,2.05,0,0.31,24.24,0,36.38,39.06,75.44,24.56,4.66,15.85,30.46,22.38,9.42,5.4,5.05,0,5.12,1.66
251,14.41,0,18.4,0,6.28,28.8,8.14,0,3.73,2.58,0.56,0,17.1,0,39.1,43.8,82.9,17.1,1.21,7.18,36.09,35.17,0.63,1.14,8.44,0,10.04,0.1
252,14.75,0,15.04,0,5.07,21.99,2.37,0,0.24,0.76,0,0,39.79,0,34.85,25.36,60.21,39.79,6.22,15.41,36.4,25.5,4.12,4.31,0.84,0,4.67,2.53
253,9.53,20.2,20.81,0,1.98,16.56,0.48,0.17,1.11,5.75,0,1.29,22.13,0,52.52,24.07,76.57,23.43,35.03,16.04,16.95,13.64,7.92,0.68,3.04,0,6.53,0.17
254,21.03,0.83,21.62,0,2.54,20.84,9.73,0,0.68,3.7,0.8,0.03,17.86,0.34,46.02,36.08,82.1,17.9,4.55,10.72,30.5,42.28,1.01,1.45,1.61,1.7,3.64,2.55
255,3.19,2.75,11.51,0.63,1.92,28.05,19.77,0,0,0.08,0,2.72,29.38,0,20,47.9,67.9,32.1,5.43,15.26,20.7,36.59,6.16,2.27,3.32,0,10.15,0.11
256,11.02,0.4,28.09,0.61,5.02,21.56,9.7,0,1.23,2.46,1.31,0,18.61,0,45.13,36.26,81.39,18.61,11.24,8.21,28.17,35.17,6.34,3.96,1.77,0,4.46,0.69
257,9.62,0,20.34,0,2.28,23.6,13.58,0,0,0.53,0,0,30.04,0,32.25,37.72,69.96,30.04,11.62,7.39,24.77,37.62,4.27,2.05,2.91,0,8.56,0.81
258,8.67,0.39,29.55,0,6.98,18.26,8.67,0,0,1.47,0,1.07,24.94,0,45.59,28.4,73.99,26.01,11.46,12.28,22.72,36.99,6.27,2.97,2.03,0,4.58,0.69
259,3.82,0,22.55,0.43,7.04,14.47,8.37,0,0,1.94,0,0.65,40.44,0.29,33.84,25.07,58.91,41.09,10.17,11.05,20.71,44.72,3.54,3.93,3.16,0,2.71,0
260,16.17,0,17.09,0,4.5,12.11,3.37,0,0,1.38,0,1.9,43.49,0,37.75,16.85,54.61,45.39,8.94,5.55,18.85,42.73,14.45,1.26,5.78,0,2.44,0
261,3.14,0.24,33.16,0,4.94,20.28,8.86,0,0.3,2.26,0,0.92,25.89,0,41.49,31.71,73.19,26.81,7.11,10.69,28.94,35.47,3.97,1.54,2.82,0.9,8.56,0
262,6.16,0.32,20.96,1.44,1.45,15.24,9.45,0,0.72,1.01,0.17,0.44,36.79,5.85,30.33,32.44,62.77,37.24,10.54,3.48,28.64,43.6,4.57,5.09,1.98,0,2.07,0.03
263,0.32,0,30.51,0.25,5.53,12.81,6.39,0,0,1.44,0.16,0,42.33,0.26,36.6,21.07,57.67,42.33,4.39,10.59,23.51,39.65,4.55,4.53,5.35,0,7.43,0
264,6.61,0,32.72,0,3.06,15.85,8.48,0,0,0.78,0,1.17,31.35,0,42.38,25.1,67.48,32.52,5.13,11.96,25.75,31.77,6.29,3.86,2.84,0,12.42,0
265,6.42,0.32,22.24,0,1.75,13.92,11.01,0,1.81,2.62,0.3,0,39.62,0,30.72,29.66,60.38,39.62,4.39,6.98,23.63,50.45,1.51,4.95,0.18,0,7.91,0
266,3.87,0,19.39,0,5.11,17.14,6.18,0,0.38,11.88,0,0,36.06,0,28.37,35.57,63.94,36.06,8.36,7.38,31.18,40.59,3.58,2.07,4.91,0.89,1.04,0
267,2.94,2.05,24.8,1.26,5.99,17.95,10.86,0,0,0.5,0.5,0.4,32.73,0,37.05,29.82,66.86,33.14,7.78,5.38,24.25,36.59,6.7,2.61,10.25,2.05,4.4,0
268,3.5,0,24.25,0,4.68,33.84,5.15,0.45,2.48,2.89,0.76,1.88,20.13,0,32.42,45.57,77.99,22.01,5.8,7.38,41.51,21.67,10.04,2.64,3.96,0.09,4.28,2.62
269,5.53,0.12,26.1,1.13,1.74,27.38,7.34,1.29,1.73,1.92,0.25,1.46,23.99,0,34.63,39.92,74.55,25.45,8.58,5.85,36.44,17.86,10.87,3.42,9.4,3.17,2.79,1.63
270,8.26,0,17.98,0.56,3.08,29.93,15.58,0.41,1.38,3.44,0,0,19.36,0,29.89,50.75,80.64,19.36,2.26,5.62,43.86,23.77,1.73,4.4,6.08,0,9.04,3.25
271,11.28,0,20.11,2.41,0,42.7,1.08,1.36,6.06,7.05,0,0,5.11,2.85,33.8,61.09,94.89,5.11,2.53,6.2,81.71,1.92,0.21,0.29,0.97,0,5.53,0.66
272,7.65,0,17.6,0.09,6.22,35.58,10.39,0,2.57,0.97,0,0.27,18.67,0,31.56,49.51,81.06,18.94,3.49,5.01,50.35,28.88,4.86,2.12,2.36,0,1.19,1.74
273,7.3,0.03,21.44,0,6.08,23.72,10.24,0.24,0.22,1.34,0.59,0,28.44,0.36,34.85,36.71,71.56,28.44,11.86,6.89,25.72,34.72,5.21,3.26,6.41,1,4.32,0.6
274,18.73,0,14.66,0.01,2.6,19.19,11.47,0.61,1.08,0.02,0,0,31.63,0,36,32.36,68.37,31.63,2.93,4.57,32.67,23.65,5.21,3.99,8.98,1.46,14.82,1.73
275,18.66,0,13.73,0.14,2.94,18.72,9.85,0,0.76,1.92,0,0,33.02,0.24,35.47,31.5,66.98,33.02,6.7,3.62,28.9,26.19,3.43,2.21,11.67,0.03,12.43,4.82
276,9.8,0,19.45,0,4.17,21.3,14.93,0,0.12,2.9,0.24,0,27.07,0,33.42,39.5,72.93,27.07,7.46,2.96,25.75,47.14,5.11,3.44,5.43,0.53,2.18,0
277,3.75,0.4,19.84,0,3.98,22.41,11.84,0,0,1.44,0.54,0.05,35.74,0,27.97,36.23,64.2,35.8,5.49,7.42,26.36,39.29,6.44,1.13,1.32,0.57,11.81,0.18
278,5.22,0,23.1,0,6.02,11.08,6.44,0,0.68,3.27,0.53,0.49,43.18,0,34.34,21.99,56.33,43.67,5.42,6.15,22.56,45.15,6.43,1.73,5.98,0.35,5.78,0.46
279,4.84,1.66,25.94,0,10.49,6.88,2,0,0.12,2.38,0.36,0,44.48,0.85,42.93,12.58,55.52,44.48,3.69,11.22,26.52,38.93,2.74,5.34,6.67,1.4,3.5,0
280,7.44,7.03,33.1,2.06,1.24,23.02,5.38,0,0.18,2.93,0.15,0.43,17.02,0,50.88,31.67,82.55,17.45,12.09,8.14,36.14,28.26,5.45,2.36,1.69,1.34,3.56,0.97
281,2.61,2.86,24.35,0.61,7.38,26.49,13.26,0.85,1.57,1.66,1.3,0,17.05,0,37.82,45.13,82.95,17.05,3.24,10.37,29.66,27.32,7.95,4.94,4.52,1.39,8.1,2.5
282,4.08,0.07,24.5,0,2.31,23.77,7.59,0.32,1.58,5.77,1.42,0,27.59,0.99,30.96,41.44,72.41,27.59,5.8,11.09,28.18,21.24,16.2,6.35,5.72,0,3.93,1.48
283,5,4.84,30.38,0,1.68,20.19,4.94,0.31,0.62,1.58,0,0.69,28.8,0.98,41.9,28.62,70.52,29.48,7.24,8.62,40.33,23.69,0.96,7.36,6.7,1.65,3.03,0.41
284,2.64,3.55,27.53,0.81,10.77,17.14,4.51,0,0.42,0.86,0,0,31.77,0,45.31,22.92,68.23,31.77,5.12,16.47,24.89,43.67,1.69,0.83,3.1,0.47,3.65,0.1
285,3.31,1.88,16.83,0.55,6.52,13.51,9.15,0,0.75,3.6,0,0,43.9,0,29.09,27.02,56.1,43.9,9.02,9.93,22.63,38.32,6.08,5.41,4.16,0.27,4.17,0
286,5.2,3.89,38.83,0.28,2.28,20.78,8.48,0,1.1,8.83,0,0.75,9.59,0,50.47,39.19,89.66,10.34,16.36,14.21,22.24,21.22,12.28,2,3.62,0,7.02,1.07
287,1.98,1.6,19.66,1.55,4.44,27.86,11.55,0.34,0.86,1.93,0,3.85,24.37,0,29.23,42.54,71.77,28.23,9.54,9.71,22.08,22.86,12.15,2.95,9.79,0,9.11,1.81
288,2.05,2.03,40.21,0,8.74,12.87,4.67,0,0.15,3.79,0,0.49,25,0,53.03,21.48,74.51,25.49,1.56,1.16,26.46,56.53,1.65,5.33,2.39,0,3.99,0.92
289,2.66,7.22,23.92,0.56,8.31,15.41,6.17,0,2.08,0.86,0,0.83,31.3,0.67,42.67,25.19,67.87,32.13,5.53,7.53,32.68,35.14,5.18,2.52,0.92,0,9.39,1.11
290,5.13,8.1,18.69,0,6.54,9.01,3.04,0,0,1.37,0,0,45.34,2.79,38.46,16.2,54.66,45.34,3.83,2.76,31.89,43.24,2.12,4.41,7.06,0.6,2.64,1.45
291,3.63,8.58,18.48,0.59,8.86,19.52,12.69,0,0,1.17,0.25,0,26.24,0,40.14,33.63,73.76,26.24,5.72,6.19,25.23,39.03,7.98,0.71,12.52,0,2.63,0
292,4.62,3.73,15.53,0,8.32,17.25,9.01,0,2.9,3.84,0,0,34.81,0,32.19,33,65.19,34.81,3.14,11.93,22.49,47.02,4.07,3.42,4.44,1.22,2.27,0
293,5.53,6.9,23.03,0,10.26,5.91,6.97,0.2,1.72,2.38,0,1.18,34.18,1.73,45.72,18.92,64.64,35.36,1.9,8.37,25.92,38.27,3.04,6.62,7.5,0.93,6.37,1.07
294,4.06,8.98,20.73,0.55,8.01,4.6,0.79,0,0,1.14,0.47,0,49.87,0.81,42.32,7.81,50.13,49.87,2.18,9.62,22.42,54.64,4.52,1.29,4.2,0.32,0.82,0
295,3.12,6.43,26.89,0,7.86,10.17,7.62,0,0,2.99,0.49,1.05,33.38,0,44.31,21.26,65.57,34.43,3.22,5.58,20.13,47.54,6.55,3.23,10,0.53,3.21,0
296,2.44,0.41,16.75,0,26.25,20.86,9.95,0,0,1.58,0,8.27,13.47,0,45.85,32.41,78.26,21.74,8.45,0.74,16.19,40.57,3.39,0.8,29.5,0,0.37,0
297,0.58,2.52,27.28,7.11,7.29,29.77,10.06,0,0,0,0,3,12.37,0,44.77,39.86,84.61,15.39,11.19,14.45,22.87,28.76,8.63,2.84,8.38,0.78,2.1,0
298,1.79,6.51,22.48,0.26,11.94,7.49,6.31,0,0.43,1,0.14,0.94,40.44,0.28,42.97,15.65,58.62,41.38,3.22,8.41,22.18,49.19,3.2,6.15,2.67,0.41,4.52,0.04
299,3.81,3.22,35.02,0,8.73,15.63,3.93,1.44,1.3,1.91,1.03,0,24,0,50.77,25.23,76,24,8.06,16.14,17.66,35.36,3.66,10,3.82,0,5.29,0
300,9.34,8.98,19.92,0.31,1.39,25.28,8.2,0.65,0.76,2.15,0.26,0.55,22.01,0.2,39.94,37.5,77.44,22.56,5.09,8.53,43.66,18.25,5.63,2.3,3.69,0.74,5.4,6.72
301,7.73,0.73,30.24,0,3.77,28.77,14.22,0.16,3.96,1.39,0,0.16,8.88,0,42.46,48.51,90.97,9.03,2.17,8.49,41.48,18.39,2.44,12.46,6.67,0,5.75,2.15
302,13.11,1.19,38.93,0.62,1.82,18.68,8.15,0.43,0.28,1.18,0.07,0.3,15.22,0,55.68,28.79,84.47,15.53,1.94,9.81,26.65,22.22,11.86,13.66,3.48,0.27,8.5,1.62
303,12.6,5.85,44.81,0.62,1.87,14.09,3.89,0.14,0.3,4.47,0.42,0.2,10.24,0.49,65.75,23.8,89.55,10.45,4.46,4.69,25.31,43.55,5.51,2.64,1.59,0.58,8.68,2.99
304,7.23,0.28,25.72,0,4.88,14.23,3.37,0,0.73,2.83,0.62,0.52,39.26,0.32,38.12,22.11,60.23,39.77,2.49,6.03,35.12,42.37,1.92,2.25,4.64,0.16,4.6,0.4
305,2.58,1.2,33.63,0,3.63,10.04,2.31,0,1.01,1.96,0.48,0,43.15,0,41.05,15.81,56.85,43.15,3.91,11.28,25.51,41.76,4.48,4.35,1.32,1,5.67,0.73
306,3.5,0.7,29.92,0,7.95,6.01,1.5,0,1.22,2.86,0,0,46.34,0,42.07,11.59,53.66,46.34,6.91,9.87,30.28,39.35,3.73,2.67,4.5,0,2.69,0
307,4.71,0.49,33.55,0,10.79,9.23,3.57,0,0.19,2.92,0,0,34.34,0.2,49.54,16.11,65.66,34.34,5.36,9.03,28.36,38.55,4.07,5.81,1.42,1.06,6.03,0.31
308,1.5,0.41,28.7,0,10.69,6.66,1.33,0,0.69,0.35,0,0,49.65,0,41.3,9.04,50.35,49.65,3.86,5.27,29.49,58.53,0.54,0.76,0.69,0,0.86,0
309,4.94,0.49,37.68,0,10.53,8.27,3.86,0,1.09,1.78,0,1.06,30.19,0.11,53.65,15.11,68.75,31.25,3.02,5.84,25.78,40.95,5.17,7.39,6.15,0.21,5.49,0
310,1.78,0,32.6,0,7.99,10.56,7.59,0,0.65,2.7,0,0,34.59,1.54,42.37,23.04,65.41,34.59,1.94,10.41,27.56,34.83,2.92,11.99,7.34,0.97,2.05,0
311,2.68,4.37,27.83,0,7.45,9.36,5.82,0,0.19,4.75,0.82,0,36.56,0.16,42.33,21.11,63.44,36.56,2.98,8.24,22.57,43.86,3.72,3.82,8.39,0,6.39,0.03
312,7.6,0.62,22.09,0.17,7.62,15.35,12.21,0,1.28,4.18,0.53,0,28.36,0,38.1,33.53,71.64,28.36,2.9,4.82,20.66,47.75,4.64,0.62,9.04,0.29,9.06,0.23
313,2.83,1.13,24.84,0.22,7.86,13.52,6.33,0,0,3.17,0,0,38.59,1.51,36.89,24.52,61.41,38.59,4.59,6.27,26.47,51.88,4.98,1.83,0.24,0.55,3.2,0
314,7.27,0,29.09,0,10.88,8.99,3.72,0,0.62,2.01,0,0,37.29,0.12,47.25,15.47,62.71,37.29,4.59,3.69,30.13,46.08,2.67,6.78,1.28,0,4.56,0.22
315,7.32,0,25.74,0.3,6.23,8.08,2.54,0,0.35,3.81,0.19,0.88,44.55,0,39.59,14.98,54.57,45.43,4.76,10.71,25.86,44.38,2.29,3.48,2.38,0.35,5.61,0.18
316,9.91,3.29,15.13,0.15,6.36,31.45,14.58,0.81,2.62,4.55,0,2.33,8.82,0,34.84,54.02,88.85,11.14,5.69,5.96,38.95,34.46,2.65,6.16,2.21,0,3.33,0.58
317,8.32,9.03,19.01,0,0.71,38.97,9.04,0.2,2.87,7.23,0,0.23,4.39,0,37.07,58.31,95.38,4.62,4.87,5.79,57.84,15.67,3.21,1.68,3.93,0.29,6.65,0.07
318,5.47,5.87,25.83,0,2.95,23.84,4.9,0.05,0.75,5.62,0.26,0,23.37,1.09,40.12,36.51,76.63,23.37,1.63,12.6,53.25,19.42,4.73,2.89,3.7,0,1.01,0.76
319,4.17,0,27.75,7.18,5.81,30.29,7.41,0.45,0.73,2.47,0,0.39,13.35,0,44.9,41.35,86.25,13.75,3.39,3.81,53.36,24.59,1.73,4.78,4.91,1.27,0.92,1.26
320,2.83,0,29.33,0,3.72,9.72,3.4,0.24,0.63,1.3,0.28,0.18,48.1,0.27,35.88,15.84,51.72,48.28,3.84,8.07,28,43.05,2.38,4.54,4.99,1.3,3.82,0
321,5.8,0.13,17.29,0,4.24,32.86,9.67,0.7,1.31,2.17,0.21,0.64,24.97,0,27.47,46.92,74.39,25.61,3.29,6.49,39.14,31.35,5.38,2.44,5.71,0.22,3.52,2.45
322,4.14,0.57,18.18,0,9.74,31.71,8.3,0.52,2.26,2.16,0,0.33,22.11,0,32.62,44.94,77.56,22.44,5.5,17.68,27.03,31.53,3.79,2.47,7.97,0.34,2.19,1.51
323,11.16,0.86,18.64,0,13.42,13.31,9.53,0,0,1.64,0,0,30.89,0.56,44.07,25.04,69.11,30.89,4.71,3.48,26.81,42.21,4.88,2.16,4.13,0.1,11.52,0
324,2.02,0,37.56,0.47,12.76,10.23,3.38,0,0.54,3.75,0,0,29.29,0,52.81,17.9,70.71,29.29,4.72,7.56,34.46,37.46,3.71,5.03,1.82,0,5.17,0.08
325,2.89,0,19.99,0,4.64,16.69,17.44,0.41,0,1.51,0.78,0.55,35.11,0,27.51,36.83,64.33,35.67,1.56,10.35,22.35,49.06,2.44,2.26,3.88,0,8.1,0
326,11.07,0.07,30.07,0,4.92,18.8,10.95,0,0,2.73,0,0.65,20.07,0.66,46.13,33.14,79.28,20.72,6.93,6,30.14,39,0.94,2.77,5.78,0,8.45,0
327,2.61,0.15,17.24,0,5.37,31.81,13.89,0.36,0.7,2.46,0,0,25.4,0,25.37,49.23,74.59,25.4,6.77,3.37,42.97,31.84,3.88,3.49,2.18,0,5.29,0.22
328,5.56,1.63,15.69,1.89,7.72,30.92,15.98,1.24,0.41,2.15,0,0,16.43,0.37,32.49,51.08,83.57,16.43,3.15,5.53,40.52,32.17,3.18,1.38,3.47,0.51,9.04,1.06
329,4.73,2.83,17.44,0,3.26,30.01,15.68,0.19,1.34,3.63,0.99,1.1,18.79,0,28.27,51.84,80.11,19.89,5.18,8.25,28.46,28.19,9.23,2.53,4.91,0.06,12.42,0.77
330,5.26,0.82,19.24,0,6.75,33.29,11.28,0.5,0.83,1.76,0,0,20.28,0,32.07,47.64,79.72,20.28,5.82,13.12,38.69,20.34,7.47,5.34,5.26,0,3.68,0.3
331,4.77,0.19,21.63,0.14,12.73,20.3,10.96,0,0.45,3.13,0,0.88,24.81,0,39.46,34.84,74.31,25.69,6.43,7.39,33.84,32.41,12.67,2.73,1.13,0.72,2.64,0.04
332,3.68,1.28,16.4,0,6.62,13.19,8.78,0,0,4.19,1.36,0.75,43.74,0,27.99,27.52,55.51,44.49,6.89,4.59,21.8,41.77,8.39,1.12,5.23,0,9.8,0.42
333,5.7,6.33,25.62,2.67,4.19,20.72,4.67,0,0,4.99,0,0,25.11,0,44.51,30.39,74.89,25.11,10.14,10.82,24.02,37.97,6.56,2.71,1.8,0.28,5.69,0
334,2.51,0.13,18.1,0,11.13,28.26,9.56,0.46,0.5,3.3,0,0.04,26.03,0,31.87,42.07,73.93,26.07,5.05,9.77,39.42,33.93,3.81,1.31,1.23,0,4.98,0.51
335,3.09,0.82,19.91,0,7.05,21.02,11.07,0,0.61,1.39,0,0.74,34.31,0,30.86,34.09,64.95,35.05,4.7,6.44,31.8,37.06,4.23,5.61,2.94,0,7.22,0
336,3.16,0,31.94,0,14.84,17.77,4.1,0,0,2.01,0,0.32,24.28,1.57,49.95,25.46,75.41,24.59,8.21,13.66,32.89,36.77,2.84,0.62,2.01,0,3,0
337,3.83,5.92,20.28,0,10.75,21.9,15.59,0,0.81,1.35,0,0.36,18.46,0.76,40.77,40.41,81.18,18.82,5.76,5.2,34.19,28.17,3.1,2.56,6.1,0,12.38,2.54
338,7.53,4.53,21.35,0,2,18.03,7.57,0.52,0.19,3.51,0,4.36,30.17,0.25,35.4,30.06,65.47,34.54,13.28,5.76,36.77,30.59,1.27,2.8,3.49,0.9,4.33,0.82
339,21.76,4.16,24.41,0.39,0.58,30.33,4.8,0.26,1.22,1.77,0,2.42,7.9,0,51.3,38.39,89.68,10.32,0.88,1.58,33.65,53.05,0.32,3.11,1.53,0,4.91,0.97
340,17.02,0,23.79,0.8,1,35.93,6.18,1.15,1.52,1.55,0,1.66,8.55,0.85,42.61,47.18,89.79,10.21,9.67,2.02,37.73,16.31,8.58,2.86,5.82,0.04,14.58,2.39
341,6.71,0.57,16.82,0,7.04,24.28,8.65,0.26,0.8,9.5,0,0.85,24.51,0,31.14,43.5,74.64,25.36,2.68,11.5,33.05,32.86,3.64,3.96,3.42,0,5.01,3.87
342,8.99,2.94,13.85,0,3.8,32.18,10.93,1.18,0.96,1.09,0,0.98,23.1,0,29.58,46.34,75.92,24.08,4.18,8.79,30.68,32.26,7.91,4.77,3.87,0.43,4.69,2.42
343,2.86,0,9.31,0,18.6,32.79,12.52,0,1.83,2.73,0,0,17.49,1.83,30.78,51.71,82.48,17.49,9.34,3.44,47.08,25.43,1.06,4.23,0,0,9.39,0
344,6.48,5.23,15.5,1.36,5.66,23.8,10.68,0,0.48,1.1,0,0,29.66,0.06,34.23,36.11,70.34,29.66,11.47,7.82,29.1,34.11,4.87,4.2,3.99,0.21,3.56,0.67
345,1.57,3.07,11.27,0,15.74,15.09,4.59,0,0,1.57,0.88,2.75,43.45,0,31.66,22.13,53.79,46.21,8.32,12.76,26.89,41.27,1.82,2.01,3.58,0,3.35,0
346,0,0,0,0,0,100,0,0,0,0,0,0,0,0,0,100,100,0,100,0,0,0,0,0,0,0,0,0
347,0.09,1.44,17.58,0.83,13.14,12.13,9.52,0,0.03,1.96,0,2.38,40.86,0.04,33.08,23.69,56.77,43.23,17.16,6.34,29.23,37.6,1.4,0.31,1.74,1.4,2.8,2.03
348,0,0,23.86,3.86,12.33,16.95,9.23,0,0,1.75,0,0.53,30.98,0.5,40.07,28.43,68.49,31.5,22.28,2.88,36.04,30.65,0.28,1.99,2.02,0.58,3.26,0
349,0,0,0,0,0,100,0,0,0,0,0,0,0,0,0,100,100,0,0,0,100,0,0,0,0,0,0,0
350,0.17,6.56,8.85,0.94,23.89,12.2,5.3,0,0,2.3,0,0,39.78,0,40.42,19.8,60.22,39.78,6.15,7.7,33.23,49.14,0.27,1.03,0,0,2.34,0.13
351,3.27,11.68,15.74,0,8.97,13.33,7.87,0.13,0,1.17,0,0,37.85,0,39.65,22.5,62.15,37.85,4.38,5.58,22.95,56.73,4,0.77,1.54,0,4.05,0
352,0,0,25.07,0,0,40.46,19.82,0,8.98,0,0,0,5.66,0,25.07,69.27,94.34,5.66,6.81,24.83,38.91,0,29.45,0,0,0,0,0
353,0,0,100,0,0,0,0,0,0,0,0,0,0,0,100,0,100,0,0,0,100,0,0,0,0,0,0,0
354,0,0,0,0,0,100,0,0,0,0,0,0,0,0,0,100,100,0,0,100,0,0,0,0,0,0,0,0
355,3.85,8.26,11.92,0.31,4.32,15.9,5.85,0,0,0.81,0,1.18,47.6,0,28.66,22.57,51.23,48.77,1.79,12.4,35.44,41.96,4.12,0.65,0,0,3.64,0
356,5.67,10.71,12.56,0.22,5.34,6.63,2.37,0.13,0,2.09,0,0,54.29,0,34.5,11.21,45.71,54.29,8.28,8.58,24.42,52.89,0.95,1.04,1.31,0.28,2.26,0
357,5.27,10.9,7.14,1.42,3.29,8.47,3.06,0,0,1.59,0,0,58.86,0,28,13.14,41.14,58.86,11.61,2.82,28.42,54.32,0,1.42,1.42,0,0,0
358,4.23,0,10.21,0.41,9.31,23.37,13.28,0.36,0,0.82,0,3.04,34.41,0.56,24.16,38.39,62.55,37.45,11.64,7.07,26.67,32.52,4.48,2.25,4.35,0,8.67,2.35
359,0.99,0.48,7.66,0,14.82,17.49,7.51,0,0,9.14,3.85,0,32.42,5.65,23.94,43.64,67.58,32.42,9.04,2.25,49.98,28.13,1.19,0.48,1.19,0,5.86,1.89
360,8.06,0.06,13.15,0,12.83,14.74,6.67,0,0,1.63,0,8.56,34.3,0,34.1,23.04,57.14,42.86,21.37,12.66,17.81,23.5,1.75,4.82,8.57,0,9.52,0
361,2.69,0,13.14,0,19.79,18.7,7.12,0,0,0,0,0.77,37.79,0,35.62,25.82,61.44,38.56,24.79,5.61,17.81,28.06,3.64,1.44,1.82,0,16.82,0
362,1.95,0,38.73,0.32,3.27,22.29,11.2,0.81,1.7,4.14,0.28,0,15.31,0,44.27,40.42,84.69,15.31,2.51,6.03,31.31,28.74,4.53,14.52,2.3,0,7.68,2.37
363,2.73,0,21.31,0.44,4.4,29.06,11.59,0.2,1.45,0.93,0,0.89,27.01,0,28.87,43.23,72.1,27.9,3.67,7.92,33.92,24.88,7.84,7.62,4.62,0.03,7.12,2.37
364,1.18,4.31,23.55,1.72,4.55,27.06,7.29,0,0.14,3.03,0.94,0.68,25.55,0,35.31,38.47,73.78,26.22,43.28,6.86,29.43,13.3,0.97,0.28,1.59,2.01,1.86,0.41
365,2.15,0,48.35,3.05,0.56,25.91,6.14,0.05,1.28,0.96,0,0.26,11.29,0,54.11,34.35,88.46,11.54,27.61,9.3,30.16,6.46,2.69,1.51,7.2,9.71,5.36,0
366,4.11,0.35,26.59,0.79,3.82,29.71,7.02,0,0.38,3.71,0.85,0.4,21.93,0.34,35.66,42.01,77.67,22.33,14.28,12,30.38,22.03,6.73,2.15,5.28,0.25,5.65,1.26
367,2.74,0,18.61,0.18,4.82,20.45,17.11,0.23,0,2.35,0,1.8,31.71,0,26.35,40.13,66.48,33.52,3.94,6.26,35.24,27.95,4.36,7,6.14,0,9.1,0
368,0.92,0,20.47,0,1.24,25.52,9.9,0,0.14,1.15,0,0,40.67,0,22.62,36.71,59.33,40.67,3.2,10.84,31.44,35.25,6.3,6.69,2.01,0,2.46,1.81
369,3.53,0,18.41,0.62,6.53,26.56,12.43,0.31,0.3,0.99,0,0,29.88,0.42,29.1,41.02,70.12,29.88,10,9.98,22.22,35.66,2.99,2.57,4.68,0.24,8.91,2.75
370,0.69,0,22.01,0,8.7,25.97,8.69,0,0,6.18,2.04,0.04,24.46,1.22,31.41,44.1,75.5,24.5,8.19,6.33,29.82,32.66,5.07,3.89,5.28,0,8.4,0.37
371,2.58,0,17.19,0,5.78,22.97,17.3,1.05,0.71,0.87,0,0.88,30.67,0,25.55,42.89,68.45,31.55,6.39,6,25.24,55.08,0.41,1.53,2.47,0,1.94,0.94
372,4.45,6.04,17.89,1.4,8.06,22.17,8.94,0.62,0.24,0,0,0,30.18,0,37.84,31.98,69.82,30.18,5.99,7.3,23.74,39.41,4.68,9.44,1.44,0,8,0
373,1.85,0.52,20.17,0.45,4.78,19.13,16.44,0,0,4.41,0,0.62,30.75,0.88,27.76,40.86,68.63,31.37,6.38,5.97,17.92,40.46,2.09,3.69,17.18,0.42,5.55,0.33
374,1.96,20.58,28.31,1.38,0,30.82,6.95,0,4.35,3.32,1.18,0,1.15,0,52.24,46.61,98.85,1.15,5.09,3.14,62.76,0,0,0,2.41,0,26.58,0
375,4.17,0,18.43,0.33,7.52,16.41,10.12,0,0,1.76,0,5.94,35.32,0,30.45,28.29,58.74,41.26,19.83,5.22,20.49,41.56,1.75,5.82,3.14,0.07,1.96,0.16
376,1.36,0.43,13.11,1.01,7.81,19.32,6.89,0.16,0,0,0,3.57,44.51,1.83,23.71,28.2,51.92,48.08,19.95,5.74,15.46,34.72,5.88,1.79,6.2,0,8.95,1.31
377,2.44,1,13.58,0.81,5.71,15.61,10.47,0,0.45,1.04,0.11,1.31,47.02,0.46,23.53,28.14,51.67,48.33,11.55,10.71,18.31,38.53,4.77,3.67,7.74,0.27,4.25,0.2
378,5.83,0,17.97,1.44,10.12,18.3,4.97,0,1.68,0.92,0,1.32,36.94,0.51,35.36,26.38,61.74,38.26,17.44,8.06,27.64,36.42,2.16,1.68,2.96,0,2.59,1.06
379,1.34,0,17.36,0,5.5,23.32,4.32,0,1.31,0.88,0,1.04,44.3,0.62,24.21,30.45,54.66,45.34,8.46,19.85,26.18,32.91,8.77,1.31,0,0.13,2.36,0.03
380,1.29,0,32.41,0.19,6.57,6,3.58,0,0.55,1.36,0.46,1.78,44.59,1.21,40.47,13.16,53.63,46.37,10.9,11.93,19.61,41.64,4.51,5.35,4.51,0.68,0.86,0
381,NA,NA,NA,NA,NA,NA,NA,NA,NA,NA,NA,NA,NA,NA,NA,NA,NA,NA,NA,NA,NA,NA,NA,NA,NA,NA,NA,NA
382,0.47,0.39,25.1,0.83,6.47,13.12,8.51,0,3.04,1.52,0,2.45,37.9,0.19,33.27,26.38,59.64,40.36,7.44,6.47,17.53,40.04,6.51,3.62,9.78,0.45,7.18,0.99
383,0,0,23.42,1.59,10.42,7.17,6.19,0,0,0.93,0,0,50.28,0,35.43,14.29,49.72,50.28,8.31,8.55,18.33,52.6,3.9,1.95,1.55,0.65,4.14,0
384,4.33,0,14.54,3.44,7.74,13.73,5.02,0,0.5,0,0,0,48.82,1.88,30.05,21.13,51.18,48.82,13.12,6.9,22.72,41.88,3.13,2.26,8.25,0,1.75,0
385,0,0,0,0,0,0,60.66,0,0,0,0,0,39.34,0,0,60.66,60.66,39.34,39.34,0,60.66,0,0,0,0,0,0,0
386,0,0,22.45,0,3.89,18.81,5.79,0,0,4.92,0,2.38,41.78,0,26.34,29.51,55.85,44.15,29.87,5.81,13.59,41.23,3.22,1.67,3.05,0,1.55,0
387,3.12,0,18.87,1.08,8.03,16.8,6.68,0,0,1.74,0,0.56,43.02,0.1,31.1,25.31,56.41,43.59,11.74,6.47,14.92,54.61,3.57,5.2,1.26,0,2.11,0.12
388,0,0,15.76,1.47,11.94,23.96,9.22,0,0,1.51,0,1.72,33.21,1.2,29.16,35.91,65.07,34.93,18.86,4.55,32.25,39.94,1.49,0.18,0,0,2.73,0
389,0.36,0,14.14,3.15,3.03,11.12,8.87,5.04,0,5.64,0,1.85,45.92,0.87,20.69,31.54,52.23,47.77,5.33,5.91,30.26,23.42,15.75,4.86,2.69,0.19,10.82,0.76
390,0,0,17.72,5.45,7.29,12.97,21.54,0,0,6.73,0,16.61,11.68,0,30.46,41.25,71.71,28.29,27.32,7.85,21.68,19.78,14.27,0.73,0.97,0,7.41,0
391,10.65,9.69,10.81,0.44,8.18,15.94,5.84,0,3.16,0,0,0,34.62,0.67,39.77,25.61,65.38,34.62,8.21,4.6,31.74,36.78,3.34,3.77,3.29,1.75,6.3,0.22
392,0,100,0,0,0,0,0,0,0,0,0,0,0,0,100,0,100,0,0,0,69.22,0,0,0,0,0,30.67,0
393,8.57,6.6,9.03,0.27,3.44,15.45,10.12,0,1.49,1.66,0,0.27,43.09,0,27.91,28.73,56.64,43.36,14.26,8.44,18.93,41.02,3.86,3.13,1.76,0.44,8.14,0
394,3.82,8.99,7.35,0,7,13.4,6.26,0,0.42,2.74,0,1.27,48.73,0,27.17,22.83,50,50,11.58,2,21.29,38.58,4.28,6.35,10.11,0.21,5.62,0
395,3.21,9.14,13.49,0,6.04,14,6.91,0,0.17,1.53,0,4.04,41.03,0.44,31.88,23.05,54.93,45.07,7.22,10.65,29.83,48.08,0.69,0.77,1.45,0.38,0.55,0.39
396,4.13,8.12,9.8,0.16,1.47,17.18,10.92,0,0.6,1.87,0.16,0.99,44.59,0,23.68,30.73,54.42,45.58,11.98,7.51,17,32.65,10.03,4.15,8.62,0.15,7.46,0.46
397,2.11,4.5,20.63,0,8.74,12.6,5.67,1.3,0,0.6,0.26,2.38,41.22,0,35.98,20.42,56.4,43.6,16.89,6.91,16.29,41.84,4.06,2.95,1.89,2.56,6.28,0.33
398,1.97,0.98,11.22,1.5,3.74,16.08,8.35,0,0.29,4.52,1.56,0.97,47.86,0.97,19.41,31.77,51.17,48.83,13.87,13.81,12.78,47.05,1.39,3.86,3.76,0.43,2.67,0.38
399,6.57,6.72,11.16,1.28,12.42,9.16,4.2,0,0,1.53,0,0.97,45.88,0.11,38.14,15.01,53.15,46.85,11.27,4.35,20.79,54.53,3.14,1.52,0.3,0.17,3.95,0
400,3.36,6.94,11.21,3.06,5.85,11.95,4.68,0,0.63,1.79,0,2.28,47.26,1.01,30.42,20.04,50.47,49.53,14.9,16.12,13.14,39.55,4.86,1.82,3.89,1.73,3.99,0
401,1.41,3.88,13.92,1.69,6.35,16.07,8.75,0,0.47,0.45,0.1,3.72,42.84,0.35,27.25,26.19,53.43,46.57,9.06,5.81,18.25,42.18,3.27,5.17,5.08,1.54,8.85,0.78
402,0.9,4.75,17.8,1.07,8.74,14.12,7.63,0,0.18,0,0,7.23,37.58,0,33.26,21.93,55.19,44.81,9.66,8.67,6.83,50.12,7.73,5.29,6.51,2.25,2.94,0
403,0.96,4.28,12.97,7.44,10.9,9.43,7.04,0,0,0,0,9.14,37.84,0,36.55,16.47,53.02,46.98,18.38,2.97,16.48,46,3.89,9.12,2.08,0,1.08,0
404,1.8,2.47,12.28,0.92,0.5,26.91,15.75,0.85,0.2,1.78,0,1.59,34.89,0.06,17.98,45.55,63.52,36.48,3.19,6.15,29.84,42.3,4.97,2.65,5.28,0.42,4.13,1.06
405,2.57,7.24,23.67,2.76,2.34,21.65,9.03,0,1.36,4.14,0.14,2.74,22.36,0,38.58,36.32,74.9,25.1,6.08,9.92,26.05,39.38,3.33,6.31,5.1,0,3.82,0
406,1.19,7.45,26.71,3.79,0.43,24.86,11.09,0,0.53,1.78,0,1.45,20.2,0.53,39.57,38.78,78.35,21.65,5,9.8,28.39,37.25,6.32,3.87,2.54,0.34,5.93,0.56
407,0.99,2.69,19.59,1.24,1.48,18.77,10.77,0,0,3,0.25,1.56,39.64,0,26,32.79,58.8,41.2,8.14,5.16,20.96,46.52,5.72,4.13,5.77,0.3,3.11,0.21
408,3.89,8.73,16.1,0.42,4.93,11.05,6.25,0,0,1.56,0.37,1.59,45.1,0,34.07,19.23,53.3,46.7,9.97,9.44,18.95,42.7,3.35,4.22,3.17,0.37,7.83,0
409,3.84,2.29,15.57,0.63,7.17,15.43,10.88,0,0,2.21,0.28,0,41.7,0,29.5,28.81,58.3,41.7,13.59,7.04,18.05,52.99,0.99,0.5,5.43,0,1.41,0
410,0.51,0.51,21.22,0,10,25.44,7.97,0,0,8.57,2.75,2.2,20.83,0,32.24,44.73,76.97,23.04,35.16,9.43,9.26,29.88,2.31,4.96,2.72,0.45,5.83,0
411,0.42,1.4,19.63,1.95,4.95,19.52,16.37,0,4.35,3.78,0,0.96,26.68,0,28.35,44.01,72.36,27.64,18.2,3.35,24.09,43.77,1.41,5.56,1.1,0.48,2.05,0
412,0.74,1.33,23.76,1.04,1.26,21.75,10.54,0,0,4.2,0.49,0.19,34.72,0,28.12,36.98,65.09,34.91,9.02,5.67,21.17,42.58,7.51,1.98,6.22,1.05,3.62,1.2
413,0,4.53,16.53,0,14.53,11.05,9.38,0,0,1.49,1.29,1.58,39.62,0,35.59,23.21,58.8,41.2,11.38,8.59,21.99,49.54,1.57,0,5.92,0,1.02,0
414,0,0.58,6.27,0.74,8.19,19.27,5.75,2.82,0,1.46,0,4.82,49.83,0.27,15.77,29.57,45.34,54.66,3.59,7.64,13.08,46.52,5.38,7.19,2.75,2.05,11.67,0.13
415,0,0,6.2,6.31,5.5,12.88,7.27,0,0.74,0.1,0,2.81,57.41,0.76,18.02,21.76,39.78,60.22,7.74,10.59,18.85,37.41,0,6.25,12.24,0,5.54,1.36
416,0.45,0,2.79,0.9,9.12,18.7,9.33,0,0,2.75,0.5,12.17,42.76,0.53,13.26,31.81,45.07,54.93,9.8,15.38,20.25,41.91,4.72,0.63,2.94,0.31,4.07,0
417,2.07,2.67,6.67,0,4.75,24.13,12.1,0,0.87,4.88,0.92,0.95,39.56,0.44,16.15,43.34,59.49,40.51,8.37,11.51,22.21,36.57,2.24,2.51,5.58,0.27,8.9,1.84
418,4.77,1.19,9.33,0.43,3.02,30.14,8.79,0,2.7,5.03,1.42,0,32.65,0.53,18.73,48.62,67.35,32.65,5.36,10.68,22.56,34.93,2.78,5.97,7.59,0.05,9.79,0.29
419,3.37,1.87,9.14,0,7.41,21.12,9.06,0.04,0.17,10.89,0.41,0.1,36.43,0,21.78,41.69,63.47,36.53,3.29,10.2,25.85,47.84,3.22,0.7,2.45,0,4.54,1.91
420,1.69,0.15,23.02,0,0.85,41.93,7.21,0,0.94,1.49,0,2.4,20.32,0,25.71,51.57,77.28,22.72,8.17,32.63,24.78,10.49,10.46,2.39,6.16,0,2.16,2.77
421,6.31,12.94,13.49,4.09,0.96,26.25,3.2,0,0.19,2.72,0.06,0.4,27.64,1.76,37.8,34.16,71.96,28.04,17.5,14.28,34.96,19.32,2.81,2.69,3.02,0,4.91,0.51
422,3.58,5.41,25.7,0.92,2.63,29.02,13.41,0.08,1.74,1.78,0,0.25,15.21,0.27,38.23,46.3,84.53,15.47,4.37,6.66,29.16,30.52,4.77,9.13,4.5,0.29,9.1,1.5
423,1.4,3.78,9.48,0.37,7.39,40.44,19.13,2.07,0.03,2.03,0,0,13.88,0,22.42,63.71,86.13,13.88,5.23,11.96,25.7,38.85,3.76,3.33,7.61,0,3.07,0.49
424,3.59,2.58,23.83,1.05,1.91,26.87,11.02,1.5,2.59,1.14,0,0,23.92,0,32.97,43.11,76.08,23.92,9.24,5.42,25.88,38.74,0.6,6.85,2.6,0,10.66,0
425,2.93,0,11.59,1.58,1.51,17.73,17.51,0.8,4.49,1.22,0,2.27,38.37,0,17.62,41.75,59.37,40.63,18.99,8.47,15.68,38.06,0.33,10.31,4.06,1.09,2.55,0.47
426,1.88,5.93,13.72,1.8,9.1,34.43,7.03,0.09,2.01,0.51,0,4.56,18.95,0,32.42,44.07,76.49,23.51,7.98,3.26,29.65,38.03,6.12,3.04,3.27,0.42,8.14,0.1
427,5.54,7.7,5.48,2.37,2.34,23.82,15.96,0,1.61,1.6,0,0.29,33.29,0,23.43,43,66.42,33.58,8.21,10.1,27.52,38.53,2.12,3.98,5.57,0,3.97,0
428,0.95,5.26,11.98,1.18,3.38,27.65,17.02,0,0.89,0.26,0,0.35,30.17,0.92,22.74,46.74,69.48,30.52,8.43,9.05,26.52,43.59,2.34,4.73,3.33,0,1.57,0.43
429,2.71,2.08,9.85,0.78,6.9,32.25,7.71,0,0,1.72,0,0,35.16,0.83,22.33,42.51,64.84,35.16,8.73,12.21,18.19,43.69,9.61,1.88,2.15,0.32,2.81,0.42
430,3.12,8.33,15.24,1.19,3.9,20.99,15.03,0,0,3.03,0.63,0,28.54,0,31.79,39.68,71.46,28.54,15.34,6.07,25.51,43.25,1.35,2.13,1.89,0.12,4,0.34
431,2.37,1.08,17.15,5.15,1.84,23.72,16.73,0,0,2.44,0,0.85,28.67,0,27.59,42.89,70.48,29.52,11.87,10.8,15.39,35.25,12.2,1.19,6.14,0,7.01,0.15
432,3.5,2.42,14.42,0.8,1.64,30.76,21.72,0,1.67,1.96,0,0,21.12,0,22.77,56.11,78.88,21.12,5.99,4.73,21.91,40.02,3.89,10.03,5.18,0.47,7.78,0
433,0.78,0.94,25.83,1.53,3.98,21.75,8.48,0,0,4.95,0.31,1.64,29.79,0,33.08,35.49,68.57,31.43,7.23,5.39,24.52,41.67,2.79,3.88,3.28,0.29,10.94,0
434,0.34,8.38,14.21,0.66,7.1,14.21,42.08,0,0,1.01,0,1.3,10.68,0,30.71,57.31,88.02,11.98,56.02,10.52,5.75,13.8,0.71,3.79,4.69,0.79,3.92,0
435,1.37,6.01,18.82,9.54,7.76,27.15,6.26,0,0.28,2.84,0,0,19.96,0,43.5,36.54,80.04,19.96,36.88,4.55,20.68,27.43,1.04,2.14,1.68,0.41,4.14,1.06
436,1.87,5.64,15.08,0.66,9.07,22.01,8.29,0.12,1.62,0.74,0,0,34.32,0.58,32.32,33.36,65.68,34.32,5.77,9,24.07,35.43,4.19,6.47,6.7,1.11,6.66,0.6
437,2.9,7.02,14.54,3.31,3.49,14.3,6.87,0,0.03,0.81,0.28,0,46.45,0,31.27,22.29,53.55,46.45,10.6,6.52,17.46,48.08,2.31,5.17,1.13,0,8.68,0.05
438,3.17,6.68,17.9,2.37,4.75,17.59,5.94,0,0,0.29,0,0,41.32,0,34.87,23.81,58.68,41.32,11.07,8.49,16.84,49.15,1.83,7.62,3.53,0,1.49,0
439,3.05,5.69,18.35,3.57,2.84,21.17,10.96,0,0,4.17,0.71,0,29.49,0,33.5,37.01,70.5,29.49,10.87,4.98,22.83,37.78,3.8,3.28,1.29,1.12,14.06,0
440,6.25,6.95,14.28,1.4,8.47,23.1,12.45,0,0.22,1.06,0,4.49,20.64,0.7,37.36,37.52,74.87,25.13,7.2,7.83,15.54,31.41,11.16,6.25,5.93,0.31,14.24,0.15
441,2.26,7.35,21.67,1.74,14.92,18.13,7.75,0,0.59,0,0,1.26,24.33,0,47.94,26.47,74.41,25.59,12.9,6.22,19.77,37.35,6.43,5.82,8.26,0,3.25,0
442,3.8,9.53,15.48,1.44,12.36,21.91,11.73,0,0.39,0,0,2.91,20.44,0,42.62,34.03,76.65,23.35,17.91,1.78,19.96,33.06,9.73,3.06,9.49,0,5,0
443,2.67,14.31,9.79,0,18.06,11.44,4.97,0,0,3.08,0,0,35.69,0,44.83,19.48,64.31,35.69,19.95,2.85,14.74,45.13,3.04,2.47,0,3.79,8.03,0
444,1.2,12.29,4.17,0,15.5,9.4,3.5,0,0.24,1.99,0,0,51.7,0,33.16,15.14,48.3,51.7,6.13,5.44,16.35,64.77,0.81,0.03,0.49,0,5.98,0
445,1.25,0,19.15,1.59,8.65,26.65,11.04,0,1.32,4.37,1.4,0,24.57,0,30.64,44.78,75.43,24.57,13.12,6.38,24.22,38.87,7.68,5.39,0.73,0.28,3.33,0
446,2,0,13.19,5.93,4.09,27.82,10.19,0,0.69,2.93,0,1.02,32.02,0.12,25.22,41.74,66.96,33.04,24.03,5.06,27.87,36.24,3.15,1.08,0.91,0,1.65,0
447,0.68,0.31,18,1.92,3.65,29.27,15.36,0,0.6,4.52,0.32,0.42,24.53,0.42,24.57,50.48,75.05,24.95,7.76,11.98,31.77,35.93,5.29,0.89,1,0,5.38,0
448,2.57,0.64,22.94,0,5.23,24.77,10.38,0.1,0,4.73,0,1.11,26.67,0.87,31.38,40.84,72.22,27.78,4.56,8.51,31.23,37.97,2.15,9.4,3.24,0,1.17,1.78
449,1.31,1.9,25.41,1.03,4.87,29.67,12.56,0,2.05,3.38,0.13,0.22,17.5,0,34.5,47.78,82.28,17.72,5.47,9.56,33.61,28.78,3.26,9.32,3.93,1.22,4.27,0.59
450,0.66,0,20.96,1.5,4.51,17.07,8.01,0,1.41,2.89,0.28,1.36,41.34,0,27.64,29.66,57.29,42.71,6.88,8.7,31.2,35.36,2.2,5.85,4.46,0.58,4.23,0.54
451,0.9,0,21.15,1.32,7.85,23.51,9.88,0,0.97,2.8,0.14,0,31.48,0,31.22,37.3,68.52,31.48,11.41,9.04,24.69,40.04,3.77,2.76,5.81,0,2.48,0
452,1.92,0.22,17.72,0.71,6.45,17.19,5.66,0,0,3.69,0.37,1.37,44.69,0,27.02,26.92,53.94,46.06,13.56,9.31,22.53,46.46,2.81,2.51,0.91,0,1.91,0
453,2.34,0,17,1.09,17.67,20.15,4.39,0,0,6.62,0,0,30.76,0,38.09,31.15,69.24,30.76,2.3,6.44,38.7,35.67,3.87,0,10.14,0.23,2.64,0
454,0.6,0.26,21.53,1.2,5.85,15.65,5.62,0,0.55,2.89,0.33,1.66,43.83,0.02,29.44,25.06,54.5,45.5,13.21,10.88,25.71,37.14,3.76,3.73,2.64,0,2.26,0.66
455,4.58,0.95,18.19,0.54,4.38,19.43,8.82,0,1.48,2.03,0,0.49,39.11,0,28.64,31.75,60.4,39.6,7.5,6.14,26.09,33.96,7.01,6.48,5.04,0.6,5.97,1.21
456,3.15,0.65,17.81,1.87,3.78,14.82,8.52,0,0.48,5.8,0.65,1.38,41.09,0,27.26,30.27,57.53,42.47,9.94,8.73,15.92,36.76,6.4,11.78,0.95,0.88,8.6,0.03
457,2.03,0.28,11.58,1.59,1.54,18.94,6.4,0,0.76,3.58,0.97,0.76,51.57,0,17.01,30.65,47.67,52.33,22.16,9.2,18.82,36.47,1.41,1.74,0.69,0,8.6,0.91
458,5.04,0,20.28,1.29,3.05,14.32,6.67,0,1.52,6.73,0,1.23,39.88,0,29.66,29.23,58.89,41.11,16.6,10.04,18.73,32.87,8.1,2.76,7.8,1.68,1.27,0.15
459,2.41,0,23.78,0.32,9.18,9.52,4.77,0,0,1.74,0.45,0,47.84,0,35.69,16.46,52.16,47.84,6.48,7.59,19.97,52.29,0.44,0.97,4.82,0,7.44,0
460,5.48,0.25,23.99,1.1,5.76,22.24,6.53,0,0.54,4.45,0,0.39,28.63,0.64,36.58,34.39,70.97,29.03,2.39,11.34,30.48,36.56,5.68,7.44,1.22,0,4.87,0.02
461,6.04,0.4,13.43,0.31,4.01,20.38,10.68,0,1.25,5.42,0.56,1.35,36.05,0.12,24.19,38.4,62.59,37.41,6.18,9.18,25.83,41.28,3.48,3.01,4.3,1.03,5.59,0.11
462,4.49,0,20.72,0.89,3.71,11.25,7.2,0,0,5.3,0.3,1.38,44.77,0,29.8,24.05,53.85,46.15,5.01,8.26,26.91,35.56,3.35,5.95,9.09,0.19,5.15,0.53
463,2.81,0,15.8,0,6.81,8.33,4.74,0,0,4.69,0,0,56.83,0,25.41,17.76,43.17,56.83,3.8,6.26,28.87,48.72,3.97,1.22,1.92,0,5.23,0
464,6.89,0,15.85,0,3.28,12.39,4.01,0,0,7.68,3.19,0,46.72,0,26.02,27.27,53.28,46.72,2.59,6.65,26.8,37.91,5.9,4.43,11.88,0.32,3.11,0.4
465,8.41,0,11.75,0.43,5.89,16.34,10.59,0,0.28,5.08,1.04,1.77,37.89,0.51,26.48,33.85,60.33,39.67,5.73,5.97,27.8,46.44,3.32,3.46,4.73,0.36,2.18,0
466,1.91,0,21.12,1.91,5.5,20.23,8.82,0,0.46,3.78,0.86,0.83,34.02,0.56,30.44,34.71,65.15,34.85,15.7,8.69,27.25,35.66,6.06,0.84,2.47,0,2.84,0.49
467,2.96,0,22.02,0.74,12.2,21.21,10.35,0,0,1.72,0,0.48,28.32,0,37.92,33.28,71.2,28.8,13.3,6.52,33.95,37.76,3.11,1.08,0.48,0.25,3.54,0
468,5.83,0,18.38,0.03,7.84,16.29,13.05,0,0.21,4.49,1.22,1.54,31.02,0.11,32.07,35.37,67.44,32.55,6.89,10.12,17.55,42.98,1.95,4.4,7.8,0.06,8.14,0.1
469,1.98,0,14.06,1.13,22.61,20.77,4.74,0,0,4.67,0,0,30.04,0,39.78,30.19,69.96,30.04,11.15,6.62,28.62,43.33,2.92,1.79,2.64,0,2.91,0
470,0,0,15.34,5.67,10.9,23.46,12.9,0,0,4.38,0,1.05,23.41,2.89,31.91,43.63,75.54,24.46,23.31,5.97,30.58,19.2,4.15,1.63,11.1,0,4.07,0
471,1.6,0,8.08,0.53,17.73,22.1,3.87,0,0,1.25,0.58,0,44.25,0,27.94,27.8,55.75,44.25,13.34,10.33,19.14,47.09,1.31,2.32,2.12,0,2.8,1.53
472,3.48,0.56,17.59,0.2,11.49,16.49,17.13,0.46,0,3.4,0.29,0.37,28.36,0.2,33.31,37.96,71.27,28.73,10.08,5.06,24.56,42.42,6.92,0.9,5.24,0,4.82,0
473,2.7,4.31,22.69,0,16.42,13.73,16.47,0,0,5.75,0.34,3.08,14.15,0.34,46.12,36.64,82.76,17.24,8.52,8.28,21.88,45.56,1.37,0.71,0.66,0.37,12.65,0
474,3.58,0,26.33,3.95,34.06,9.88,7.31,0,0,3.61,0,0,11.28,0,67.92,20.8,88.72,11.28,28.47,3.64,22.1,34.89,3.44,0.8,3.13,0,3.5,0
475,0.82,0,11.74,1.53,20.57,15.37,9.13,0,0,3.72,1.34,1.54,33.64,0.59,34.67,30.15,64.82,35.18,8.82,6.47,24.81,40.2,6.63,4.33,1.2,0.9,6.64,0
476,2.05,4.86,20.92,0.15,8.45,24.91,10.95,0,0.14,5.2,0.28,0.13,21.11,0.84,36.43,42.33,78.77,21.23,13.13,6.07,33.32,30.72,2.47,3.02,0.49,0.13,10.54,0.12
477,1.53,0.53,14.56,0.64,8.06,27.57,11.6,0,0.63,4.01,0,0.91,29.97,0,25.32,43.81,69.12,30.88,4.89,6.58,32.06,44.82,1.61,1.56,3.92,0.34,1.79,2.42
478,1.67,4.22,26.56,4.8,0.2,30.8,9.51,0,1.43,8.33,1.36,0,10.87,0.26,37.44,51.68,89.13,10.87,14.81,9.91,52.63,1.77,3.49,2.12,4.45,1.06,4.29,5.47
479,2.11,16.96,14.9,0,3.99,17.03,13.04,0,10.57,0.83,0,0,20.55,0,37.97,41.48,79.46,20.55,13.11,8.02,35.36,18.75,2.87,0,13.75,0,4.32,3.83
480,0,2.49,19.13,1,10.9,21.23,10.97,0,0,0,0,0.36,33.92,0,33.52,32.2,65.72,34.28,6.46,5.34,24.39,52.78,5.01,1.44,0.5,0,3.98,0.08
481,2.32,4.27,13.1,0,3.96,16.18,9.97,0,1.94,7.92,2.36,0,37.97,0,23.65,38.38,62.03,37.97,2.42,9.98,27.91,48.32,0.65,0.6,3.88,0,6.12,0.13
482,1.8,5.08,12.57,0.32,4.01,25.27,8.14,0,0.36,2.79,0.73,3.14,35.8,0,23.77,37.29,61.06,38.94,14.79,4.94,29.69,35.06,4.98,2.26,1.47,1.53,5.28,0
483,1.9,3.7,23.12,2.72,9.49,37.67,10.51,0,3.13,0.02,0,0,7.74,0,40.94,51.31,92.25,7.74,14.34,10.69,41.56,20.55,4.44,0.02,1.99,0,1.02,5.38
484,3,11.43,18.33,0.38,9.9,13.04,6.12,0,0.11,2.8,0,0,34.58,0.3,43.05,22.37,65.42,34.58,5.86,8.25,23.64,42.6,2.39,2.61,3.65,1.43,9.47,0.08
485,2.98,8.14,19.27,0.56,6.92,14.38,6.81,0,0,1.82,0,0.2,38.68,0.23,37.88,23.24,61.12,38.88,5.1,5.88,21.01,49.91,3.6,4.79,3.15,0.48,5.94,0.16
486,3.74,3.48,11.86,0.08,2.57,18.69,12.47,0,0,0.93,0.63,0,42.65,2.89,21.73,35.62,57.35,42.65,2.48,11.09,21.02,48.2,4,5.9,1.63,0.42,4.64,0.62
487,3.2,8.31,19.73,0,7.49,22.77,8.24,0,0,2.46,1.08,0.46,26.25,0,38.73,34.56,73.29,26.71,7.64,6.62,24.79,47.59,3.08,4.85,3.07,0,2.36,0
488,1.95,1.31,12.24,0.68,5.48,17.19,7.86,0,0.24,1.36,0,0,51.68,0,21.67,26.65,48.32,51.68,5.83,7.7,19.8,49.77,3.68,2.5,2.38,0,8.35,0
489,1.63,11.27,31.66,0,4.59,20.73,12.2,0.08,1.48,4.08,0.27,0,12,0,49.16,38.84,88,12,5.12,12.39,20.12,16.05,10.43,17.87,2.69,1.37,11.92,2.06
490,3.01,5.29,26.44,0.35,6.1,30.92,10.9,0.2,0.47,2.5,0,0.05,13.15,0.61,41.19,45.6,86.8,13.2,3.49,15.38,34.23,24.25,7.21,2.33,3.88,0,7.13,2.09
491,1.66,3.35,19.58,2.36,10.92,25.71,12.38,0,0.45,2.89,0,0.39,20.31,0,37.87,41.43,79.3,20.7,4.39,7.37,33.68,36.22,3.35,1.7,4.12,0.03,8.26,0.88
492,3.77,4.25,11.39,0.47,4.85,26.07,12.21,0,1.71,4.26,0.8,0.9,29.32,0,24.73,45.05,69.78,30.22,4.17,2.38,31.08,32.4,1.98,6.66,13.14,0.02,6,2.16
493,3.93,1,23.35,0,8.3,20.11,4.2,0,0.68,0.79,0.47,0.33,36.47,0.37,36.58,26.62,63.2,36.8,8.51,11.21,18.36,41.49,11.83,2.58,1.23,0,4.79,0
494,5.97,3.51,14.02,1.14,7.46,15.49,7.43,0,0,2.4,0,0,42.58,0,32.11,25.31,57.42,42.58,6.56,5.46,20.99,49.57,5.13,2.49,4.35,1.35,3.82,0.28
495,3.16,1.57,17.35,0.4,10.63,16.64,10.96,0,0.37,2.81,0.57,0.51,35.03,0,33.11,31.35,64.46,35.54,5.05,13.4,24.75,36.9,4.36,2.34,5.05,0.56,7.19,0.39
496,4.62,5.84,8.76,0.58,4.32,27.1,17.36,0,0.27,3.92,0,1.04,25.74,0.46,24.11,49.11,73.22,26.78,3.37,2.6,29.54,34.56,12.46,0.79,5.38,0.33,10.72,0.25
497,1.03,1.97,16.28,1.22,3.81,24.55,7.56,0,0.25,5.6,0,0.47,37.26,0,24.32,37.95,62.27,37.73,17.88,4.17,28.95,31.27,2.78,1.72,4.69,0.28,7.68,0.6
498,3.14,12.83,14.61,0,2.46,28.13,7.66,0.17,0.54,4.91,0,0.41,25.11,0.01,33.04,41.43,74.47,25.53,4.77,7.97,42.45,25.81,3.32,2.49,1.52,1.42,3.09,7.15
499,1.41,4.51,19.57,1.1,7.17,13.91,6.86,0,0.32,2.16,0.3,0.56,42.12,0,33.76,23.56,57.32,42.68,4.51,8.86,25.41,43.37,3.24,3.81,3.3,0.12,7.26,0.11
500,1.1,5.54,13.71,0.24,6.07,19.16,8.66,0.65,1.46,0.26,0,1.07,42.08,0,26.66,30.19,56.85,43.15,5.97,13.28,29.04,34.28,2.35,3.22,4.34,0.25,7.09,0.17
501,0.5,3.15,18.63,0.1,4.1,16.51,8.78,0,0.41,2.79,0,1.05,43.98,0,26.49,28.48,54.97,45.03,4.13,11.3,23.94,38.3,0.18,1.43,1.08,0.39,19.19,0.05
502,3.79,5.3,30.98,3.56,0.36,19.53,3.4,0,0.06,5.34,0.19,1.05,25.21,1.23,43.99,29.75,73.74,26.26,13.26,13.69,45.07,18.2,0.75,3.79,1.08,0,3.79,0.37
503,1.33,17.61,8.65,5.27,0.4,21.26,21.35,0,0.17,3.34,0,0,20.31,0.32,33.26,46.44,79.69,20.31,21.29,5.25,28.9,14.19,2.83,2.12,0.22,0,23.17,2.03
504,1.86,8.61,9.37,0.9,0.93,12.33,7.99,0,0.28,8.37,2.22,0,47.14,0,21.66,31.2,52.86,47.14,9.03,9.35,22.49,46.67,0.45,0.28,2.97,0,8.74,0
505,5.81,7.82,5.64,0,5.56,42.04,15.5,0,0.64,0.99,0,0,15.99,0,24.83,59.17,84.01,15.99,4.16,6.01,31.95,43.86,1.05,0,4.15,0.13,8.7,0
506,4.07,0.87,21.42,0.3,8.29,32.62,10.32,0,0,3.98,0.89,1.21,15.77,0.26,34.95,48.06,83.01,16.99,10.48,14.33,33.53,26.1,3.7,2.28,3.71,0,4.62,1.26
507,2.71,0,25.84,0.33,3.49,33.07,11.34,0,0,7.56,0,0,14.87,0.79,32.37,52.76,85.13,14.87,26.37,6.26,33.95,21.19,3.32,1.21,3.95,1.27,2.22,0.26
508,1.34,0.31,21.37,1.32,3.32,26.41,11.45,0,0.14,4.22,0,0.25,29.78,0.08,27.66,42.31,69.97,30.03,7.55,6.47,26.18,37.94,2.28,6.98,3.27,0.37,8.49,0.46
509,2.35,0,21.12,0,17.45,21.64,12.05,0,0,4.29,0,0,21.09,0,40.91,37.98,78.91,21.09,1.7,16.13,20.21,32.73,5.14,9.01,3.19,0,11.88,0
510,NA,NA,NA,NA,NA,NA,NA,NA,NA,NA,NA,NA,NA,NA,NA,NA,NA,NA,NA,NA,NA,NA,NA,NA,NA,NA,NA,NA
511,1.04,0,12.21,0.35,6.99,19.89,7.66,0,0,3.59,0,1.06,47.09,0.12,20.59,31.26,51.85,48.15,6.85,5.55,29.22,49.25,2.91,0.73,0,0.24,5.25,0
512,1.23,0.82,12.59,0,7.72,25.12,9.25,0,0.52,1.3,0,0,40.47,0.98,22.36,37.17,59.52,40.47,12.52,6.38,27.2,40.25,0.86,1.87,2.17,0,8.76,0
513,4.36,4.15,15.12,2.19,11.42,34.47,13.37,0,0,1.34,0,3.16,10.39,0,37.24,49.18,86.45,13.58,7.78,4.05,37.31,45.75,0,0,0,0,5.14,0
514,3.92,9.3,11.72,2.03,7.08,16.92,6.88,0,1.67,1.88,0.49,0.31,37.82,0,34.04,27.83,61.87,38.13,7.03,4.53,21.87,42.31,6.81,6.65,1.27,0,9.36,0.18
515,2.35,9,14.37,2.53,5.73,14.15,9.86,0,0.77,5.49,0.76,0.38,34.61,0,33.98,31.04,65.01,34.99,11.89,10.21,22.94,39.55,3.27,4.36,1.48,0,6.28,0
516,1.57,0.7,18.78,1.48,8.66,29.87,8.82,0,0.89,4.14,0,0.24,24.58,0.26,31.19,43.98,75.18,24.82,9.87,8.39,35.5,37.82,1.48,3.3,0.58,0,2.59,0.47
517,0.36,0.66,12.17,0.73,13.72,8.58,2.52,0,0,1.41,0,0,59.86,0,27.64,12.5,40.14,59.86,6.85,11.54,32.79,47.83,0,0.25,0,0,0.73,0
