Zona,Agrico_12,ConsCiv_12,Industr_12,Comerc_12,TrCarg_12,TrPass_12,CredFin_12,SPesso_12,Alimen_12,Saude_12,Educ_12,SEspec_12,AdmPub_12,SOutro_12,Emp_FRes_14,Emp_NRes_14,Emp_SEnd_14
1,0,0.47,0.96,9.57,0.07,6.3,14.01,0.59,3.12,2.53,2.07,23.59,16.57,20.15,99.82,0.03,0.16
2,0,0.53,4.13,48.71,1.56,3.85,2.2,1,1.47,2.89,0.98,9.21,8.35,15.14,92.53,1.66,5.81
3,0,4.59,0,15.76,0,4.8,3.04,1.04,3.5,3.95,3.31,10.55,34.64,14.8,92.16,2.23,5.62
4,0.66,2.7,3.6,7.3,0.35,2.63,5.73,2.86,7.24,0,3.31,17.31,15.06,31.24,81.15,12.05,6.8
5,0,1.04,0.95,17.01,0.56,0.09,13.35,1.8,4.72,2.95,1.05,20.65,7.57,28.27,97.55,0.34,2.12
6,0,1.63,3.02,35.18,0,3.44,3.78,0,5.07,0,3.19,8.61,10.22,25.86,93.53,3.29,3.18
7,0,1.35,14.54,44.08,0.07,3.21,2.45,1.22,6.36,2.11,4.59,3.67,6.39,9.95,94.36,4.36,1.28
8,0,0,26.23,9.64,12.28,0,0,0.42,2.61,2.04,10.07,0.34,0.58,35.79,95.17,2.39,2.43
9,0,1.55,18.09,10.35,1.99,1.27,5.48,0,2.33,1.8,5.46,3.95,18.05,29.69,95.6,3.56,0.85
10,0,0.82,20.23,26.66,0.16,0.1,0.83,0.13,1,0.28,5.41,12.14,10.19,22.03,97.21,1.24,1.53
11,0,0,40.91,29.2,8.82,0.92,0,1.51,0,0,0,7.33,0,11.3,86.21,9.66,4.13
12,0,0.03,14.88,51.23,5.45,0.13,0,0.03,8.35,6.88,1.45,1.48,0.27,9.8,93.54,5.3,1.15
13,0,5.65,12.04,74.67,0,0,0,0.12,0.74,0,0.12,0,0,6.67,97.41,1.87,0.71
14,0,1.15,24.73,55.79,0.85,0.17,2.96,0,3.02,2.95,0,1.96,0.06,6.36,99.19,0.05,0.76
15,0,2.19,24.64,20.85,0,26.91,0.52,0.12,0.42,4.64,0,2.46,0,17.27,91.52,4.3,4.18
16,0,1,9.46,17.05,0.86,0.31,9.54,0.32,7.57,0,3.98,5.05,13.97,30.89,94.92,4.77,0.31
17,0,0,1.4,66.24,0,0.42,0,1.76,5.74,0.33,5.64,1.31,0,17.17,90.55,3.81,5.64
18,0,3.35,28.85,18.35,0.65,0.19,8.33,0,2.98,5.11,3.3,5.87,6.12,16.9,93.87,3.51,2.62
19,0,0,3.51,26.14,0,1.11,2.44,4.86,5.69,12.67,8.69,7.66,7.13,20.09,82.58,11.81,5.6
20,0,0.94,0.47,18.76,0,5.49,0,4.47,4.85,9.03,12.04,2.14,7.56,34.22,54.77,20.63,24.6
21,0,2.26,0.37,5.98,0,0,2.82,25.81,7.85,2.16,8.4,6.15,0,38.19,70.77,19.95,9.28
22,0,0.7,1.13,14.05,0,5.18,0,0.7,0.38,19.25,14.09,12.43,6.94,25.14,84.25,8.42,7.34
23,0,0,0,11.18,0,6.88,0,0,7.63,42.99,13.89,1.12,7.3,9,98.12,1.03,0.85
24,0,2.92,0,12.62,0.15,1.39,1.17,3.21,9.62,9.31,9.37,7.79,14.79,27.66,96.79,2.32,0.89
25,0,10.68,2.86,3.35,2.09,0,0,0.54,15.82,0.16,3.15,14.94,0,46.41,80.79,13.28,5.93
26,0,1.58,2.41,13.06,0,1.5,6.69,3.82,10.89,19.05,4.02,20.63,1.16,15.18,88.16,7,4.84
27,0,0.35,1.43,8.99,1.55,0.37,6.18,1.87,7.87,33.71,5.73,10.39,0.85,20.72,95.54,1.57,2.9
28,0,1.51,2.07,6.63,1.51,0.32,8.14,1.14,2.68,9.61,6.77,27.58,1.41,30.63,89.98,2.79,7.23
29,0,4.32,1.25,11.7,0,0.62,12.46,1.09,3.75,31.7,2.51,11.35,7.8,11.45,95.88,2.5,1.62
30,0,1.67,0.89,12.05,0,0.31,1.67,3.24,3.42,12.72,4.92,18.58,0.57,39.96,84.09,12.45,3.46
31,0,2.58,0.19,4.33,2.29,0.9,0.71,3.53,4.22,22.21,15.99,14.4,11.14,17.51,90.55,6.32,3.13
32,0,1.21,5.54,13.58,0.09,3.39,11.62,2.55,9.95,6.58,2.11,20.15,4.4,18.83,97.86,1.64,0.5
33,0,14.84,1.25,2.05,0,0,2.5,0,0,2.53,6.05,9.95,0,60.88,89.83,8.7,1.47
34,0,0.21,0.34,4.15,0,0.34,0.39,0.34,0.19,30.8,12.9,11.82,0,38.51,88.08,8.97,2.94
35,0,2.2,1.04,11.73,0.72,1.03,12.02,4.33,8.64,3.24,4.48,6.54,8.51,35.53,87.55,4.96,7.5
36,0,3.55,2.04,17.77,2.22,3.54,4.74,3.9,2.87,7.37,5.09,9.33,5.12,32.44,80.65,13.23,6.12
37,0,2.06,5.17,21.41,4.12,0,2.15,0.3,0.74,0.43,1.01,0.88,13.35,48.38,96.81,2.47,0.73
38,0,0,41.19,31.38,0,4.93,0,0.6,8.42,0,3.27,8.85,0,1.36,81.4,5.26,13.35
39,0,6.41,9.09,10.08,0,0,0,1.53,7.89,23.22,12.6,0.77,1.94,26.46,89.64,2.3,8.05
40,0,1.62,5.69,2.45,0.59,1.65,0.8,1.84,3.96,6.12,1.51,5.94,1.38,66.44,94.45,2.83,2.72
41,0,4.93,19.31,15.32,0.44,1.55,4.66,3.64,8.79,5.03,1.13,3.98,4.51,26.7,93.64,3.42,2.94
42,0,0,43.17,18.03,3.96,3.09,0,0.94,2.92,7.56,5.36,7.87,0,7.1,93.05,5.29,1.66
43,0,0.6,2.42,16.05,3.08,1.54,1.67,0.68,3.5,13.53,14.04,2.46,4.57,35.85,83.8,9.2,6.99
44,0,0,11.11,20.58,0.74,0,0.85,0,4.46,25.85,2.19,7.23,5.32,21.67,91.29,4.57,4.14
45,0,0.48,23.65,21.3,2.78,0.85,0.17,2.8,10.57,3.17,2.54,9.89,0.99,20.82,94.73,3.76,1.51
46,0,2.65,19.59,25.12,0,7.29,0,4.61,5.37,9.92,2.8,3.22,0,19.42,72.14,16.28,11.57
47,0,0.79,21.22,7.27,4.89,3.95,3.82,11.02,5.79,1.35,0,3.88,0,36,74.02,16.51,9.48
48,0,1.47,9.07,27.44,1.8,0,0,0.38,18.59,0,2.73,4.82,0,33.72,81.92,5.31,12.78
49,0,1.15,0.07,12.05,0.74,1.02,6.85,7.03,5.01,20.12,5.92,15.8,4.73,19.5,90.09,6.85,3.06
50,0,1.25,0,18.32,3.52,1.79,0,3.52,0,5.37,4.28,23.25,0,38.64,58.43,32.85,8.73
51,0,2,0,24.97,0,1.07,0,6.06,8.67,10.5,9.48,3.66,0,33.62,75.46,18.72,5.82
52,0,0,5.16,2.29,0,0,1.42,0.44,4.7,13.76,9.68,16.53,0.69,45.32,86.73,10.6,2.68
53,0,0,0.91,9.55,0.76,0,2.78,1.63,3.36,28.99,17.15,10.15,0.26,24.46,94.74,3.06,2.2
54,0,1.11,0.87,7.89,0,1.6,4.51,0.65,6.29,44.74,5.62,8.03,4.94,13.75,97.71,1.66,0.63
55,0,3.32,3.58,13.73,0.94,0.64,0,3.08,4.49,17.5,12.92,9.64,0,30.14,79.1,9.61,11.28
56,0,0.43,0.71,15.97,0,0.99,3.34,4.73,3.03,11.9,10.62,20.69,0,27.56,87.84,11.57,0.59
57,0,2.88,2.28,9.26,0.8,1.11,7.01,3.4,3.57,16,6.22,19.61,4,23.87,93.37,3.26,3.37
58,0,8.63,0,25.57,8.08,1.07,3.26,5.95,1.41,0.72,4.03,11.08,0.54,29.65,81.62,9.06,9.31
59,0,7.22,4.61,17.42,2.46,1.04,1.77,2.15,1.14,5.09,6.96,23.98,0.07,26.1,87.17,6.49,6.33
60,0,2.02,13.34,8.13,0,3.31,14.52,0,13.71,4.04,0.58,19.34,0.58,20.43,82.97,8.36,8.68
61,0,1.53,0,15.54,0,0.44,5.04,4.82,7.22,3.4,11.33,7.89,2.27,40.51,86.54,8.25,5.21
62,0,1.69,4.86,15.84,0,0.12,0.97,1.04,7.99,12.44,5.97,5.79,15.65,27.65,92.57,4.51,2.92
63,0,1.18,0.09,0.56,0,0.08,3.32,0,0.08,52.09,4.49,2.65,9.15,26.31,97.55,2.13,0.32
64,0,1.61,1.98,24.1,0,0.28,1.14,4.65,7.65,12.24,2.79,13.73,1.71,28.12,90.39,4.44,5.17
65,0,0,1.65,7.07,3.24,1.1,1.15,2.55,10.54,2.15,14,9.11,0,47.44,86.27,5.16,8.57
66,0,6.3,2.92,35.34,0,0.31,3.2,5.11,3.21,7.09,2.66,3.63,0,30.23,91.63,3.66,4.71
67,0,0.95,0.81,14.6,0,1.24,0.99,5.03,0,17.64,3.88,9.14,0.11,45.59,86.09,8.47,5.44
68,0.22,2.79,4.71,10.54,0.17,1.65,12.98,1.46,8.02,6.15,2.95,21.9,0.5,25.98,97.38,1.63,0.99
69,0,3.29,6.3,13.94,0.49,0.13,8.54,2.1,4.21,18.48,2.89,17.79,0,21.83,94.07,1.68,4.25
70,0,2.31,6.37,7.91,0.22,1.89,0.55,4.85,5.77,11.36,10.27,13.95,0,34.56,95.79,2.45,1.76
71,0,6.79,4.18,17.56,1.2,2.03,0.92,5.79,2.47,7.3,4.41,16.98,0,30.37,84.47,11.29,4.24
72,0,3.25,21.9,4.93,0.93,0.61,11.81,0.32,2.73,5.33,6.46,10.13,1.51,30.09,95.5,3.33,1.18
73,0.53,6.11,8.61,11.87,0.94,1.54,8.79,0.54,5.8,1.92,1.33,25.44,0.54,26.03,98.83,0.48,0.69
74,0.24,3.72,3.37,9.5,0.37,6.2,8.27,4.07,1.14,5.7,4.96,24.09,4.37,24.02,94.34,4.07,1.59
75,0,0.12,0.64,22.17,0,2.49,1.44,2.21,3.27,3.49,1.91,13.98,0,48.28,84.93,10.45,4.63
76,0,3.57,2.97,16.55,0,2.92,1.82,3.88,3.18,8.55,4.11,8.79,0.83,42.81,93.15,5.45,1.39
77,0,2.89,3.32,8.09,0,0.06,1.24,0.94,0.75,44.2,7.92,7.6,0.4,22.57,92.02,5.07,2.9
78,0,3.92,4.8,14.07,0.25,3.48,2.33,1.43,21.03,0.82,1.87,11.45,0.14,34.41,86.73,10.74,2.53
79,0,0.56,1.21,7.1,0.69,2.31,7.27,1.89,4.53,26.63,3.23,22.1,2.75,19.73,96.14,1.4,2.45
80,0,1.69,4.24,11.4,1.35,2.89,6.45,1.56,12.03,3.73,8.69,20.34,0.23,25.4,88.97,6.69,4.34
81,0,5.63,3.74,19.77,0.93,0.33,7.77,3.56,5.81,1.1,6.05,18.39,0,26.94,93.97,3.09,2.94
82,0.18,3.87,6.07,20.15,0.08,2.34,10.38,1.14,11.86,4.3,4.14,17.61,0.73,17.15,97.09,1.71,1.2
83,0.22,4.74,4.43,12.25,3.54,0.6,1.26,5.8,10.12,3.84,6.41,20.26,0.58,25.96,86.21,11.45,2.34
84,0,3.23,5.76,11.47,0,0.35,0.11,2.04,0.65,5.37,12.56,12.32,0,46.16,85.36,8.36,6.28
85,0,0.31,0,0.64,0,0,24.98,1.78,2.45,8.53,10,5.71,0,45.6,80.55,16.26,3.22
86,0,4.13,1.2,16.63,0,0,0,0.79,3.74,9.02,16.37,12.32,0,35.77,84.73,9.53,5.71
87,0.28,13.34,9.61,5.33,0,0,1.8,4.68,0.84,15.16,12.81,12.42,0,23.75,73.64,17.73,8.62
88,0,3.39,0.59,7.05,0,0.51,2.21,6.18,9.39,10.14,10.88,16.93,0,32.73,74.78,18.57,6.66
89,0,7.9,6.47,7.2,0,0,0,0,12.31,6.23,5.37,25.3,0,29.22,49.58,30.52,19.92
90,0,2.4,5.75,8.34,0,2.27,0,5.68,9.64,13.9,9.04,10.16,0,32.81,79.36,2.92,17.73
91,0,0.1,17.77,16.81,4.51,0.5,4.9,4.94,3.84,0,3.8,1.03,5.64,36.15,98.64,0.93,0.43
92,0,0.21,12.98,5.87,7.5,0,0.46,0.09,0.1,16.09,0.67,18.95,8.38,28.7,93.42,0.43,6.15
93,0,3.96,5.06,8,0.37,7.05,10.47,2.5,3.75,2.3,8.05,11.4,7.97,29.12,96.48,0.7,2.81
94,0,2.68,2.4,22.75,0,3.53,1.43,1.64,13.83,8.15,1.58,15.59,4.56,21.86,94.9,1.58,3.52
95,0,4.72,1.39,6.18,0,0.93,0,9.99,2.79,6.01,7.86,14.37,0,45.75,72.01,10.94,17.05
96,0,15.26,0,6.59,0,1.99,0.53,0.16,2.79,4.74,7.22,17.82,7.93,34.98,92.6,4.93,2.46
97,0,1.35,1.63,18.74,0,1.08,5.14,2.89,10.54,6.16,4.42,18.46,0.67,28.9,82.57,12.04,5.38
98,0,1.2,28.87,8.46,20.16,0,4.53,0,8.8,0.07,5.14,7.31,6.33,9.13,98.75,0.14,1.11
99,0,1.76,29.69,7.71,6.97,2.98,4.47,2.2,1.12,0.97,1.23,16.81,4.93,19.15,95.85,2.06,2.09
100,0,3.14,3.17,21.54,0.53,4.14,1.9,3.46,2.42,4.76,4.8,16.85,3.93,29.37,90.67,5.03,4.3
101,0,3.84,1.5,7.52,0,6.99,0,1.74,2.49,13.9,7.82,13.17,2.82,38.21,72.08,15.4,12.53
102,0,6.67,1.05,4.75,0,1.91,2.47,1.76,12.46,10.19,8.05,19.64,0.8,30.26,77.74,11.9,10.36
103,0,0.31,1.06,2.02,0,0.41,0,1.06,1.06,3.94,1.06,8.08,0,81.04,91.31,4.79,3.9
104,0,0.97,7.38,2.52,0.53,0.53,0.22,9.98,0,1.55,12.33,19.46,0,44.59,72.05,19.8,8.16
105,0,0,0.13,25.3,1.28,0,3.69,7.84,0.63,6.76,3.9,16.22,5.22,29.03,87.84,8.64,3.52
106,0,1.1,6.75,57.14,1.95,0,0.55,1.48,3.52,0.67,0.54,10.66,9.04,6.59,98.74,0.51,0.75
107,0,0,2.22,16.46,0,3.58,11.82,4.16,8.53,0.7,4.11,7.33,16.87,24.24,87.5,8.3,4.21
108,1.89,2.41,0.81,34.15,11.68,0.27,23.05,0.58,1.59,0.29,0.33,6.53,0.94,15.47,93.86,2.1,4.04
109,0,11.02,10.64,17.55,0.43,5.42,0.4,6.58,10.25,1.15,6.22,3.84,0.17,26.33,62.91,15.43,21.66
110,0,0.57,13.42,22.01,8.31,0,2.26,8.64,5.74,6.47,5.54,10.87,0,16.16,60.17,24.24,15.59
111,0,4.78,2.43,23.16,0,3.67,8.53,4.16,5.26,1.38,6.84,5.43,5.64,28.72,68.36,10.93,20.7
112,0,13.36,12.96,12.53,21.08,2.87,0,0,8.09,2.65,3.93,3.64,1.01,17.9,62.4,13.19,24.42
113,0,4.37,26.91,9.27,11.61,35.13,0,0.43,3.11,0,2.93,0.45,0,5.8,88.77,2.34,8.89
114,0,0,0,0,0,0,0,0,0,0,0,0,0,100,100,0,0
115,0,8.85,8.94,18.15,0.9,9.24,0,0,10.8,1.99,10.81,0,0,30.32,52.23,17.89,29.88
116,0,5.13,11.07,24.45,0.85,5.41,0,7.35,5.27,6.08,5.14,2.56,1.39,25.3,55.33,13.53,31.14
117,0,0.34,23.29,33.24,5.27,0,0,4.21,14.45,3.17,5.7,0,0.51,9.81,56.62,32.13,11.25
118,0,15.6,19.94,26.25,17.14,0,0,2.85,0,0,0,0.15,0,18.04,51.21,18.94,29.85
119,0,17.09,5.76,15.36,0,0,1.9,10.83,2.63,0,8.77,0.11,0,37.55,44.88,19.3,35.82
120,NA,NA,NA,NA,NA,NA,NA,NA,NA,NA,NA,NA,NA,NA,NA,NA,NA
121,0,19.57,0.41,10.64,2.29,3.04,0,12.07,6.86,0,9.79,0,0,35.33,41.39,14.68,43.92
122,0,6.64,7.97,32.91,0,7.62,0,16.52,0,3.07,20.55,0.16,0,4.56,39.82,30.14,30.04
123,0,10.92,1.83,10.92,5.96,3.74,0,0,12.01,0,13.68,5.46,0,35.48,39.94,34.86,25.21
124,0,2.53,16.95,8.75,2.53,1.15,0,16.66,2.88,1.82,18.57,1.7,0,26.45,59.34,24.87,15.79
125,0,12.75,4.59,17.81,6,10.53,0,8.6,2.99,1.5,4.77,3.77,0,26.68,48.43,17.75,33.82
126,0,2.38,3.87,31.56,5.29,2.64,0,0,0,8.85,3.08,10.17,0,32.14,74.61,5.18,20.21
127,0,3.8,23.31,23.7,2.16,0,0.15,1.42,8.25,2.63,4.04,4.39,2.58,23.58,86.52,5.03,8.45
128,0,0,6.82,22.18,0,0,8.33,7.35,2.67,20.06,10.93,2.66,0,19,99.17,0.5,0.34
129,0,6.85,1.09,26,0,1.75,0.58,0.44,3.71,5.69,2.12,11.59,1.77,38.4,97.23,1.23,1.55
130,0,0.31,0,2.8,1.04,0,0,1.04,1.04,0,30.47,0.31,42.65,20.37,92.82,2.69,4.48
131,0,0.09,0.5,11,0.37,35.88,0,0,8.67,0.07,0.73,3.15,1.41,38.13,97.9,0.78,1.33
132,0,0,0,0,0,0.26,10.59,0,0.7,12.63,1.34,0,37.35,37.15,100,0,0
133,0,0.25,1.09,26,0,0,4.43,2.92,7.29,11.56,3.41,13.57,3.16,26.31,85.67,11.39,2.95
134,0,2.76,8.76,9.4,0,1.39,0.17,8.32,4.22,16.88,9.97,3.01,0,35.11,75.43,18.1,6.47
135,0,2.86,2.41,15.18,0,3.93,1.95,2.28,12.97,11.77,5.96,2.59,0,38.1,77.82,7.95,14.23
136,0,2.57,13.14,15.97,5.07,1.76,2.77,1.21,8.41,1.29,2.48,15.99,5.38,23.96,86.83,5.36,7.82
137,0,4.25,20.3,26.5,3.51,0,0,5.74,4.51,0.94,8.23,3.79,0,22.22,64.35,18.5,17.15
138,0,0.32,19.29,14.14,8.28,0.48,12.23,1.18,13.91,2.03,2.34,0.31,9.51,15.97,91.07,2.79,6.15
139,0,2.12,30.82,13.21,0,0.6,1.31,1.91,0,17.91,6.05,3.18,0.2,22.69,87.26,4.76,7.98
140,0,1.86,22.12,18.21,0,2.13,0,1.58,9.18,0.17,7.64,0.83,0,36.27,57.78,14.49,27.73
141,0,5.25,1.74,11.85,1.19,15.8,4.47,6.52,12.87,4.75,13.25,4.66,1.78,15.87,71.84,11.26,16.9
142,0,3.34,6.68,19.28,4.4,6.85,0,8.37,20.31,0,4.75,3.34,0,22.68,51.17,20.09,28.74
143,NA,NA,NA,NA,NA,NA,NA,NA,NA,NA,NA,NA,NA,NA,NA,NA,NA
144,0,6.77,1.84,19.23,0,12.55,0.38,11.28,5.08,11.15,2.99,6.39,0.06,22.27,67.89,12.17,19.94
145,0,13.42,1.05,5.48,1.34,3.43,0,3.64,0,0,2.05,0,3.51,66.1,76.88,6.77,16.35
146,NA,NA,NA,NA,NA,NA,NA,NA,NA,NA,NA,NA,NA,NA,NA,NA,NA
147,0,5.18,3.76,16.14,0,32.65,0,10.25,10.13,0,8.75,0.35,0,12.76,85.06,8.53,6.39
148,0,3.73,8.23,24.07,2.72,0,0,0,9.3,1.37,2.54,5.44,0,42.62,62.09,18.27,19.64
149,0,100,0,0,0,0,0,0,0,0,0,0,0,0,100,0,0
150,0,28.73,24.1,13.08,3.95,3.95,0,0,8.51,0,0,4.38,0,13.3,41.6,16,42.41
151,0,20.4,10.93,17.87,0,0.09,4.69,10.76,3.97,4.1,2.02,3.71,0.44,21.03,57.69,16.65,25.66
152,0,6.9,6,23.05,0,3.02,3.65,0,9.13,8.2,4.66,5.11,7.25,23.03,71.65,24.2,4.15
153,0,2.01,0,5.88,0,3.2,0,4.08,9.86,31.41,13.65,7.8,5.17,16.94,81.04,13.27,5.69
154,0,4.25,26.66,5.49,3.09,9.32,0,0.71,7.66,1.16,5.48,5.14,3.48,27.56,74.16,14.16,11.68
155,0,6.72,7.71,18.4,7.94,4.05,0,4.05,4.15,0,7.5,0,0,39.49,56.03,28.16,15.81
156,0,3.86,10.4,20.03,3.2,0,1.11,2.49,5.6,18.87,10.37,5.34,8.32,10.39,72.56,21.36,6.08
157,0,8.38,11.21,17.35,1.95,1.95,0,2.19,7.87,2.89,19.87,3.88,0,22.46,55.15,18.63,26.24
158,0,3.46,11.68,20.04,0,0,0,0,5.7,5.83,11.55,11.78,0,29.94,59.32,17.36,23.31
159,0,5.27,20.86,19.03,8.12,10.62,0,2.38,9.42,0,5.7,1.5,0,17.1,65.58,24.91,9.51
160,0,9.19,2.09,11.34,2.38,3.49,0,1.07,6.2,4.84,8.65,13.14,1.57,36.05,61.82,18.56,19.62
161,0,1.48,13.5,18.07,22.41,0,0,1.48,6.65,16.33,2.86,2.13,0.79,14.3,89.67,5.18,5.15
162,0,8.73,23.36,24.19,3.71,0,1.69,1.66,12.69,2.69,2.49,0,5.49,13.29,89.27,8.53,2.21
163,0,3.2,8.49,11.93,15.93,9.26,3.07,0.28,4.38,0,2.14,6.04,3.65,31.65,78.61,14.4,6.99
164,0,0.91,19.11,25.38,16.5,0.91,0,0.41,5.7,0.14,0,6.78,1.06,23.08,90.53,5.5,3.97
165,0,0.98,0.17,58.25,5.7,0.31,0,2.39,13.88,5.91,3.18,0.08,2.13,7,96.79,1.65,1.56
166,0,2,3.1,22.92,0,3.01,4.91,2.78,7.14,9.67,9.56,8.68,1.84,24.39,86.85,6.36,6.78
167,0,1.43,5.41,37.16,1.26,0.74,1.54,3.92,7.71,11.18,5.37,11.63,3.83,8.8,94.4,3.56,2.05
168,0,2.33,6.79,14.06,0,1.94,11.26,4.01,3.62,11.28,11.26,13.12,5.01,15.33,90.85,6.96,2.19
169,0,3.76,8.31,13.84,0.19,1.52,3.84,5.07,1.21,12.7,6.92,2.61,6.19,33.83,84.21,7.37,8.42
170,0,6.76,10.92,19.79,4.23,3.25,5.26,3.17,3.72,5.17,10.04,3.24,5.06,19.38,94.18,3.35,2.48
171,0,6.08,0.27,21.3,4.15,0,1.68,6.22,5.02,11.78,6.98,8.72,1.54,26.28,72.92,5.58,21.49
172,0,7.6,14.46,39.81,0,0,0.94,3.95,1.03,3.78,1.73,6.18,4.07,16.44,70.29,13.98,15.72
173,0,5.8,36.28,2.7,0.63,0,3.49,0.69,15.25,0,7.8,2.33,0,25.02,78.98,6.57,14.46
174,0,14.34,17.74,11.91,6.37,0,0,5.53,0,0,8.61,9.61,0,25.89,45.6,21.37,33.03
175,0,14.52,17.08,27.51,2.89,2.66,0,4.18,5.3,0,0,2.73,0,23.13,38.82,26.5,34.68
176,0,4.28,33.19,18.99,1.08,2.49,0,0,7.92,1.05,6.63,1.33,0,23.04,34.26,48.02,17.73
177,0,15.52,12.78,25.82,2.11,18.74,0,0,8.66,2.11,0,5.54,0,8.66,39.12,13.78,47.1
178,0,0,0,0,0,0,0,0,0,0,100,0,0,0,100,0,0
179,NA,NA,NA,NA,NA,NA,NA,NA,NA,NA,NA,NA,NA,NA,NA,NA,NA
180,0,16.55,10.79,24.65,0,5.55,0,10.53,6.67,0,2.82,1.52,0,20.91,54.91,23.4,21.69
181,0,1.69,3.33,19.05,1.35,1.93,0.46,5.08,6.23,23.56,9.18,0.72,1.13,26.28,74.65,14.64,10.71
182,0,1.42,11.66,32.64,5.13,2.45,2.45,3.52,11.73,0,5.1,3.66,1.92,18.32,56.67,32.02,11.31
183,0,3.79,0.81,22.05,0,8,0,9.48,2.37,7.12,9.35,0,11,26.01,42.46,22.52,35.03
184,0,8.5,14.06,36.85,0,0,0,0,2.83,0,5.73,0,0,32.03,60.5,23.99,15.51
185,0,14.04,0,27.12,6.18,4.11,0,0,5.36,6.44,0,0,0,36.75,53.3,21.44,25.26
186,0,0,0,32.22,3.24,32.93,0,3.24,4.86,3.24,0,0,0,20.27,63,16.39,20.61
187,0,24.06,11.35,27.6,3.03,6.52,0,5.81,0,0,1.9,0,0,19.73,48.08,23.41,28.52
188,0,7.34,12.95,13.18,0.84,6.33,0,4.3,13.29,15.12,8.54,0,0,18.1,61.61,15.16,23.24
189,0,6.46,0,7.52,2.23,3.52,0,3.47,8.42,18,11.72,0,2.63,36.05,66.93,6.56,26.52
190,0,3.46,17.04,13.68,2.09,1.4,0,1.4,9.19,10.14,6.88,2.03,5.1,27.59,91.98,5.23,2.79
191,0,0,0.58,37.23,0,12.06,9.05,0,1.12,0,0,5.91,12.32,21.76,98.76,0,1.24
192,0,2.28,4.86,10.97,3.7,2.13,0,3.97,5.78,0,25.3,1.8,10.18,29.01,54.04,10.14,35.82
193,0,3.9,2.43,18.89,0,55.16,0,3.57,0,0.36,0,0,0,15.7,81.43,10.96,7.62
194,0,2.31,2.45,41.82,0,13.71,0,1.11,4.99,0,9.36,7.17,0,17.09,70.24,20.61,9.15
195,0,4.48,14.08,17.31,5.36,0.85,0,4.28,8.51,3.02,6.63,0,11.33,24.14,52.61,20.3,27.08
196,0,6.5,7.58,33.51,3.57,7.7,0,7.15,2.53,6.18,2.09,0,0,23.19,43.11,19.41,37.47
197,0,2.74,7.16,19.08,0.52,20.25,0,4.44,4.87,1.15,6.12,4.41,7.64,21.65,86.44,5.96,7.6
198,0,0.91,3.46,27.9,3,4.87,1.59,1.08,5.77,18.71,9.04,4.78,3.77,15.11,93.11,2.16,4.73
199,0,2.63,25.72,14.61,0,3.14,2.65,0,13.95,0,7.16,3.84,0,26.31,71.47,11.62,16.91
200,0,16.97,1.05,20.95,1.05,0,0,4.23,17.4,4.39,18.47,1.05,0,14.44,53.02,14.56,32.42
201,0,4.18,9.84,27.85,0,0,1.96,3.91,4.59,3.59,10.43,0,2.58,31.08,68,9.47,22.54
202,0,5.8,0,15.74,0,0,0,5.8,9.6,0,17.11,0,0,45.95,42.05,12.82,45.12
203,0,8.08,22.57,12.57,4.39,1.9,4.28,1.9,1.53,4.28,19.1,0,0,19.41,49.3,23.1,27.6
204,0,10.29,2.92,12.15,0,20.94,0,2.85,11.48,0.18,8.57,5.3,0,25.32,67.47,10.61,21.92
205,0,11.48,1.61,31.93,0,1.98,0,6.17,0,0,11.54,10.28,1.91,23.1,38.75,25.53,35.72
206,0,13.25,5.47,20.68,0,0,3.4,2.71,12.44,0.23,14.23,1.8,0,25.8,69.1,13.94,16.96
207,0,18.57,11.85,11.69,2.9,2.85,0.66,6.12,1.51,9.21,14.77,0,0,19.88,63.76,8.85,27.39
208,0,6.97,11.66,22.24,0,2.97,7.79,2.97,8.17,2.34,6.14,10.05,3.32,15.37,82.57,6.58,10.85
209,0,5.57,33,27.92,0,0,0.82,1.4,2.08,0.12,7.63,8.01,0,13.47,82.3,15.33,2.38
210,0,5.1,1.15,28.48,0.73,1.83,0,5.55,18.71,5.95,6.73,6.77,0,18.99,85.37,11.31,3.33
211,0,2.83,17.33,26.38,0,0,0,6.77,10.14,2.32,5.18,3.58,4.21,21.26,73.95,14.8,11.26
212,0,9.09,17.84,9.29,0,9.61,0,0,14.33,0.7,23.47,0.49,0,15.17,71.68,10.64,17.67
213,0,4.55,20.37,31.8,1.42,0.28,2.43,7.58,8.4,1.6,5.09,1.63,0,14.85,78.36,11.53,10.12
214,0,4.07,13.87,10.3,11.53,2.85,2.14,1.32,3.12,0.89,4.83,1.44,2.24,41.42,72.49,15.52,11.99
215,0,0.59,8.56,25.65,1.64,9.51,12.36,3.71,7.38,1.91,8.2,0.65,2.42,17.42,78.41,4.64,16.94
216,0,6.35,17.67,18.32,6.09,6.87,0,6.27,0,8.63,9.56,5.37,0,14.87,64.75,14.06,21.19
217,0,2.6,18.1,9.42,0,0,0,7.33,2.82,10.26,17.35,7.31,0,24.82,67.46,23.05,9.49
218,0,10.1,11.12,23.43,0,2.28,0.21,5.78,12.4,3.78,12.33,0,0,18.55,68.34,11.56,20.1
219,0,14.57,18.92,21.13,6.11,0,0.5,0,4.05,1.76,5.02,0,1.15,26.79,50.54,17.12,32.34
220,0,11.74,6.26,23.04,0,2.94,0,0,7.74,7.92,3.92,3.09,0,33.34,66.34,7.11,26.56
221,0,7.93,11.23,30.23,3.61,3.2,0,1.11,8.54,2.11,7.12,3.98,3.69,17.23,65.91,9.07,25.02
222,0,5.86,13.26,9.86,8.06,1.17,0,4.85,0.95,25.03,3.22,4.08,0,23.66,70.14,13.32,16.54
223,0,2.81,23.85,13.37,0,0,0,0.99,4.28,0,7.59,5.26,3.52,38.34,71.61,13.23,15.16
224,0,0,27.83,0,0,0,0,0,0,0,8.58,27.01,36.58,0,100,0,0
225,0,7.9,21.12,18.05,0.98,7.21,0,0.98,8.29,2.32,4.76,0,1.93,26.47,71.91,8.35,19.74
226,0,5.92,3.88,25.68,1.63,4.45,0,7.09,4.45,2.23,8.6,2.23,3.66,30.2,59.81,14.57,25.62
227,0,3.15,18.09,21.85,0,10.37,0,3.93,4.19,6.83,8.82,2.28,0,20.5,51.37,22.23,26.4
228,0,23.13,0,10.43,0,0.88,0,0,13.34,0.22,11.35,0,0,40.67,25.66,16.31,58.03
229,0,16.75,1.45,16.12,2.93,3.18,0,8.59,7.14,2.2,16.66,0,1.63,23.36,65.83,8.01,26.16
230,0,11.85,6.85,39.84,0,0,0,4.59,1.94,11.45,4.16,5.69,0,13.63,54.77,19.26,25.97
231,0,8.29,7.79,30.84,11.13,21.6,0,2.13,0,1.62,0.45,0.99,0,15.14,59.71,10.74,29.55
232,0,6.73,21.5,10.37,3.03,1.8,0,0,9.84,0.71,14.68,0,4.3,27.04,59.55,4.69,35.75
233,0,11.65,0,42.7,1.64,2.33,0,2.52,0,0,11.74,1.31,1.42,24.68,47.49,19.35,33.16
234,0,14.06,11.11,24.28,1.36,1.36,0,2.49,1.36,0.16,11.59,4.65,0,27.6,42.71,12.7,44.59
235,5.91,11.89,7.76,26.41,3.31,3.31,0,0,7.68,1.8,9.03,3.91,3.78,15.22,48.16,21.53,30.31
236,0,0,28.05,9.89,0,0,0,3.28,6.88,7.61,3.1,8.94,8.25,24,94.51,3.54,1.95
237,0,1.61,11.77,36.14,0,7.74,0,4.86,11.94,2.05,0,5.2,0,18.71,89.88,6.22,3.9
238,0,3.16,1.95,18.74,0,19.2,0,1.79,2.1,2.9,4.46,8.38,3.92,33.4,81.63,3.16,15.2
239,0,1.49,13.26,24.24,0.31,1.1,1.96,2.16,4.19,10.23,11.36,5.75,1.99,21.97,92.92,3.94,3.14
240,0,0.47,11.62,15.64,4.45,0,2.52,0,1.55,22.44,12.58,5.11,6.98,16.64,89.96,9.1,0.95
241,0,0,40.11,25.27,4.46,7.7,3.28,3.99,1.24,2.29,1.57,0,0,10.08,88.7,5.36,5.94
242,0,8.12,45.94,11.17,0,3,0,3.29,2.86,8.75,1.37,0.92,0,14.57,81.4,11.29,7.32
243,0,4.06,11.95,20.6,3.08,6.15,0.49,2.23,9.79,0.27,9.33,7.49,0,24.59,71.95,17.29,10.76
244,0,13.33,7.51,17.54,10.32,11.01,0,2.33,9.48,10.86,2.27,0,0,15.34,52.42,5.69,41.88
245,0,9.67,30.9,8.36,0,0,0,0,5.63,0,5.1,6.7,0,33.64,76.57,10.04,13.37
246,0,9.99,7.85,34.85,0,4.18,0,13.22,7.35,0.44,2.47,1.39,0,18.25,69.2,7.35,23.45
247,0,4,18.7,8.35,0,17.33,0.55,0,0.65,0.33,3.49,5.46,0,41.15,69.79,11.41,18.8
248,0,0,17.31,19.32,0,0.98,0,0,2.25,14.96,19.7,0,25.52,0,100,0,0
249,0,2.91,24.32,13.25,2.91,5,0.68,6.19,6.55,0,0,10.21,0,28,45.87,41.39,12.74
250,0,1.46,0.73,41.45,1.87,1.71,0.91,3.21,11.12,7.6,6.03,5.28,2.51,16.13,84.05,5.45,10.5
251,0,4.04,0,39.1,1.94,1.51,1.51,4.97,4.02,1.21,7.35,12.41,0.2,21.74,51.66,39.91,8.43
252,0,4.12,0.95,41.74,0,0.46,1.94,5.27,2.18,0.96,4.17,2.02,9.71,26.46,72.19,16.35,11.46
253,0,1.52,35.01,43.71,3.98,0.3,0,0.6,0.6,0.3,0,0.3,0,13.66,93.49,2.86,3.64
254,0,3.08,7.54,22.49,2.48,0.52,3.78,1.06,11.25,4.16,6.09,6.89,3,27.65,92.48,5.12,2.4
255,0,7.44,16.59,19.9,0.9,1.95,0.54,3.72,8.11,6.87,9.95,2.66,0,21.38,78.97,6.29,14.74
256,0,5.34,22.11,23.84,3.81,0.22,0,0,4.33,0,5.79,2.86,0,31.68,81.09,7.3,11.62
257,0,5.9,17.66,39.46,0.69,9.53,0,6.84,5.43,1.96,0,2.76,1.31,8.49,62.25,22.34,15.42
258,0,3.72,19.77,20.76,1.73,5.37,0,2.89,0,3.13,20.56,4.89,0.54,16.64,88.2,4.47,7.33
259,0,12.83,14.33,26.7,5.91,1.67,0,0,0,4.72,0,1.71,0,32.12,40.17,26.84,33
260,0,4.8,15.89,11.89,2.22,11.88,0,0,8.33,0,2.56,7.11,0,35.28,43.22,26.54,30.25
261,0,8.2,10.02,32.47,2.87,0,0,3.13,10.44,0.88,3.84,12.53,3.3,12.31,72.48,7.06,20.45
262,0,2.76,12.94,14.65,10.24,13.54,0,3.85,3.14,3.33,6.95,1.45,0,27.15,53.54,6.99,39.47
263,0,3.89,5.11,25.76,3.34,0,0,0,6.12,2.08,28.99,2.1,6.69,15.93,68.79,10.38,20.84
264,0,7.96,6.16,34.96,0.53,13.4,0,3.82,9.72,3.31,2.16,1.89,0.62,15.47,86.87,2.1,11.03
265,0,6.75,10.26,22.05,0,1.91,1.66,6.08,10.9,6.34,6.7,0,1.46,25.86,68.2,15.1,16.71
266,0,5.62,25.28,5.34,3.64,9.02,0,0,7.85,4.51,8.52,5.39,3,21.81,56.92,19.2,23.87
267,0,7.23,15.22,10.16,1.32,1.32,6.39,0,7.18,5.88,18.14,7.34,6.06,13.77,84.12,4.38,11.5
268,0,1.7,5.92,21.92,0.63,0,3.86,1.86,2.72,9.64,7.13,17.27,1.27,26.08,82.42,13.64,3.95
269,0,8.77,5.01,7.84,0,1.34,2.06,3.98,6.33,8.24,12.61,5.71,0,38.1,86.82,7.25,5.93
270,0,2.61,0,8.57,7.2,3.93,2.65,2.12,1.95,17.02,6.2,17.05,5.17,25.54,87.66,4.21,8.13
271,4.98,0.28,0,6.52,1.01,65.89,0,0,0,2.29,0.79,5.47,2.53,10.23,100,0,0
272,0,7.44,1.6,11.65,6.37,7.89,0,2.85,7.88,0.96,10.6,13.33,0,29.44,84.39,5.24,10.36
273,0,9.06,10.1,11.87,6.3,4.95,1.19,2.63,3.52,6.84,3.26,11.16,2.56,26.56,56.83,21.02,22.15
274,0,6.19,5.01,8.53,1.91,8.55,21.1,5.69,2.55,14.99,3.47,5.68,0.27,16.06,88.4,5.61,6
275,0,1.76,23.6,9.07,1.96,0.99,7.17,2.06,13.02,1.47,9.64,6.15,1.15,21.95,82.4,14.08,3.52
276,0.74,12.95,7.96,11.38,0,3.31,0,1.48,1.49,4.51,14.74,6.05,1.03,34.36,42.74,17.71,39.55
277,0,7.21,6.2,18.66,0.41,0.82,1.64,4.63,6.57,2.36,10.9,7.97,1.93,30.7,70.58,13.52,15.9
278,0,19.87,2.43,26.47,3.66,1.69,0,7.66,3.65,2.71,2.16,3.47,2.25,23.97,50.22,12.04,37.74
279,0,8.52,2.98,35.53,6,4.46,0,5.04,0,0,4.18,3.69,0,29.6,60.77,16.69,22.53
280,0,0,33.97,18.36,0.7,0,3.62,1.38,7.57,0.78,1.81,11.33,1.3,19.19,89.43,7.61,2.95
281,0,2.71,9.85,23.15,3,0.72,0.2,1.22,0.66,5.12,6.24,14.44,3.8,28.92,78.98,14.96,6.07
282,0,10.94,3.89,34.59,0.36,0.28,0,2.93,1.9,8.54,5,6.94,3.04,21.6,80.56,6.13,13.31
283,0,1.17,10.49,20.6,1.17,4.04,0,10.76,9.57,0,4.8,0.11,0,37.27,79.83,8.57,11.6
284,0,8.4,11.72,24.36,0,8.7,0.47,3.72,6.83,2.02,16.19,2.47,0.65,14.48,67.99,3.72,28.29
285,0,5.71,8.79,21.58,3.72,21.21,0,5.63,12.17,3.98,6.77,1.27,0,9.16,70.8,8.44,20.76
286,0,2.15,32.94,24.37,2.95,13.82,3.75,0.87,2.42,3.52,2.68,0.48,0.27,9.79,99.05,0.48,0.48
287,0,2.86,17.23,27.93,0,1.41,0,0.71,5.43,2.42,14.64,2.43,5.04,19.9,89.32,5.19,5.49
288,0,11.07,0,2.88,0,5.65,0,0.77,8.88,16.16,24.64,4.64,1.04,24.25,72.32,8.81,18.87
289,0,2.74,12.31,15.07,6.17,3.46,0.92,8.87,0.83,4.01,13.69,11.54,1.43,18.96,78.2,7.71,14.09
290,0,10.56,0,5.98,0,4.2,0,18.79,21.91,0,8.21,2.1,0,28.24,45.89,27.57,26.55
291,0,1.59,13.78,18.56,11.65,21.31,0,6.9,2.5,0.45,5.16,6.88,0.07,11.14,57.29,15.46,27.26
292,0,8.31,16.91,27.56,0,7.63,0,5.69,2.62,1.38,24.66,0,0,5.24,70.51,8.31,21.18
293,0,2.35,0,35.33,0,15.45,0,9.89,0.98,8.2,10.48,5.88,0,11.46,76.36,11.28,12.37
294,0,0.63,2.74,29.34,0,3.17,0,2.74,4.77,6.38,11.57,0.49,0,38.17,59.06,29.14,11.79
295,0,11.48,8.15,20.22,0.39,3.07,0,14.62,6.13,0,11.92,0,0,24,29.3,37.41,33.29
296,8.2,51.53,0,6.95,0,0,0,7.01,0,1.69,14.97,0,0,9.64,64.75,23.86,11.4
297,5.01,8.4,24.31,35.34,1.13,0,0,0,10.65,0,6.39,2.76,0,6.27,65.41,4.26,30.45
298,1.7,18.87,1.83,21.07,0.88,0,0,3.82,14,8.24,7.79,0.1,0.33,21.38,55.83,12.9,31.27
299,0,14.91,3.16,24.75,0,3.57,0,0,0,1.28,35.04,0,10.11,7.14,74.38,0,25.62
300,0,2.34,7.48,14.47,0.99,2.6,6.08,2.72,4.8,4.26,5.15,19.65,0.81,28.66,97.51,1.49,1
301,0.38,1.63,1.97,11.26,2.29,0.88,4.75,2.54,3,5.69,3.04,19.1,0,43.46,86.77,6.17,7.06
302,0,2.05,2.33,27.02,0,0.43,2.98,0.9,2.82,10.22,2.8,10.6,5.99,31.86,93.03,3.01,3.95
303,0,1.68,6.74,18.78,1.34,3.46,4.27,1.14,12.73,4.05,2.43,9.2,3.09,31.1,96.53,2.21,1.26
304,0,4.62,6.2,13.84,0.47,2.92,3.01,3.73,9.98,9.17,4.3,13.12,0.85,27.78,80.91,6.12,12.97
305,0,10.41,2.85,31.09,0,4.02,0.92,7.77,6.91,1.99,4.45,11.11,0.12,18.37,58.97,15.19,25.84
306,0,17.29,11.3,15.2,0,0,0,0,23.02,10.1,9.44,3.86,0,9.8,53.69,32.85,13.46
307,0,17.68,2.44,17.19,0,3,0,2.85,4.37,3.69,13.14,1.09,0,34.55,54.64,7.65,37.7
308,0,17.92,4.07,17.69,0.23,0,0,7.66,9.57,0,23.93,0,0,18.91,69.63,2.15,28.22
309,0,17.86,2.17,17.22,4.12,0,0,14.14,12.77,0,3.66,6.07,0,21.98,38.62,18.91,42.47
310,0,4.11,2.9,22.67,1.36,7.23,0,8.9,5.51,3.84,18.35,10.93,0,14.21,60.71,18.4,20.89
311,0,12.01,1.54,12.47,0.45,0,0,0,2.22,13.07,10.46,3.94,0,43.83,61.15,7.04,31.81
312,0,7.47,1.53,23.26,4.35,0.86,0,10.49,6.61,5.22,8.42,8.66,5.43,17.73,72.75,18.42,8.83
313,0,11.62,4.01,22.42,0,3.34,0,4.01,11.53,0,21.57,0,0,21.51,61.54,11.33,27.12
314,0,2.49,3.38,21.17,6.06,2.13,0,2.3,7.38,5.2,20.71,2.02,0,27.15,56.64,21.89,21.47
315,0,15.06,6.84,19.97,1.96,15.27,0,7.22,2.98,0.04,4.64,2.39,1.59,22.05,49.57,16.52,33.9
316,0,1.06,5.12,6.55,1.83,0.46,0,0.73,3.59,16.96,3.89,11.39,2.56,45.88,92.97,4.56,2.48
317,0.09,0,10.2,5.9,0,1.55,4.39,0.16,0,24.62,2.86,4.13,0,46.1,89,8.8,2.2
318,0,2.26,0,31.69,0.27,1.77,0.7,3.96,7.08,2.64,2.12,4.76,0,42.76,87.57,6.21,6.22
319,0,3.88,0,3.53,0,0.74,0.07,5.39,1.85,33.29,5.22,6.18,11.87,27.99,93.98,3.34,2.67
320,0,12.73,3.12,12.43,3.92,2,0,3.81,8.57,6.03,6.12,9.49,0,31.78,47.79,26.14,26.09
321,0,2.85,1.94,17.93,0,1.72,4.53,3.64,8.5,4.55,1.75,17.06,1.53,34,80.92,6.88,12.2
322,0,11.21,2.82,34.35,0,0,4.52,0.06,4.26,1.33,4.15,9.79,0,27.5,83.04,10.62,6.34
323,0,11.1,4.97,0.08,0,1.66,14.02,9.59,11.84,0,2.2,7.67,0,36.87,31.45,22.88,45.68
324,0,12.82,0.28,19.02,0,5.41,0,15.17,10.15,5.18,12.29,3.03,1.6,15.07,60.16,28.87,10.98
325,0,2.01,4.01,34.7,2.01,3.2,4.46,5.55,5.92,7.29,23.86,1.78,0,5.21,70.85,9,20.15
326,0,27.96,3.26,5.55,0,7.15,0,0,3.26,3.25,10.28,8.17,0,31.12,36,10.99,53.02
327,0,8,1.64,14.71,0,0,2.3,0,3.79,1.85,2.31,10.02,0,55.41,63.21,15.38,21.42
328,0,2.45,5.97,14.53,1.89,1.61,0,5.07,1.3,2.73,13.09,13.44,2.7,35.2,81.61,11.16,7.23
329,0,7.57,7.92,25.75,3.75,0.52,2.01,4.09,7.37,3.18,6.64,3.71,0,27.51,79.86,9.42,10.72
330,0,9.84,5.41,29.22,0,4.11,0.11,0,0,0.58,9.52,11.04,3.64,26.53,56.52,20.19,23.29
331,0,6.77,18.35,13.97,3.55,2,0,4.16,9.32,4.08,4.06,2,0,31.72,72.11,6.78,21.11
332,0,12.82,14.73,13.6,3.74,0,0,6.91,6.82,6.07,13.45,4.5,0,17.35,72.89,13,14.12
333,0,6.49,25.3,13.61,3.47,1.04,0,1.83,1.91,1.4,8.46,16.18,0,20.3,80.96,2.82,16.22
334,0,9.44,10,11.78,0,0,0.04,10.31,7.44,0.4,14.88,1.24,9.85,24.61,68.01,8.91,23.07
335,0,3.29,4.43,11.13,0,3.65,0,15.57,5.99,7.49,17.61,6.2,0,24.63,70.65,15.43,13.91
336,0,3.48,6.36,7.14,1.53,1.53,0,7.94,16.28,2.67,3.17,8.38,0,41.51,72.54,17.43,10.03
337,0,5.43,1.93,13.86,2.62,3.28,1.68,5.79,11.22,2.73,6.87,8.03,0,36.56,82.09,10.73,7.18
338,0,2.47,19.46,17.53,11.03,11.88,0,0,5.73,3.22,6.74,3.61,0,18.33,92.38,1.98,5.63
339,0,0.91,0.96,4.06,0,1.08,0,0,2.45,6.32,67.04,3.15,6.71,7.32,100,0,0
340,0,8.98,5.28,4.94,0,5.43,0.24,0.48,3.34,7.07,1.83,17.53,0,44.9,91.02,6.28,2.7
341,0,2.51,4.06,33.65,5.85,0,0,2.95,3.9,7.6,7.5,4.12,0,27.84,91.8,5.39,2.81
342,0,5.48,9.93,23.91,2.21,4.43,0,5.13,6.48,4.97,6.22,11.91,3.32,15.99,70.26,11.48,18.27
343,0,21.04,0,5.22,0,0,0,0,4.87,0,0,0,0,68.7,74.26,0,25.57
344,0.57,3.94,25.92,20.56,0.37,11.35,0.35,0,2.41,8.78,0.85,3.47,4.27,17.15,84.28,6.01,9.7
345,0,11.32,16.55,20.69,0,0,0,9.31,15.07,1,12.15,3.29,0,10.6,68.2,9.64,22.15
346,0,0,100,0,0,0,0,0,0,0,0,0,0,0,100,0,0
347,0,8.65,32.84,19.07,7.46,2,0,0,3.82,2.53,0.2,2.37,4.55,16.51,84.52,1.85,13.62
348,0,6.76,18.78,3.08,33.09,1.43,0,1.43,4.51,0,4.51,0,0,26.4,78.82,7.84,13.35
349,0,0,0,0,0,0,0,0,0,100,0,0,0,0,100,0,0
350,0,9.08,20.87,14.97,0,0,0,0,16.98,18.31,6.6,0,0,13.18,81.85,6.6,11.55
351,0,9.72,2,9.94,2,5.91,0,2.65,2.57,12.85,11.74,2.82,15.23,22.55,58.42,19.23,22.35
352,0,0,16.7,25.16,0,0,0,0,0,12.06,1.99,0,44.07,0,100,0,0
353,0,0,0,0,0,0,0,0,100,0,0,0,0,0,100,0,0
354,0,0,0,100,0,0,0,0,0,0,0,0,0,0,100,0,0
355,0,7.15,4.8,26.87,1.29,6.36,0,6.2,6,4.71,19.19,0,1.47,15.96,72.36,9.99,17.65
356,0,13.42,5.26,17.1,0,3.41,0,8.97,8.71,1.81,7.36,0,0,33.95,49.19,14.23,36.57
357,0,23.64,38.69,0,0,0,0,7.59,0,0,0,0,0,30.21,38.69,0,61.31
358,1.27,17.21,15.23,5.11,0,4.46,1.47,1.61,14.01,7.47,2.6,3.01,3.97,22.58,57.7,13.49,28.82
359,0,33.72,0,7.37,0,8.18,0,0,12.99,0,2.62,2.76,0,32.36,49.39,7.64,42.99
360,0,21.19,13.7,14.66,2.05,0,0,3.11,3.11,0,4.31,5.75,3.76,28.35,62.58,15.33,22.08
361,0,19.42,14.33,14.5,2.28,0,0,4.36,2.28,0,7.71,4.36,0,30.75,47.55,11,41.43
362,0,6.7,0.24,18.51,0,1.49,5.44,0.99,7.82,21.84,11.01,9.52,5.33,11.1,97.36,0.75,1.89
363,0,0.77,10,13.05,2.43,5.71,2.69,5.19,5.32,12.75,13.12,3.74,11.12,14.09,89.24,2.82,7.94
364,0,3.38,57.09,7.28,23.02,0,0,0.4,2.29,1.06,0,0,0.2,5.27,95.75,1.81,2.44
365,0,0.23,44.91,11.97,15.26,5.25,0,2.16,0.23,0.2,0,0.64,8.58,10.56,97.91,0.81,1.28
366,0,2.26,23.54,22.95,7.87,5.36,2.35,1.93,10.56,0.47,2.52,1.76,2.62,15.84,91.99,3.37,4.64
367,0,2.7,5.92,18.27,8.74,1.59,1.69,1.38,3.97,10.36,11.39,1.98,0,32.02,70.22,12.83,16.94
368,0,1.77,7.7,24.02,5,1.7,0,0,19.29,16.56,9.94,4,1.77,8.25,98.98,1.02,0
369,0,5.5,18.12,25.97,0,2.03,1.49,2.74,6.12,5.98,16.78,4.7,0,10.57,82.17,7.11,10.72
370,0,5.14,9.46,15.64,2.22,6.26,0,6.85,4.24,7.86,7.16,6.64,3.46,25.07,74.55,4.13,21.31
371,0,13.38,9.99,16.3,0,0,0,13.23,13.25,0,13.61,6.63,0,13.61,73.71,10.06,16.23
372,0,3.37,8.99,22.41,12.09,0.76,4.34,0,7.91,17.21,7.96,0,2.06,12.88,81.44,11.71,6.86
373,0,9.67,11.74,25.09,14.01,7.8,0,8.98,5.05,0,2.07,1.17,0.35,14.07,70.83,11.97,17.2
374,0,0,1.64,11.68,2.63,55.5,0,1.09,7.16,1.61,0,4.68,7.31,6.7,100,0,0
375,0,6.01,27.63,10.97,14.23,0,0.1,3.1,7.54,0,5.6,1.77,0,23.04,73.01,9.95,17.04
376,0,5.08,30.82,9.65,18.21,4.1,0.67,1.56,4.08,1.62,3.95,0.58,0,19.69,76.31,10.4,13.29
377,0,7.07,26.33,21.13,5.31,0,0,1.39,8.93,1.34,10.57,1.13,1.16,15.64,76.44,13.65,9.92
378,0,4.57,30.44,15.29,17.97,1.43,0.27,7.65,3.05,3.93,2.35,0,1.56,11.49,80.15,5.46,14.39
379,0,1.36,10.19,38.46,0,0,0,1.85,13.36,0,6.37,0,0,28.4,71.9,23.21,4.89
380,0,8.33,9.85,24.01,0,4.23,0,7.39,9.85,2.88,4.23,1.39,0,27.85,54.62,11.69,33.69
381,NA,NA,NA,NA,NA,NA,NA,NA,NA,NA,NA,NA,NA,NA,NA,NA,NA
382,0,9.91,6.77,25.4,3.53,7.11,0.54,0,8.62,2.56,1.47,0.54,1.54,32,63.38,24,12.63
383,0,9.63,13.93,27.71,0,7.24,0,14.62,6.04,0,5.77,0,0,15.06,74.94,8.76,16.3
384,0,37.63,0,26.21,2.66,0,0,4.55,0,0,10.84,0,0,18.11,59.19,6.47,34.32
385,0,0,0,0,100,0,0,0,0,0,0,0,0,0,100,0,0
386,21.57,11.83,42.44,13.1,5.77,0,0,0,2.93,0,0,0,0,2.36,80.57,13.54,5.89
387,0,12.3,23.29,18.82,1.72,3.17,0,0.35,9.58,1.44,7.49,1.79,2.07,17.98,81.09,6.31,12.6
388,0,10.72,40.93,2.26,0,0,0,0,23.95,0,2.67,0,3.43,16.03,73.25,5.75,21
389,0.44,7.6,4.21,12.21,4.8,0.46,0.96,3.76,2.32,9.87,7.08,7.84,11.1,27.36,69.61,15.26,15.13
390,20.07,18.64,4.56,21.62,9.56,0,0,0,0,0,2.39,0,0,23.24,37.76,14.08,48.16
391,0,14.86,10.13,14.77,0,6.07,0.88,0,5.57,4.08,3.28,8.56,4.45,27.35,62.8,5.1,32.1
392,0,0,0,0,0,0,0,0,0,0,0,0,100,0,100,0,0
393,0,15.05,24.41,10.81,2.95,1.14,0,5.65,0,0,12.62,0.94,1.84,24.59,64.35,4.83,30.82
394,0,13.66,15.73,1.62,0,0,0,5.9,1.62,0,8.61,4.73,0,48.17,43.27,19.63,37.1
395,0,4.87,16.5,19.43,0,1.72,1.94,3.1,2.85,2.24,6.86,4.11,7.11,29.27,87.08,7.1,5.82
396,0,16.17,20.31,20.91,0,0,0,4.92,3.14,0.38,6.05,2.6,6.18,19.35,54.84,14.39,30.77
397,0,4.67,36.3,13.83,0.67,4.62,2.09,1.9,1.26,6.66,7.85,0,0,20.17,78.6,7.14,14.26
398,0,7.18,37.14,30.18,1.45,0.76,0,4.28,2.9,0.7,2.67,0.7,0.34,11.68,71.71,11.55,16.74
399,7.13,24.03,9.11,14.58,6.36,2.04,0,2.73,5.14,1.37,5.33,3.01,0,19.17,52.76,6.14,41.1
400,0,10.79,27.61,26.58,2.98,2.53,0,0.72,5.95,2.73,0.72,0,0.31,19.09,69.41,5.93,24.66
401,1.69,8.3,14.25,22.74,2.46,0,0.71,3.41,10.48,5.5,8.4,4.32,1.5,16.24,70.87,11.74,17.39
402,1.84,14.29,7.03,18.42,2.6,7.06,0,1.84,16.64,0,11.34,1.12,0,17.81,54.94,11.1,33.98
403,3.92,18.04,40.97,2.07,5.66,0,0,6.19,12.69,0,0,0,0,10.47,47.16,24.1,28.74
404,0,5.69,2.69,21.38,2.87,3.87,1.6,10.11,2.66,8.68,7.82,4.34,4.05,24.22,81.63,9.77,8.6
405,0,5.68,8.01,22.77,0,3.85,0.54,0.84,3.96,11.75,11.69,4.12,0,26.77,85.43,8.64,5.93
406,0,3.52,7.8,22.22,0,2.25,0,4.07,0,2.26,13.42,4.68,12.86,26.91,80.2,8.82,10.98
407,0,15.63,15,12.91,1.77,1.77,0,7.08,1.27,2.2,10.26,5.98,0,26.12,58.31,14.26,27.42
408,7.04,6.96,11.59,18.34,4.2,1.99,0,3.02,9.03,7.66,10.14,3.02,0,17.02,62.3,23.24,14.46
409,2.01,20.52,2.71,16.25,4.07,0,0,8.11,2.01,5.45,0,0,3.54,35.32,53,15.62,31.37
410,13.95,10.51,56.87,5.39,2.79,0,0,0,1.17,0.98,0,0,1.98,6.37,79.81,8.83,11.36
411,7.39,5.98,41.76,2.72,0,3.25,0,0,2.72,0,16.58,0,0,19.62,74.9,10.77,14.34
412,0,3.03,26.63,14.62,0,1.17,0,0,9.3,3.27,9.43,7.44,0,25.11,76.81,13.94,9.24
413,4.28,24.72,7.12,10.52,4.83,2.84,0,9.66,4.83,0,5.69,0,0,25.55,43.38,29.5,27.12
414,8.95,4.29,5.35,29.69,3.92,3.58,0,4.29,3.31,3.71,1.42,2.49,17.58,11.45,55.59,33.32,11.08
415,13.71,4.53,0,24.84,0,0,0,4.34,0.76,0,13.47,3.24,6.47,28.66,68.95,17.29,13.76
416,4.34,13.18,9.18,26.37,3.89,0,0,2.44,6.08,1.82,4.93,0.33,5.02,22.41,70.56,11.85,17.59
417,0,1.06,11.24,19.39,2.24,0,0,7.76,7.06,7.29,5.52,9.03,1.17,28.25,80.19,9.51,10.3
418,0,0.4,11.15,29.95,0.43,4.37,0.47,0,1.89,3.07,5.42,6.19,0.36,36.3,78.04,11.88,10.07
419,0,1.44,15.52,13.84,3.66,3.46,0,3.62,9.6,0,9.34,1.34,10.43,27.75,79.69,9.41,10.9
420,0,0,18.27,47.35,0,0.77,16.56,1.3,1.44,3.79,0,6.23,2.87,1.43,95.49,2.73,1.77
421,0,1.1,32.73,22.2,0.55,2.3,0.74,0.55,1.8,8.02,1.05,10.83,3.49,14.65,94.24,2.56,3.2
422,0,3.01,6.71,19.92,2.03,2.91,1.25,3.45,6.31,7.57,8.97,11.39,10.09,16.39,93.09,3.73,3.18
423,0,2.28,6.71,21,1.08,1.66,3.31,12.31,0,5.57,9.5,10.03,0,26.54,75.05,9.1,15.85
424,0,0,7.9,15.26,0,0,1.69,5.62,8.97,9.82,19.3,1.22,8.12,22.09,79.34,11.09,9.57
425,0,15.48,20,11.98,2.08,3.73,2.25,2.62,8.59,0,1.98,0,0,31.32,61.63,14.46,23.91
426,0,5.57,5.59,11.6,4.96,2.51,0,1.15,9.13,1.15,11.93,4.84,0,41.56,89.46,4.08,6.45
427,0,5.51,18.34,23,2.66,4.23,0.99,2.01,2.93,0,12.4,1.23,1.86,24.83,78.37,9.83,11.8
428,0,0,15.64,11.15,2.74,0,0,6.49,2.74,6.74,14.26,4.81,0,35.45,90.78,1.68,7.55
429,0,9.36,13.82,28.12,2.6,5.19,0,4.94,0,0,10.09,3.44,3.39,19.05,58.6,13.81,27.59
430,0,14.43,12.99,14.11,3.31,10.02,0,5.74,8.75,2.43,1.75,8.24,0,18.23,71.4,8.3,20.3
431,0,5.11,28.84,25.22,0,0.63,0,4.74,4.22,2.38,6.1,7.91,2.89,11.96,69.01,17.54,13.45
432,0,5.16,12.46,14.96,1.72,9.05,1.72,7.54,8.61,4.01,5.32,5.53,5.41,18.51,72.75,3.44,23.81
433,0,27.02,2.74,6.05,0,3.14,0,14.66,1.81,0,8.25,9.9,0.26,26.19,41.69,9.53,48.78
434,0,1.93,54.33,7.81,5.64,0,0,0,15.77,0,0,0,0,14.53,76.89,7.26,15.84
435,0,2.06,65.59,6.7,1.14,0.37,0,2.27,0.84,0,0.08,1.74,3.46,15.74,89.28,6.32,4.4
436,0.71,8.15,5.4,20.64,3.05,3.34,0.84,6.43,6.79,5.7,7.87,3.09,6.91,21.08,69.68,9.88,20.44
437,0,17.29,2.83,20.56,3.25,4.32,0,10.39,9.55,1.49,10.24,2.46,0,17.61,41.76,14.22,44.02
438,0,23.39,1.43,24.63,2.4,3.5,0,4.48,4.29,2.36,2.28,4.03,0,27.22,59.02,17.91,23.07
439,15.53,26.07,0,7.09,0,0,0,5.15,5.15,0,5.15,16.6,0,19.26,52.73,10.93,36.38
440,0,3.54,23.12,23.57,3.47,4.2,0.89,0.17,2.38,2.27,3.47,1.58,1.52,29.81,74.81,9.18,16.01
441,0,8.54,11.73,40.66,0,0,0,0,21.07,4.14,3.81,0,5.94,4.14,69.12,10.22,20.66
442,1.77,3.89,28.02,4.54,3.89,0,0,15.87,7.31,5.41,1.49,2.2,0,25.62,55.46,25.16,19.38
443,1.97,28.57,15.97,7.76,0,24.53,0,0,0.46,0,1.97,0,0,18.78,55.63,8.88,35.49
444,0,4.81,16.59,17.08,0,0,7.41,6.46,5.45,2.38,5.86,1.1,2.5,30.35,48.96,10.6,40.45
445,0,7.72,34.51,18,1.06,1.56,0.79,3.81,6.56,9.31,4.01,3.85,0,8.83,81.96,12.8,5.23
446,0,1.97,48.52,6.73,7.69,0.67,1.55,4.05,7.24,1.75,2.14,6.01,0,11.68,83,7.43,9.57
447,0,2.75,15.34,33.08,0.47,0,2.56,3.14,2.11,6.83,15.57,10.19,0,7.94,90.85,7.68,1.47
448,0,2.87,4.6,23.85,4.02,0.85,6.04,0,6.74,3.11,9.03,13.86,4.63,20.41,92.17,2.09,5.75
449,0,5.08,9.13,19.39,0,2.7,0.82,4.36,4.74,8.07,5.12,3.75,6.21,30.61,91.39,4.43,4.18
450,0,9.04,5.93,18.78,0.79,8.43,2.31,7.45,7.28,5.6,5.5,4.65,2.2,22.03,72.99,5.56,21.46
451,0,3.62,25.68,15.25,9.19,0,0.82,1.55,7.26,8.75,4.94,1.55,0,21.38,69.17,11.6,19.23
452,0,7.22,31.02,5.59,7.14,9.56,0,4.93,0,0,9.41,0.84,0,24.3,74.84,14.77,10.39
453,0,0,4.85,10.35,0,0,0,7.73,16.71,15.77,7.33,8.55,5.26,23.44,71.65,23.09,5.26
454,0,7.83,29.71,14.83,3.06,4.16,0.66,2.22,3.97,1.73,1.02,3.76,1.84,25.22,67.7,16.36,15.95
455,0,4.29,17.69,12.26,4.49,0,0.85,1.6,4.15,2.99,12.13,6.94,6.93,25.66,80.54,7.26,12.2
456,0,7.49,25.14,23.74,7.62,0,1.09,3.83,9.42,0,6.29,2.14,0.17,13.07,70.08,16.85,13.08
457,0,6.3,45.13,17.25,2.27,0,0,2.74,5.3,2.3,2.93,0.89,1.73,13.16,79.25,9.48,11.27
458,0,2.02,36.98,13.24,0,0,0,15.06,7.35,0.19,1.06,3.19,2.02,18.89,71.08,18.9,10.03
459,0,0,18.41,20.02,5.85,0,0,10.67,8.17,0,20.36,0,0,16.51,65.21,15.53,19.26
460,0,6.5,2.03,32.9,1.48,2.12,1.04,7,2.93,1.5,7.72,9.28,7.92,17.57,80.65,9.42,9.92
461,0,13.36,15.13,15.92,3.59,2.88,0,0.46,1.83,2.41,2.6,0,7.8,34,63.6,2.27,34.13
462,0,15.52,6.24,11.32,8.24,0,0,1.69,7.51,1.75,14.74,7.77,1.46,23.77,64.28,7.5,28.22
463,0,5.54,11.34,17.97,0,0,0,11.62,5.17,5.51,7.27,11.58,4.96,19.03,73.14,3.33,23.53
464,0,13.99,7.17,18.11,0,2.25,0,0,12.85,0,7.71,1.16,3.61,33.15,46.64,26.29,27.07
465,0,10.04,15.25,26.96,4.27,4.22,0,3.69,4.42,0,11.95,4.72,0,14.47,76.11,4.14,19.75
466,0.13,5.4,29.5,13.97,12.17,7.5,0,0.78,3.22,2.16,3.06,0,13.11,9.01,91.19,0.56,8.25
467,2.86,8.5,20.26,7.24,13.81,7.41,0,1.26,2.88,0.44,2.86,0.68,0,31.78,71.35,8.91,19.76
468,0,14.02,13.07,19.43,1.7,4.95,0,4.98,5.96,3.64,8.15,2.42,2.6,19.09,60.03,15.25,24.72
469,4.95,11.53,1.11,13.75,10.5,0,0,0,4.95,4.95,10.27,0,0,37.99,46.86,22.69,30.45
470,3.88,7.75,21.71,4.77,5.61,8.91,0,1.94,8.31,0,10.87,0,0,26.25,72.75,12.74,14.52
471,3.19,18.52,9.82,21.32,0,0,0,0,0,0.82,3.02,2.59,10.19,30.52,58.58,12.32,29.09
472,0,21.54,18.97,11.05,2.93,2.05,0,3.06,3.95,3.7,4.25,2.05,1.3,25.15,53.4,12.71,33.9
473,0,23.61,4.95,26.89,0,0,0,0,8.41,0,7.99,0,0,28.16,34.54,22.7,42.76
474,6.72,19.1,22.02,8.9,6.72,0,0,0,2.75,0,0,0,0,33.84,60.27,9.99,29.74
475,0,17.66,7.48,15.69,0,4.47,0,1.08,8.83,7.76,4.2,0,1.08,31.74,61.27,13.31,25.42
476,0,3.41,16.98,18.1,5.99,3.68,0,1.71,2.57,12.17,5.67,3.94,7.35,18.42,90.77,2.53,6.7
477,0,4.9,7.23,14.05,2.53,1.24,8.36,3.74,1.75,8.29,6.05,15.19,0,26.67,93.71,3.06,3.23
478,0,0.78,18.82,20.52,5.72,1.07,9.3,1.08,6.03,4.42,1.28,14.22,0.08,16.68,99.86,0,0.14
479,0,0,19.4,4.21,0,0,0,0,0,0,4.42,17.5,20.89,33.6,100,0,0
480,0,9.68,5.52,7.96,3.22,0,0,6.46,6.52,0,26.09,9.68,0,24.87,56.16,23.95,19.89
481,0,8.67,2.33,35.79,4.22,3.76,0,10.6,4.19,0.69,9.07,2.68,1.08,16.91,60.8,3.81,35.38
482,1.11,7.25,41.04,6.07,11.44,1.22,0,0,2.24,0,11.84,2.42,3.32,12.03,80.89,8.33,10.78
483,0,1.35,17.68,29.29,4.56,0,3.18,0,1.26,2.45,0,10.46,0,29.76,93.74,0,6.24
484,0.99,10.44,8.86,26.42,0.99,5.2,0,7.29,7.34,1.26,2.1,7.24,0,21.87,40.05,24.59,35.36
485,0,9.13,7.35,16.65,5.41,6.12,2.27,1.51,1.91,3.19,7.29,2.96,6.08,30.14,79.7,5.6,14.7
486,0,15.23,2.04,32.36,5.25,7.79,0,4.79,0,5.8,9.72,2.65,0.46,13.91,53.93,7.37,38.7
487,0,14.55,11.56,17.51,9.05,3.99,0,1.27,6.79,0,21.23,0,0,14.07,57.4,6.36,36.25
488,0,19.62,1.41,21.93,0,0,0,14.72,6.68,1.41,0,0,0,34.26,48.31,28.27,23.41
489,0,3.1,6.77,40.17,0,2.23,2.39,2.91,3.08,10.45,7.73,2.54,3.54,15.08,98.61,0.55,0.84
490,0,3.7,1.3,32.75,3.12,12.6,14.92,0.77,4.83,1.25,5.03,1.32,4.1,14.33,95.43,2.71,1.87
491,0,5.62,2.3,8.36,6.84,2.78,12.39,2.78,11.72,0,3.31,7.06,4.82,32.03,76.52,3.12,20.35
492,0,0.7,3.91,8.6,1.58,2.01,7.91,2.43,7.27,10.98,5.51,2.76,9.4,36.94,84.91,2.59,12.5
493,0,12.66,9.6,16.6,4.13,4.33,0,14.65,5.94,4.86,4.4,0,5.92,16.88,56.95,22.21,20.84
494,0,19.89,4.84,39.74,2.51,2.35,0,0,0,2.84,1.75,2.35,0,23.72,57.53,10.31,32.16
495,0,11.72,11.16,27.02,5.19,3.07,0,4.28,6.24,0,9.04,2.44,0,19.84,58.35,14.79,26.87
496,0,7.24,2.79,20.61,5.75,3.8,5.74,5.37,0,0,2.3,9.06,1.78,35.56,45.62,3.59,50.79
497,0,6.54,31.69,4.63,4.16,10.51,0,1.95,3.87,5.74,2.12,2.45,13.15,13.23,82.12,6.5,11.4
498,0,1.66,8.36,15.2,5.3,16.82,0,1.59,2.47,5.87,2.28,14.47,0,25.98,97.76,0.58,1.66
499,0,9.55,3.6,30.05,4.87,2.41,0,4.07,3.24,0.93,14.22,1.43,1.05,24.58,58.85,17.94,23.21
500,0,3.49,10.13,21.87,10.57,6.04,0,5.13,2.73,0,6.21,0.58,4.47,28.79,79.49,4.4,16.12
501,0,7.49,7.23,30.6,7.54,11.91,0,0.7,5.29,2.3,3.07,2.05,0,21.82,74.04,3.26,22.7
502,0,2.38,19.73,34.7,10.72,2.17,4.52,1.85,1.19,1.36,0.15,1.89,0,19.35,94.48,1.16,4.36
503,0,3.37,45.53,12.65,3.67,3.67,0,0,0.42,2.87,12.75,0,8.14,6.89,96.2,1.29,2.51
504,0,12.97,1.74,36.07,1.36,4.28,1.07,0,10.69,0.48,16.95,0,0.21,14.19,47.72,35.91,16.38
505,0,9.83,0,11.96,3.37,7.63,0,0,0,3.37,9.46,39.18,0,15.11,51.87,27.29,20.84
506,0,6.26,22.9,24.44,0,0,0.26,3,6.42,2.97,4.09,7.68,2.21,19.78,89.86,5.86,4.29
507,0,7.27,36.31,8.91,4.84,1.54,0,1.6,6.16,0.65,4.12,13.86,0,14.73,92.43,5.58,1.99
508,0,7.12,18.7,19.74,2.01,3.89,0.36,3.38,5.83,7.04,6.22,3.08,5.33,17.28,73.25,9.29,17.45
509,0,26.22,0,16.86,4.46,3.22,0,0,21.26,0,2.98,0,0,24.98,34.47,18.66,46.87
510,0,0,0,100,0,0,0,0,0,0,0,0,0,0,100,0,0
511,0,12.34,9.69,17.51,3.16,2.49,3.31,3.18,19.31,0,3.96,0,5.64,19.39,67.65,11.44,20.91
512,5.39,17.33,21.39,9.11,2.91,3.12,0,1.92,2.27,0,9.97,0.96,3.02,22.62,71.27,6.91,21.81
513,0,13.11,0,0,0,0,0,3.18,3.18,0,10.49,0,0,69.85,24.34,13.86,61.99
514,0.11,18.81,10.01,5.72,7.95,2.1,2.02,3.11,5.95,4.03,6.07,1.4,4.28,28.42,56.65,10.36,32.99
515,0,17.24,14.71,24.56,4.12,0,0,4.12,1.63,3.08,8.35,2.89,2.13,17.16,64.54,9.64,25.82
516,0,8.88,14.48,13.69,2.33,2.89,0,6.07,2.06,2.92,10.51,8.89,4.05,23.25,75.28,10.93,13.79
517,0,11.28,7.62,14.27,0,1.44,2.14,2.86,1.44,1.44,29.94,2.35,10.23,15.01,54.89,15.52,29.59
