Zona,Metro_16,Trem_16,Onibus_16,TFret_16,TEscola_16,DirAuto_16,PAutomo_16,TaxCon_16,TaxNCon_16,DirMoto_16,PMoto_16,Bicicle_16,APÃ©_16,Outros_16,Coletvo_17,Indiv_17,MMotor_17,MNMotor_17,TrabInd_18,TrabCom_18,TrabSer_18,Educ_18,Compras_18,Saude_18,Lazer_18,ProcEmp_18,AssPess_18,Refeic_18,TMV_Col_20,TMV_Ind_20,TMV_Ape_20,TMV_Bic_20
1,42.27,0.91,18.68,0.01,0.11,5.98,2.18,1.11,0.34,1.04,0,0.09,27.23,0.06,61.98,10.7,72.68,27.32,1.1,6.81,48.04,10.23,4.1,0.35,3.56,2.3,12.06,11.44,49.26,33.09,6.62,11.03
2,34.89,6.15,18.87,0,0.03,11.18,4.47,0.13,0.78,3.13,0.02,0.54,19.52,0.3,59.95,19.99,79.94,20.06,1.8,23.62,24.59,4.74,25.97,1.21,1.8,0.92,9.26,6.09,46.99,34.94,7.23,10.84
3,33.32,0,12.45,0,0.39,9.91,1.87,1.16,0.88,1.05,0,0.53,37.74,0.71,46.16,15.57,61.73,38.27,2.55,6.69,44.32,17.31,4.97,3.82,1.67,0.62,10.72,7.35,49.12,32.46,9.65,8.77
4,25.32,0,16.65,0,0.37,12.4,3.98,1.82,2.24,0.41,0,1.39,34.82,0.58,42.35,21.44,63.79,36.21,0.4,5.26,44.96,12.78,3.54,4.23,7.92,0.47,15.64,4.78,54.26,23.26,10.85,11.63
5,42.27,0.47,14.74,0,0.13,7.48,2,0.23,1.92,1.37,0.31,0.74,27.87,0.49,57.61,13.78,71.39,28.61,1.87,12.31,51.12,7.38,2.07,1.81,3.98,2.67,8.18,8.62,48.98,28.57,5.44,16.33
6,22.74,13.44,14.64,0,0.3,8.88,2.6,0.16,1.56,2.94,0,1.43,31.16,0.15,51.12,16.29,67.42,32.58,2.08,23.62,33.62,13.48,7.25,1.97,3.96,0,7.63,6.38,47.41,34.07,7.41,11.11
7,20.99,13.24,8.67,1.78,0.66,10.69,3.44,0.3,0.69,4.12,0.72,1.83,32.88,0,45.34,19.96,65.29,34.71,9.24,23.77,25.99,17.03,9.92,0.91,4.43,0,5.06,3.65,44.94,25.32,6.96,22.78
8,5.21,6.73,15.13,1.99,0.72,10.76,5.17,0,1.58,2.1,0,1.41,49.22,0,29.77,19.6,49.37,50.63,14.96,9.03,32.65,31.46,2.24,1.37,2.72,0.67,3.27,1.63,44.44,36.11,9.03,10.42
9,33.2,3.04,19.72,0,0.53,14.54,2.62,0.15,0.37,1.96,0,1.41,22.07,0.38,56.49,20.02,76.51,23.49,8.3,9.62,34.48,27.67,2.51,0.94,3.48,1.32,9.59,2.1,44.57,28.8,5.98,20.65
10,23.88,0,33.51,1.38,7.34,8.07,5.91,0,0.12,0.84,0,1.41,17.53,0,66.12,14.94,81.07,18.93,6.44,8.34,22.02,37.88,0.16,0.91,22.62,0,1.58,0.05,60.58,20.19,10.58,8.65
11,2.98,0.12,26.05,0,4.89,19.38,21.3,0,0.17,9.52,0,0.73,14.85,0,34.06,50.36,84.43,15.57,15.63,20.71,25.23,26.62,1.6,1.39,0.94,0,7.41,0.48,54.4,23.2,10.4,12
12,8.7,13.07,17.15,0.15,1.62,10.5,6.23,0.02,1,2.8,0,2.8,33.63,2.33,40.69,22.88,63.57,36.43,12.72,31.01,24.01,14.19,5.45,3.33,2.26,0.87,4.6,1.56,53.33,26.67,7.33,12.67
13,7.84,24.97,15.65,0.96,0.14,14.36,16.94,0.74,1.85,0,0,0.15,16.39,0,49.56,33.9,83.45,16.55,10.13,38.6,10.02,4.47,19.3,0.18,0.17,0.68,15.02,1.42,64.23,21.17,7.3,7.3
14,9.01,20.58,22.57,2.32,0.22,10.93,8.47,0.18,1.61,0.69,0,0.12,23.3,0,54.7,21.88,76.58,23.42,13.73,38,11.44,5.52,21.91,0.61,0.38,2.17,2.23,4.02,49.68,36.94,6.37,7.01
15,24.7,15.2,17.52,0,2.37,9.68,4.79,0,0,1.33,0,0.7,23.7,0,59.8,15.8,75.6,24.4,12.94,20.9,27.27,9.16,12.83,2.05,0.6,0.4,11.39,2.47,55.63,24.65,9.86,9.86
16,28.89,10.52,11.51,0,1.48,13.35,1.41,0.26,0.54,0.3,0,2.15,28.83,0.76,52.4,16.62,69.02,30.98,4.1,13.18,38.6,14.57,10.03,1.71,2.46,0.67,9.22,5.45,45.33,28.67,8,18.67
17,20.29,8.01,18.6,0.08,0.33,11.84,2.23,0.54,1.19,2.01,0.27,0.93,33.69,0,47.29,18.08,65.38,34.62,4.46,28.98,19.55,29.38,6.68,0.72,2.81,0,4.98,2.43,52.94,27.21,8.09,12.5
18,10.4,5.86,21.98,0.43,0.7,21.82,7.91,0.44,1.79,0.24,0,0.73,26.45,1.25,39.37,33.45,72.82,27.18,13.43,13.23,29.63,21.24,2.63,5.56,2.78,0,7.68,3.81,55.07,22.46,9.42,13.77
19,7.37,0.57,20.07,0.27,2.43,27.55,15.75,0.51,1.92,3.69,0,0.39,19.48,0,30.71,49.42,80.13,19.87,2.64,11.89,34.13,28.65,2.9,12.9,2.52,0,4.1,0.28,34.55,12.57,5.76,47.12
20,9.85,1.22,23.64,0,1.89,20.62,6.85,0.24,2.01,2.57,0.56,0.45,30.09,0,36.61,32.85,69.46,30.54,3.25,7.23,26.15,32.12,4.02,6.8,5,1.32,12.67,1.44,51.58,22.11,15.79,10.53
21,11.36,0,17.56,0,1.06,23.66,14.34,1.2,5.27,3.36,0,0.36,21.6,0.24,29.97,48.06,78.04,21.96,0.81,4.26,38.99,34.78,7.84,3.25,3.78,0.45,5.3,0.54,47.79,17.7,7.96,26.55
22,30.45,0,9.69,0,0.5,14.74,7.8,0,0.46,3.11,0,0.54,31.89,0.81,40.64,26.92,67.56,32.44,1.7,4.27,27.13,38.87,9.82,8.69,1.03,0.26,6.54,1.7,43.28,23.13,11.94,21.64
23,52.11,0,9.41,0.21,0.2,12.77,4.64,1.05,0.37,2.88,0,0.32,16.04,0,61.94,21.7,83.64,16.36,2.29,5.82,30.84,36.59,1.12,11.5,3.81,0.68,3.91,3.46,50.33,31.13,6.62,12.58
24,52.21,0,10.48,0,0.73,9.97,2.04,0.37,0.56,2.44,0.28,0.38,20.55,0,63.42,15.66,79.07,20.93,1.55,3.78,24.19,53.84,4.14,2.56,3.79,1.13,3.75,1.27,47.83,24.64,7.97,19.57
25,13.36,0,21.51,0.03,0,9.15,4.06,1.35,2.69,2.48,0,1.4,43.96,0,34.91,19.73,54.64,45.36,4.44,4.02,46.22,29.61,5.39,2.01,2.17,0,3.68,2.46,50.79,19.84,11.9,18.25
26,22,0,13.09,0,2.12,18.37,11.35,0.68,0.53,0.17,0,0.49,31.2,0,37.21,31.09,68.3,31.7,6.68,5.45,31.08,31.79,2.52,8.47,5.67,0,6.9,1.44,46.72,33.58,8.76,10.22
27,32.25,0.7,14.78,0,0.58,15.41,6.29,0.98,2.3,0.91,0.03,0.51,25.26,0,48.31,25.92,74.23,25.77,1.92,5.43,41.41,18.91,3.16,13.68,5.31,0.2,5.58,4.4,51.37,21.92,8.9,17.81
28,29.87,2.88,15.39,0,0.96,15.3,4.3,2.12,5.77,0.98,0,0.4,22.03,0,49.11,28.46,77.57,22.43,4.3,4.66,48.95,17.33,1.73,6.12,4.23,1.51,6.14,5.03,41.56,35.06,7.14,16.88
29,31.66,0,20.04,0,0.25,13.94,2.7,1.15,3.64,2.64,0,0.38,23.18,0.43,51.95,24.49,76.44,23.56,2.43,7.22,49.32,11.85,2.88,9.94,5.36,0.09,4.67,6.24,47.4,24.68,6.49,20.78
30,15.38,0.49,12.15,4.3,0.47,20.39,5.95,1.65,3.24,2.27,0,2.31,31.4,0,32.79,33.5,66.29,33.71,2.17,5.83,37.88,19.12,5.74,7.99,10.63,0.09,7.02,3.53,53.85,21.15,8.33,16.67
31,31.1,0.68,18.91,0.66,1.15,13.1,5.34,0.59,2.27,1.33,0,0.17,24.38,0.31,52.5,22.95,75.44,24.56,0.67,1.89,35.5,36.44,3.14,8.63,3.88,0.05,6.47,3.34,46.27,24.63,8.21,20.9
32,37.23,0.68,17.49,0,0.65,11.98,1.98,0.53,0.56,0.46,0,0.26,28.18,0,56.05,15.51,71.56,28.44,3.82,7.69,47.8,17.72,1.23,2.9,5.23,0.03,3.89,9.68,47.59,25.52,7.59,20
33,22.4,4.68,12.83,0,2.02,15.56,2.57,3.71,5.04,9.71,0,0.76,20.74,0,41.91,36.59,78.5,21.5,1.02,2.31,46.86,26.43,1.92,8.04,3.48,3.93,2.84,3.18,53.99,17.18,10.43,18.4
34,12.57,0.86,8.4,0,1.39,31.44,18.09,1.61,2.72,0.16,0,0.49,22.27,0,23.22,54.03,77.24,22.76,1.98,1.01,42.4,27.41,2.95,13.28,5.49,0,3.65,1.84,50,22.67,9.33,18
35,22.89,2.1,15.8,0,0.34,14.46,3.84,0.86,0.35,0.06,0,0.34,38.22,0.75,41.12,20.32,61.44,38.56,3.25,4.83,50.37,19.32,4.19,2.82,6.63,0.59,5.07,2.94,46.62,26.32,11.28,15.79
36,24.19,2.45,16.11,0.45,0.48,18.19,7.22,1.84,2,1.44,0,1.06,24.59,0,43.67,30.68,74.35,25.65,1.25,3.35,44.53,26.23,2.74,5.02,5.49,0.39,6.55,4.45,55.36,23.21,9.82,11.61
37,12.13,13.93,19.44,1.34,0.37,18.75,11.4,0.35,0.52,3.33,0,3.5,14.94,0,47.21,34.35,81.56,18.44,5.53,13.63,46.47,11.55,5.92,2.33,3.13,0,7.33,4.12,54.55,23.38,7.14,14.94
38,9.7,0,13.43,0,3.62,27.39,3.36,0,0.73,2.89,0,0,38.69,0.2,26.75,34.56,61.31,38.69,14.06,19.33,22.39,22.94,1.32,2.24,17.09,0,0.09,0.53,51.91,30.53,17.56,0
39,13.22,8.78,31.82,0.36,3.83,19.38,6.59,0,0.75,1.06,0,0.03,14.19,0,58.01,27.77,85.78,14.22,4.32,7.04,33.91,24.64,6.5,11.13,5.78,2.89,3.71,0.07,54.2,22.9,7.63,15.27
40,28.16,1.5,22.02,0,1.85,12.25,6.98,0,0.47,1.01,0,0.19,25.56,0,53.53,20.71,74.25,25.75,3.84,2.53,50.54,21.95,2.07,2.62,5.45,0.67,6.02,4.3,49.66,20.13,5.37,24.83
41,19.11,4.68,12.62,0,3.08,16.44,6.75,0.13,0.59,1.87,0,0.24,34.5,0,39.49,25.77,65.26,34.74,8.76,6.3,31.72,27.92,7.18,3.24,3.45,1.83,4.4,5.22,45.99,24.82,6.57,21.9
42,9.89,11.78,28.26,0,0.6,14.7,8.93,0,1.7,0.25,0,2.46,21.35,0.08,50.54,25.65,76.19,23.81,15.63,16.24,12.97,11.21,4,1.01,8.35,2.89,23.18,4.52,53.64,23.84,7.28,15.23
43,30.54,3.09,23.08,0.09,1.42,13.79,6.05,0.33,2.33,1.46,0.07,0.64,17.11,0,58.22,24.04,82.25,17.75,2.66,7.22,29.23,41.92,1.82,8.54,3.34,0,4.02,1.25,49.23,23.08,10.77,16.92
44,12.05,8.26,14.44,0,3.13,25.18,10.56,0.45,2.3,2.26,0.49,0.72,20.17,0,37.87,41.24,79.11,20.89,3.81,10.91,33.96,17.24,4.01,17.13,4.62,0.09,4.75,3.48,58.27,21.26,8.66,11.81
45,11.45,3.79,19.87,0.91,2.37,21.48,7.44,0,2.54,1.99,0,1.8,25.82,0.55,38.38,34,72.38,27.62,9.04,15,33.23,19.78,3.24,4.18,4.91,0.3,6.82,3.51,47.55,24.48,6.29,20.98
46,5.52,0.33,18.53,0,10.65,15.48,9.81,0.88,0,0.73,0,0.6,37.29,0.18,35.03,27.07,62.1,37.9,9.59,13.86,20.52,39.94,3.22,2.43,4.2,0,5.45,0.78,44.66,18.45,8.74,29.13
47,6.26,1.08,13.89,0,0.46,27.73,9.5,0,0.86,3.98,0,1.04,34.96,0.25,21.69,42.3,64,36,9.39,11.17,32.42,27.77,1.45,2.79,7.47,0.26,6.38,0.89,54.03,18.55,8.87,19.35
48,6.33,2.03,23.67,0,5.68,24.73,11.22,0.5,0.16,2.28,0,1.05,22.09,0.26,37.71,39.15,76.87,23.14,5.86,15.21,34.12,36.51,2.02,1.82,1.41,0.33,1.74,0.97,51.28,20.51,9.4,18.8
49,40.05,0,10.76,0,1.81,18.3,2.86,0.42,1.62,2,0,0.47,21.73,0,52.61,25.19,77.8,22.2,3.85,9,41.38,24.37,2.1,9.18,2.3,0.29,4.6,2.94,51.88,20.3,9.77,18.05
50,9.98,0,15.64,0.37,2.24,33.14,11.89,2.11,2.51,2.34,0.58,1.7,16.59,0.9,28.23,53.48,81.71,18.29,3.19,9.08,26.29,31.59,14.03,2.04,5.71,0,4.22,3.84,48.51,17.82,14.85,19.8
51,21.85,0,10.45,0,3.73,31.61,8.46,0.59,0.35,2.7,0,0.42,19.83,0,36.04,43.71,79.75,20.25,3.5,9.6,43.49,23.2,7.31,4.66,3.58,0,4.16,0.5,49.14,18.1,11.21,21.55
52,35.06,0,23.53,0,1.08,17.96,3.59,0.18,0.43,1.49,0,0,16.69,0,59.66,23.65,83.31,16.69,0.6,4.11,38.64,30.5,1.95,3.45,7.75,0,9.14,3.85,56,30.4,13.6,0
53,42.59,0,8.79,0,1.7,17.64,7.85,0.33,1.4,3.28,0,0.7,15.72,0,53.07,30.5,83.58,16.42,1.54,3.51,51.88,17.49,2.71,8.13,6.39,0.52,4.99,2.83,47.33,20,8.67,24
54,26.33,0.04,19.06,0,0.35,17.25,8.46,0.93,2.53,1.44,0,1.04,22.46,0.12,45.77,30.73,76.5,23.5,1.48,4.4,41.14,10.89,3.31,23.53,3.49,0,4.36,7.4,42.37,23.16,5.08,29.94
55,29.45,0,11.57,0.07,0.16,25.92,9.47,2.13,1.17,4.93,1.31,0.63,12.77,0.41,41.26,45.34,86.59,13.41,2.62,8.87,35.79,32.23,0.94,5.1,5.23,0,7.76,1.47,52.24,23.88,8.21,14.93
56,30.64,0,9.07,0.19,2.21,17.34,6.81,1.39,3.05,1.79,1.41,1.18,24.78,0.14,42.12,31.92,74.04,25.96,2.1,4.4,38.52,25.23,3.79,9.81,6.37,0.73,4.97,4.07,48.12,18.8,10.53,22.56
57,24.62,0,14.74,0,1.75,19.15,6.22,1.6,2.07,1.63,1,0.9,26.17,0.15,41.1,31.83,72.93,27.07,1.08,5.06,51.9,17.77,2.34,7.58,3.84,0,3.33,7.09,56.92,20.77,8.46,14.62
58,35.67,0,12.9,0.54,1.72,16.82,4.52,0.22,1.11,2.28,0,0.26,23.96,0,50.82,24.95,75.78,24.22,5.12,10.27,39.55,19.25,6.77,7.15,5.01,0.17,4.04,2.67,45.65,20.29,12.32,21.74
59,29.25,0,12,0.16,2.4,14.85,8.23,0.13,1.01,1.34,0,1.6,28.66,0.36,43.81,25.93,69.74,30.26,6.38,4.94,35.88,20.82,8.63,4.37,7.23,0.54,7.56,3.64,50.47,27.1,9.35,14.02
60,15.21,0.18,15.27,0,1.35,34.67,12.2,0.25,1,4.48,0,1.4,13.92,0.07,32.01,52.67,84.68,15.32,4.84,4.08,40.03,18.29,7.65,6.26,9.94,0.32,5.64,2.96,55.65,18.26,11.3,14.78
61,21.74,0,16.63,0.55,1.95,21.85,9.64,0.97,1.45,1.51,0,0.39,23.33,0,40.86,35.41,76.28,23.72,1.76,7.53,39.59,30.14,2.3,5,4.14,0.46,7.57,1.49,45.99,21.9,9.49,21.9
62,12.88,0.7,34.88,0,0.46,26.73,7.47,0.87,2.1,0.85,0,0.86,12.18,0,48.93,38.03,86.95,13.04,3.53,3.54,45.25,5.54,2.05,15.3,13.67,0.52,6.49,4.11,55.35,23.27,8.18,12.58
63,28.81,0,27.88,0,2.34,22.21,9.25,1.11,0.42,1.05,0.57,0.4,5.99,0,59.02,34.6,93.62,6.38,0.21,4.99,36,7.91,0.24,42.12,4.3,0,2.47,1.75,51.81,25.9,9.04,13.25
64,8.98,1.18,21.39,0.11,2.54,25.85,8.48,0.64,2.78,2.12,0,2.83,23.09,0,34.2,39.87,74.08,25.92,3.67,11.52,47.5,20.68,1.72,4.58,3.8,0,3.39,3.14,59.09,21.97,5.3,13.64
65,3.08,1.42,18.39,0,2.58,31.31,10.73,1.26,5.23,4.84,0.07,1.16,19.93,0,25.47,53.44,78.91,21.09,5.46,5.86,44.32,28.27,2.06,3.97,3.31,0,3.28,3.47,62.81,21.49,7.44,8.26
66,11.56,0.99,23.09,0,4.69,30.2,10.03,1.04,3.78,4.39,0.71,0.46,9.04,0,40.34,50.15,90.5,9.5,3.62,12.24,40.95,15.93,6.88,2.71,6.96,0.19,8.68,1.85,50.34,19.73,7.48,22.45
67,10.72,1.46,27.48,0,1.54,22.17,6.8,1.14,3.09,1.88,0,0.49,22.97,0.26,41.2,35.34,76.54,23.46,1.98,8.47,42.89,16.37,3.68,9.01,4.47,0,9.19,3.94,53.33,20,8.15,18.52
68,9.14,4.06,19.1,0.27,1.69,20.48,3.47,1.02,2.88,4.08,0,2.02,31.74,0.05,34.26,31.97,66.24,33.76,3.32,6.3,58.49,12.28,2.66,2.76,2.52,0,1.74,9.92,56.38,22.82,5.37,15.44
69,10.82,1.71,19.94,0,0.19,25.85,7.64,1.46,3.06,1.04,0,2.79,25.5,0,32.65,39.05,71.7,28.3,4.3,6.75,55.06,16.91,3.73,2.19,1.89,0.38,3.65,5.15,57.97,23.91,5.07,13.04
70,4.23,8.73,27.91,0,0.89,26.58,5.03,0.79,2.06,1.25,0,0.69,21.68,0.16,41.76,35.87,77.63,22.37,4.78,4.91,43.13,30.01,2.06,2.59,2.88,3.01,1.46,5.15,53.62,26.09,6.52,13.77
71,4.01,6.43,18.49,0,1.54,27.47,9.89,1.25,3.96,3.9,0,2.72,20.03,0.3,30.47,46.78,77.25,22.75,2.91,8.82,46.56,22.13,8.15,3.99,3.95,0,0.86,2.63,48.51,20.15,8.21,23.13
72,11.15,7.17,18.3,1.23,1.7,27.13,5.24,0.95,0.93,2.29,0.54,1.92,20.28,1.19,39.55,38.26,77.81,22.19,9.25,2.96,42.59,24.16,3.6,1.44,3,0.72,7.19,5.08,54.55,22.38,8.39,15.38
73,12.56,13.18,12.5,0.84,0.2,19.44,3.91,0.57,1.65,2.05,0.03,1.5,31.56,0,39.28,27.65,66.93,33.07,8.89,9.88,56.34,4.89,1.48,0.68,2.32,0.12,1.68,13.71,54.42,28.57,4.76,12.24
74,34.19,0.4,13.29,0.11,0.3,16.35,3.23,0.84,2.43,1.2,0,0.93,26.64,0.07,48.3,24.14,72.43,27.57,5.2,5.99,52.72,12.1,3.13,3.82,5.18,0.51,4.26,7.1,56.2,23.36,7.3,13.14
75,18.33,0.69,15.73,0.26,1.4,25.31,4.84,2.62,2.46,0.62,0.08,0.58,27.08,0,36.4,35.94,72.34,27.66,2.16,11.67,43.12,16.55,8.14,4.06,7.16,0,4.01,3.12,62.84,20.95,6.76,8.78
76,8.28,0.24,23.4,0,1.19,32.5,8.17,1.2,1.48,2.63,0.13,0.42,20.36,0,33.1,46.12,79.22,20.78,5.22,7.91,54.16,10.7,2.1,5.13,5.24,0,3.99,5.54,50.98,26.14,6.54,16.99
77,28.16,1.88,16.19,0.04,1.87,12.19,4.7,1.26,7.85,4.14,0.03,0.7,20.99,0,48.14,30.16,78.31,21.69,1.77,6.76,46.31,14.9,1.57,18.4,2.76,0,2.91,4.61,54.68,21.58,7.91,15.83
78,18.86,1.97,14.04,0,1.19,22.82,5.48,2.88,5.02,2.29,0,2.14,23.31,0.01,36.05,38.5,74.55,25.45,3.25,10.13,53.54,10.55,2.96,3.59,4.47,0.28,5.13,6.1,49.32,19.18,6.85,24.66
79,32.64,0.05,16.1,0,0.87,16.82,4.35,1.32,2.8,1.62,0,0.47,22.18,0.78,49.66,27.69,77.35,22.65,1.48,4.82,46.66,10.66,2.08,18.16,5.49,0,4.01,6.64,46.71,26.35,5.39,21.56
80,21.87,1.59,16.81,0,0.22,18.66,4.67,1.46,3.23,1.45,0.06,1.43,28.02,0.53,40.48,30.06,70.55,29.45,3.64,6.73,47.55,15.7,3.36,5.4,4.7,0.16,7.52,5.26,53.91,23.44,7.03,16.41
81,15.52,1.58,21.98,0.48,0.77,25.54,4.1,1.35,3.55,2.36,0.04,2.34,20.32,0.06,40.33,37,77.34,22.66,6.46,11.11,51.38,8.48,4.26,3.5,3.89,0,2.83,8.09,60.42,20.83,5.56,13.19
82,19.22,7.91,22.16,0.11,0.9,17.97,4.29,0.86,1.96,3.67,0,1.98,18.93,0.04,50.3,28.79,79.09,20.91,5.18,11.95,46.72,11.51,3.13,2.47,7.16,1.45,3.12,7.31,52.45,25.87,5.59,15.38
83,22.59,1.24,15.48,0,1.03,23.1,6.76,1.02,2.64,0.56,0.34,1.96,23.24,0.05,40.33,34.47,74.8,25.2,4.71,5.45,43.01,20.96,2.99,2.2,5.99,0,7.91,6.78,54.17,21.67,8.33,15.83
84,10.16,4.37,14.46,0,1.15,29.67,7.94,2.49,3.65,1.17,0.04,0.43,24.48,0,30.14,44.95,75.1,24.9,1.81,4.28,35.5,32.76,6.07,2.84,4.22,0.1,8.49,3.92,52.71,21.71,8.53,17.83
85,4.68,7.25,22.64,0,2.17,25.07,12.46,0.68,3.89,0.88,0,0.34,19.94,0,36.75,42.98,79.72,20.28,0.79,1.17,38.02,25.97,5.57,8.87,7.23,0,5.55,6.83,51.38,21.1,8.26,18.35
86,18.56,0,26.04,0,0,20.74,6.64,2.08,5.53,1.49,0.89,1.67,16.35,0,44.6,37.37,81.98,18.02,3.32,7.29,40.16,19.33,2.93,5.25,8.13,0,9.4,4.18,58.4,16.8,10.4,14.4
87,23.02,0.41,12.15,0,2.07,25.73,12.39,1.13,2.26,2.01,0,1.89,16.94,0,37.66,43.52,81.17,18.83,7.29,4.14,34.14,23.84,5.19,4.94,7.56,0.16,11.35,1.38,52.63,18.42,10.53,17.54
88,6.61,1.65,13.86,0,1.72,27.22,9.14,2.05,4.63,2.66,0.53,0.33,29.61,0,23.84,46.23,70.06,29.94,4.39,5.97,40.44,21.98,4.53,5.5,6.23,0,8.65,2.3,51.52,17.42,7.58,23.48
89,16,3.25,19.4,0,1.95,26.97,7.45,0.51,5.29,1.45,0,4.92,12.5,0.3,40.61,41.97,82.57,17.43,5.58,5.47,37.41,22.88,4.73,7.69,3.26,0.6,11.6,0.78,56.03,19.83,10.34,13.79
90,9.14,4.05,11.04,0,0.75,27.19,11.48,2.82,5.17,4.63,0,2.87,20.6,0.27,24.97,51.56,76.53,23.47,3.72,5.49,32.84,17.9,6.75,5.32,15.37,0,8.81,3.8,56.45,18.55,8.06,16.94
91,18.14,10.83,39.38,1.07,0.32,10.8,4.14,0.1,1.22,5.01,0.87,0.13,8,0,69.73,22.15,91.88,8.12,8.27,8.4,28.15,36.54,3.9,0.38,3.36,1.32,5.46,4.23,53.28,26.28,7.3,13.14
92,23.57,11.04,7.07,0,0.6,19.24,8.84,0.02,1.02,0.99,0,0.02,27.58,0.02,42.27,30.13,72.4,27.6,7.22,3.15,55.86,5.97,0.09,1.88,2.05,0.34,12.52,10.93,51.35,32.43,6.08,10.14
93,26.92,23.74,20.03,0,1,11.09,2.67,0.3,1.43,1.04,0.14,0.31,11.13,0.21,71.69,16.88,88.57,11.43,3.27,3.8,31.44,46.06,2.4,2.08,2.38,0.3,5.67,2.61,57.89,22.56,8.27,10.53
94,15.39,6.43,21.71,0,1.5,17.07,7.78,1.19,2.78,1.85,0,0.4,23.9,0,45.04,30.67,75.71,24.29,2.38,6.33,44.24,18.28,4.77,1.89,9.88,0,4.9,7.34,55.26,18.42,7.24,19.74
95,10.69,0,14.73,0,2.56,31.02,13.72,0.77,2.47,2.96,0,0.69,20.39,0,27.98,50.94,78.92,21.08,4.35,2.74,42.97,32.26,3.07,4.26,4.1,0,4.77,1.47,56.73,19.23,9.62,14.42
96,6.25,10.68,17.86,0,2.65,33.58,13.38,0.75,1.87,0.65,0,1.49,10.83,0,37.45,50.24,87.69,12.32,6.77,3.43,36.83,30.35,3.9,4.86,5.61,0,4.89,3.36,53.85,16.15,10,20
97,11.84,5.22,16.25,0,1.53,31.83,7.29,1.59,7.47,0.77,0,1.38,14.83,0,34.83,48.95,83.79,16.21,2.23,7.17,40.65,15.87,3.61,12.37,9.53,0,5.49,3.09,48.24,14.71,6.47,30.59
98,11.2,9.38,34.16,0,2.1,18.52,7.86,0.48,1.02,0.68,0.06,5.33,9.2,0,56.85,28.62,85.47,14.54,20.55,9.11,34.59,15.65,9.35,2.26,4.87,0.08,2.34,1.21,47.89,28.87,10.56,14.08
99,9.16,18.14,23.06,0,2.15,27.52,5.15,0.49,1.28,1.98,0,2.21,8.86,0,52.51,36.42,88.93,11.06,17.66,5.59,44.76,6.85,4.77,2.19,6.64,1.1,5.81,4.63,42.44,20.93,5.23,30.81
100,5.04,12.81,35.17,0.07,1.36,20.03,7.55,0.51,1.67,1.6,0.01,0.72,13.46,0,54.45,31.37,85.82,14.18,3.17,8.6,31.07,20.31,7.13,7.08,7.22,1.14,10.86,3.42,57.63,24.58,5.93,11.02
101,6.08,4.12,23.49,0,2.12,30.61,11.89,1.3,2.03,3.21,0,0.11,15.04,0,35.81,49.04,84.85,15.15,1.57,2.92,41.51,22.27,4.21,7.61,7.19,0,10.97,1.75,55.26,19.3,8.77,17.54
102,5.03,1.84,27.29,0,4.21,32.03,12.8,0.78,1.69,0.86,0.17,0,13.14,0.15,38.37,48.49,86.86,13.14,1.16,5.94,33.66,22.53,4.22,10.85,7.38,0.7,10.79,2.77,59.34,25.27,15.38,0
103,6.42,18.06,20.41,0.12,1.52,20.64,14.82,0.72,5.25,4.78,0,0,7.25,0,46.54,46.21,92.75,7.25,1.61,1.19,31.67,21.79,3.6,11.72,5.69,0.09,22.63,0,66.67,20.83,12.5,0
104,5.2,7.84,21.74,0.23,1.96,32.61,11.75,0.24,2.11,1.69,0,2.63,11.99,0,36.97,48.42,85.39,14.61,8.73,3.26,20.42,46.32,5.38,2.19,6.53,0,5.08,2.1,54.17,24.17,9.17,12.5
105,3.18,3.18,28.93,0,5.08,30.51,11.12,0,1.5,1,0,0,15.36,0.13,40.37,44.26,84.64,15.36,2.57,9.94,42.03,27.98,2.77,5.92,2.48,0.51,2.62,3.19,62.86,27.62,9.52,0
106,14.75,12.89,18.73,0,1.22,25.03,6.29,0,0.98,0.82,0,3.4,13.26,2.62,47.6,35.74,83.34,16.66,1.84,43.21,32.23,7.97,4.33,0.12,0,0.33,5.59,4.38,54.3,28.48,5.96,11.92
107,3.78,11.98,15.18,0,4.78,30.16,17.12,0.1,0.9,3.08,0,0.35,12.07,0.49,35.72,51.86,87.58,12.42,1.7,6.84,43.26,38.46,1.26,0.33,3.75,0,2.49,1.91,50,25,6.67,19.17
108,14.68,19.71,8.98,0,2.08,30.52,10.4,0,0.15,4.39,0,0.27,7.21,1.59,45.46,47.05,92.51,7.48,1.73,22.68,45.27,9.8,11.22,0.78,2.04,0,4.26,2.2,60.9,25,6.41,8.33
109,5.8,3.81,28.96,0.09,10.23,16.93,5.52,0,0,0.55,0,0.63,27.49,0,48.88,23,71.88,28.12,6.73,9.87,31.87,37.51,3.91,3.86,2.77,0.61,2.7,0.18,51.38,28.44,11.01,9.17
110,6.17,10.21,22.87,0.29,3.5,19.3,9.03,0.26,0,1.19,0,0,27.18,0,43.04,29.78,72.82,27.18,3.43,9.3,30.83,36.49,5.72,2.89,2.5,0,7.99,0.85,64.58,25,10.42,0
111,3.3,0.65,19.55,0,6.73,21.26,10.28,0,2.07,0.34,0,2.52,33.3,0,30.22,33.95,64.17,35.83,2.52,12.36,30.33,35.53,5.56,3.66,3.89,0,4.26,1.89,53.26,23.91,9.78,11.96
112,1.33,7.66,24.23,0.27,2.93,13.82,2.95,0,1.26,3.1,0.14,0,42.33,0,36.41,21.27,57.67,42.33,6.03,7.45,29.6,32.87,6.92,4.54,4.3,0,8,0.3,58.16,28.57,12.24,0
113,3.56,5.05,27.38,0,4.32,24.47,11.5,0,0.53,3.07,0.19,0,19.95,0,40.31,39.75,80.05,19.95,9.24,7.8,35.37,31.74,2.79,5.73,1.91,0,5.18,0.24,63.27,23.47,12.24,0
114,0,0,0,0,0,0,0,0,0,0,0,0,100,0,0,0,0,100,0,0,100,0,0,0,0,0,0,0,0,0,100,0
115,5.88,10.06,20.37,0,7.79,15.62,3.87,0,0,2.34,0,0,34.07,0,44.1,21.83,65.93,34.07,7.95,4.88,18.6,46.32,9.65,1.5,1.63,0,9.02,0.45,57,27,16,0
116,4.64,3.62,31.71,0.53,8.01,9.7,2.93,0,0,1.38,0.69,0,36.8,0,48.51,14.69,63.2,36.8,5.37,7.84,25.29,45.47,4.12,1.87,3.84,0.23,5.94,0.03,59.14,27.96,12.9,0
117,1.03,3.53,25.14,2.25,16.42,22.18,9.59,0,0,3.34,0,0,16.52,0,48.37,35.11,83.48,16.52,10.06,5.55,27.62,47.2,1.2,5.13,0,1.7,1.55,0,55.34,33.01,10.68,0
118,1.77,3.29,22.07,5.2,2.27,18.03,9.8,0,0,0,0,0,37.58,0,34.59,27.82,62.42,37.58,9.6,10.79,27,44.09,0.26,1.31,1.97,0,4.97,0,64.71,24.37,10.08,0
119,5.38,7.32,28.01,0,14.6,9.13,3.58,0,0,0.69,0,0,31.3,0,55.31,13.4,68.7,31.3,6.93,6.47,19.69,43.68,5.74,2.98,6.8,0,7.7,0,57.73,27.84,15.46,0
120,NA,NA,NA,NA,NA,NA,NA,NA,NA,NA,NA,NA,NA,NA,NA,NA,NA,NA,NA,NA,NA,NA,NA,NA,NA,NA,NA,NA,NA,NA,NA,NA
121,3.15,0,32.85,0,3.06,10.24,7.41,0.43,0,1.09,0,0,41.78,0,39.05,19.17,58.22,41.78,5.83,6.71,30.62,45.5,0.82,1.18,2.32,0,6.94,0.08,58.95,25.26,15.79,0
122,1.65,0.81,34.85,0,2.68,8.38,7.63,0,0,3.08,0,0.67,40.25,0,39.99,19.09,59.08,40.92,1.47,5.27,24.51,44.31,4.54,5.36,6.25,1.85,6.45,0,42.97,22.66,10.16,23.44
123,3.14,0,28.29,1.81,15.96,6.88,0.9,0,0,4.39,0,0,38.63,0,49.2,12.17,61.37,38.63,0.6,6.43,23.58,43.35,4.28,5.21,5.1,0,10.95,0.5,58.62,29.89,11.49,0
124,4.04,0.52,27.48,0.39,7.33,15.53,9.45,0,0.23,0,0,0,35.03,0,39.77,25.21,64.97,35.03,2.71,8.61,25.1,43.66,6.42,5.48,1.85,0,6.07,0.1,59.34,25.27,16.48,0
125,1.82,0.65,23.23,0.33,4.08,11.23,2.95,0,0,2.31,0.21,1.05,52.15,0,30.1,16.7,46.8,53.2,8.06,10.15,29.78,33.79,9.89,0.88,2.16,0.86,4.32,0.12,42.86,28.57,9.82,18.75
126,4.59,0,24.18,0,4.77,19.54,12.71,0,0.28,1.98,0,1.07,30.89,0,33.54,34.5,68.04,31.96,5.42,11.03,28.4,33.22,8.13,3.24,4.82,0.47,3.62,1.64,44.26,21.31,9.84,24.59
127,2.23,1.21,22.35,0.4,5.54,26.73,8.23,0.28,0.64,1.92,0,1.38,29.11,0,31.73,37.79,69.52,30.48,6.01,11.4,23.82,28.9,11.73,4.92,4.53,0.71,7.54,0.44,45.54,18.75,12.5,24.11
128,17.2,0,28.47,0.03,0,22.83,21.14,0,0.04,0,0,0.09,10.22,0,45.69,44,89.69,10.31,3.62,8.82,33.81,20.99,7.48,10.57,7.89,2.45,3.71,0.66,45.22,17.2,6.37,31.85
129,16.88,0,30.8,0,0.02,23.54,8.73,0.08,2.76,1.2,0,0,15.99,0,47.71,36.31,84.01,15.99,1.75,9.37,31.02,18.03,4.52,14.32,4.49,0.71,13.8,2,58.16,29.59,12.24,0
130,35.21,0,6.88,0,0,36.74,2.75,0,0,2.37,0,0.73,15.33,0,42.08,41.86,83.95,16.06,0.62,4.15,58.88,13.67,4.81,4.01,2.85,0.31,7.81,2.91,52.27,28.03,12.88,6.82
131,34.93,0,19.37,0.02,0.05,14.63,6.82,1.54,0.23,2.24,0,3.14,17.03,0,54.37,25.46,79.83,20.17,1.66,5.1,38.59,19.91,0.32,1.78,12.71,0,13.27,6.66,37.17,19.37,4.71,39.27
132,18.69,0,23.66,0,4.7,38.25,8.08,0.05,0,2.14,0,0.63,3.8,0,47.05,48.53,95.57,4.43,1.64,2.92,38.92,23.94,4.24,14.71,9.48,0,1.1,3.06,44.83,26.21,11.03,18.62
133,17.25,0,21.98,0,3.9,22.37,11.57,0.72,0.51,2.43,0,0.1,19.17,0,43.13,37.6,80.72,19.27,3.19,9.41,34.83,28.73,5.37,6.17,3.9,0.63,6.63,1.13,49.06,17.92,10.38,23.58
134,7.73,0,21.79,0,4.04,28.36,16.76,0,2.96,1.75,0.53,0,15.08,0.99,33.56,51.36,84.92,15.08,3.8,5.03,31,35.05,4.8,4.02,4.17,0,10.44,1.7,65.12,22.09,12.79,0
135,11.3,0,20.85,0,5.95,22.48,8.18,0.41,0.43,2.36,0,1.52,26.54,0,38.1,33.85,71.95,28.05,3.71,5.59,37.58,27.76,4.03,6.87,6.92,0,5.45,2.09,46.53,21.78,11.88,19.8
136,6.65,2.77,15.75,0.73,5.82,22.66,10.69,0.34,1.5,2.68,0,0.47,29.93,0,31.72,37.88,69.6,30.4,6.29,6.6,31.25,33.64,3.09,2.33,6.09,0.6,7.49,2.61,41.26,16.78,6.99,34.97
137,7.29,0,20.65,0,5.07,21.76,9.65,0.25,0.38,4.13,0,0.28,30.54,0,33.01,36.17,69.18,30.82,6.2,13.03,26.13,35.83,1.96,2.94,4.77,0,8.08,1.07,54.17,20.83,14.58,10.42
138,3.91,3.36,15.2,0,4.99,26,8.53,0.13,2.14,1.58,0,0.1,34.05,0,27.45,38.39,65.84,34.16,10.63,8.17,40.13,18.54,9.36,2.05,2.68,0,3.02,5.44,51.33,25.66,9.73,13.27
139,5.57,1.46,29.07,0,5.32,19.09,6.71,0,0.98,0,0,0.86,30.94,0,41.43,26.78,68.21,31.79,6.79,8.43,24.47,30.07,8.13,6.25,5.17,0,6.41,4.29,38.73,16.2,6.34,38.03
140,7.95,1.27,15.64,0.71,1.48,11.55,3.19,0,0.43,3.98,0,1.65,52,0.14,27.05,19.3,46.35,53.65,4.05,5.42,25.65,50.33,5.16,1.47,3.13,0.18,3.82,0.79,42.57,18.92,6.76,31.08
141,6.17,0.33,23.01,0,5.4,19.69,5.39,0.19,0.67,0.56,0,1.11,36.03,1.46,34.9,27.96,62.86,37.14,2.71,7.61,25.41,47.46,3.45,3.31,0.71,0.93,8.14,0.27,44,16.8,9.6,28.8
142,3.45,0,23.65,0,7.54,13.29,7.88,0,0,1.31,0,0,40.85,2.03,34.65,24.5,59.15,40.85,2.18,8.81,29.96,43.4,6.95,3.22,1.29,0.3,3.89,0,60.24,27.71,12.05,0
143,NA,NA,NA,NA,NA,NA,NA,NA,NA,NA,NA,NA,NA,NA,NA,NA,NA,NA,NA,NA,NA,NA,NA,NA,NA,NA,NA,NA,NA,NA,NA,NA
144,7.61,0,24.45,0.12,5.7,26.04,11.86,1.04,0.9,0.91,0.08,0,21.3,0,37.88,40.82,78.7,21.3,3.02,8.16,30.96,31.27,8.37,4,6.04,0.45,7.18,0.54,53.19,32.98,13.83,0
145,4.43,0,21.26,0,10.1,22.31,18.44,0,0.16,5.6,1.71,7.75,8.24,0,35.8,48.21,84.01,15.99,5.16,1.77,21.96,54.38,0.89,1.26,14.04,0,0.48,0.06,41.59,16.81,6.19,35.4
146,NA,NA,NA,NA,NA,NA,NA,NA,NA,NA,NA,NA,NA,NA,NA,NA,NA,NA,NA,NA,NA,NA,NA,NA,NA,NA,NA,NA,NA,NA,NA,NA
147,8.16,0,20.23,0,4.38,19.13,5.57,0.19,0.24,0.41,0,2.06,39.62,0,32.77,25.55,58.32,41.68,6.93,5.92,36.97,28.46,7.99,0.16,4.99,0,8.49,0.08,33.81,15.11,7.91,43.17
148,4.07,0,20.1,0,2.65,14.92,14.51,0,0.15,1.06,0,0.72,41.82,0,26.81,30.65,57.46,42.54,7.39,4.2,20.12,52.28,1.26,2.4,10.16,0,2.05,0.13,41.9,17.14,12.38,28.57
149,0,0,0,0,0,18.22,0,0,0,0,0,81.78,0,0,0,18.22,18.22,81.78,18.22,0,0,0,0,0,0,0,81.78,0,0,66.67,0,33.33
150,6.96,0.14,33.09,0,4.01,7.35,6.15,0,2.07,3.88,0,0,35.6,0.74,44.21,20.19,64.4,35.6,8.7,8.1,22.08,42.13,4.03,4.65,6.41,0.51,3.4,0,58,30,13,0
151,6.51,0,18.89,0,2.72,16.76,7.55,0,1.69,2.06,0.49,0.87,42.46,0,28.12,28.55,56.67,43.33,6.14,4.16,25.29,42.11,6.48,5.46,3.14,0.89,6.14,0.19,48.84,13.18,9.3,28.68
152,15.23,0,11.73,0,2.69,19.28,12.8,0,0.24,0.62,0,0.34,37.07,0,29.65,32.94,62.59,37.41,4.4,3.14,31.22,38.34,7.35,1.62,3.71,0,9.88,0.34,44.44,23.23,12.12,20.2
153,13.61,0,30.43,0,3.29,30.69,7.15,0.41,0.09,0.74,0.66,0,12.95,0,47.32,39.73,87.06,12.95,3.59,3.14,38.77,29.32,8.78,5.01,5.81,0,5.58,0,55.81,32.56,11.63,0
154,12.65,0,20.92,0,1.54,27.75,16.88,0.14,0,3.12,0,0,17,0,35.11,47.89,83,17,6.59,4.56,26.84,27.76,11.15,5.05,4.75,0,11.76,1.54,60.92,26.44,12.64,0
155,4.54,0,18.18,0.45,10.22,13.04,4.72,0,1.13,3.19,0.6,0.99,42.81,0.12,33.4,22.8,56.2,43.8,3.44,9.91,20.86,40.72,4.28,4.38,8.23,2.08,5.71,0.39,44.12,26.47,14.71,14.71
156,5.59,0,29.71,0,3.68,18.57,11.49,0,0.05,2.23,0.38,1.46,26.85,0,38.98,32.71,71.69,28.3,5.36,6.82,23.7,41.07,11.36,9.12,0.34,0.36,1.79,0.08,41.88,16.24,9.4,32.48
157,12.21,0,15.04,0,5.45,25.74,5.17,0,0,2.7,0.63,1.04,29.63,2.4,32.69,36.64,69.33,30.67,5.73,12.33,25,43.76,4.53,2.27,2.36,0,4.03,0,57,18,10,15
158,13.76,0,20.86,0,5.54,18.46,5.12,0,0.84,1.41,0,0.48,33.53,0,40.16,25.83,65.99,34,4.2,7.03,16.53,43.42,7.64,8.68,5.95,0,6.49,0.07,44.04,27.52,14.68,13.76
159,2.01,0.66,17.02,0.36,7.13,21.83,11.79,0,0.19,1.24,0,0,37.77,0,27.18,35.05,62.23,37.77,11.04,16.8,20.5,30.34,7.83,3.47,2.06,0.84,6.55,0.57,61.54,28.21,10.26,0
160,5.42,0,25.26,0,10.04,19.05,10.38,0,0,1.04,0,0,28.26,0.55,40.73,31.02,71.74,28.26,6.91,4.42,31.68,33.11,4.27,6.1,4.47,0,7.95,1.09,51.69,30.34,19.1,0
161,5.07,1.02,15.02,0.13,1.72,20.22,13.2,0.04,0.24,1.68,0.28,4.99,36.16,0.22,22.97,35.88,58.85,41.15,8.56,10.95,31.14,25.95,2.63,12.78,2.73,1.3,2.9,1.06,61.4,21.93,7.89,8.77
162,3.42,2.03,29.22,0.65,4.35,19.26,8.6,0,0.93,1.38,0,1.75,27.85,0.58,39.67,30.74,70.41,29.59,7.09,5.91,29.59,40.97,1.81,2.51,2.84,0.79,8.06,0.43,50,25,11.29,14.52
163,6.5,0,17.38,0,2.84,22.28,24.75,0,0.82,0.42,0,5.81,17.62,1.58,26.72,49.85,76.57,23.43,2.26,10.91,28.84,29.75,3.35,6.88,6.74,0,10.32,0.96,54.74,22.11,12.63,10.53
164,5.78,7.91,18.01,0,1.68,26.85,9.8,0,0,0.54,0,5.86,22.51,1.06,33.37,38.26,71.62,28.38,7.48,16.86,30.29,19.85,5.37,1.71,11.69,0.68,4.81,1.27,49.67,31.13,9.27,10.6
165,16.42,0.05,27.87,0.09,0.48,29.38,3.16,0.44,3.74,5.69,0,0.15,12.52,0,44.91,42.41,87.32,12.68,3.82,25.07,27.89,16.51,7.06,0.71,7.4,0.95,4.7,5.91,55.05,28.44,7.34,9.17
166,16.24,4.76,17,0,5.85,21.33,10.18,0.02,1.44,3.74,0.8,0,18.64,0,43.84,37.52,81.36,18.64,3.69,10.2,36.01,28.5,2.34,8.12,3.74,1.21,4,2.18,59.62,26.92,13.46,0
167,18.93,7.07,20.33,0,1.34,23.63,6.7,0.04,1.1,1.08,0.25,0.56,18.97,0,47.66,32.8,80.47,19.53,4.6,15.61,32.72,18.61,4.31,7.48,6.84,0.4,6.01,3.44,51.13,24.81,8.27,15.04
168,20.48,11.57,12.51,0.28,1.1,18.61,9.38,0.27,0,1.64,0.22,0,23.59,0.35,45.94,30.47,76.41,23.59,3.68,7.14,39.95,24.77,4.17,4.72,4.1,3.49,5.46,2.52,61.11,27.78,11.11,0
169,32.14,2.27,22.07,0,1.66,18.57,6.18,0,0.06,1.13,0.51,0.76,14.21,0.44,58.13,26.89,85.03,14.97,5.33,5.34,25.2,50.29,3.02,3.16,1.2,0,4.21,2.24,60.18,21.24,9.73,8.85
170,13.42,0.97,27.6,0.36,4.62,17.49,8.31,0.18,0.25,1.24,0,0.86,23.06,1.66,46.97,29.12,76.09,23.91,5.99,5.49,26.42,27.49,6.06,10.28,3.63,0.86,13.14,0.64,45.38,30.25,12.61,11.76
171,15.03,0,25.85,0.3,2.43,18.55,7.73,0.6,0.41,1.32,0,0,27.62,0.16,43.62,28.76,72.38,27.62,3.92,9.69,24.45,32.32,10.03,6.76,5.56,0,7.13,0.13,56.18,29.21,14.61,0
172,13.28,0,18.61,0,3.24,25.36,12.45,0.21,1.44,0.28,0,1.72,23.42,0,35.12,39.75,74.87,25.13,4.34,12.97,17.43,33.47,12.38,4.57,6.23,0,7.67,0.94,46.73,19.63,14.95,18.69
173,21.95,0,9.69,0,2.55,13.26,6.7,0,0,2.35,0,1.98,41.54,0,34.19,22.3,56.49,43.51,10.53,8.19,30.69,38.15,4.62,1.43,1.56,0.6,3.61,0.62,52.5,20.83,10.83,16.67
174,9.44,1.35,18.63,0,8.17,9.72,3.51,0.64,1.18,1.15,0,1.18,44.71,0.32,37.6,16.52,54.11,45.89,4.9,5.44,24.51,51.98,2.84,1.12,5.95,0,3.25,0,48.62,27.52,10.09,13.76
175,7.51,0.49,16.35,0,6.28,13.62,9.73,0.08,0.39,1.22,0.72,0,41.42,2.2,30.64,27.94,58.58,41.42,14.2,5.87,15.28,31.47,8.38,5.36,9.99,0.38,8.67,0.4,60.76,25.32,15.19,0
176,11.06,0.43,11.59,0,9.62,20.12,13.01,0,0,1.33,0,0,32.84,0,32.7,34.45,67.16,32.84,3.71,7.44,24.47,42.13,3.51,12.34,1.88,0,4.51,0,56.32,27.59,16.09,0
177,5.72,2.33,22.03,0.66,3.23,18.82,6.71,0,0.43,1.16,0,1.75,36.87,0.32,33.95,27.43,61.39,38.61,15.92,14.62,17.68,26.7,5.79,4.59,3.26,0.33,11.12,0,43.12,24.77,9.17,23.85
178,26.12,2.57,22.91,0,0,15.84,0,0,0,0,0,0,32.55,0,51.61,15.84,67.45,32.55,7.92,0,36.85,51.61,0,0,0,0,3.63,0,38.1,53.97,7.94,0
179,NA,NA,NA,NA,NA,NA,NA,NA,NA,NA,NA,NA,NA,NA,NA,NA,NA,NA,NA,NA,NA,NA,NA,NA,NA,NA,NA,NA,NA,NA,NA,NA
180,7.34,0.52,18.75,0.52,4.61,16.36,3.58,0,0,0.83,0,1.25,46.22,0,31.76,20.77,52.53,47.47,7.08,7.82,24.14,44.18,4.2,4.25,4.91,0,3.33,0.08,50,23.68,11.4,14.91
181,7.15,0.89,17.49,0.31,6.18,18.92,15.49,0,0,0,0,0.24,33.34,0,32.02,34.41,66.43,33.57,1.98,7.32,25.61,43.09,3.13,9.92,3.08,0.1,5.65,0.13,50.94,19.81,16.04,14.15
182,10.06,0,24.95,0,5.09,15.91,4.51,0,1.53,0.35,0,1.65,35.95,0,40.1,22.3,62.39,37.61,6.35,13.23,24.61,34.39,6.25,2.04,0.27,0.36,11.05,1.44,35.61,21.97,9.85,32.58
183,13.83,2.38,20.27,0.44,5.48,18.53,9.09,0,1.98,0,0,2.86,25.13,0,42.4,29.6,72.01,27.99,6.13,4.19,21.67,45.14,2.97,1.66,7.34,0,10.88,0,61.22,20.41,14.29,5.1
184,10.26,0,9.07,0,4.73,18.19,6.26,0,0.86,0.43,0,0.31,49.89,0,24.05,25.75,49.8,50.2,12.68,10.21,18.32,35.13,5.62,2.25,8.04,0,5.77,1.97,57.69,22.12,10.58,9.62
185,9.42,0.65,21.32,0,6.94,14.31,7.37,0.79,0,0,0,0,39.22,0,38.32,22.46,60.78,39.22,3.87,10.72,26.86,48.29,3.08,2.55,0,1.07,3.56,0,53.61,35.05,11.34,0
186,9.13,0,24.51,0.55,15.48,8.02,10.05,0,0.41,0.6,0,0,31.23,0,49.68,19.09,68.77,31.23,4.05,5.98,26.5,37.78,4.55,0.2,13.24,1.3,6.4,0,57.58,29.29,12.12,0
187,8.4,5.06,17.93,0.54,4.37,12.43,3.06,0,0,3.01,0,2.11,42.54,0.54,36.3,19.05,55.35,44.65,10.86,11.02,19.67,44.23,3.96,4.59,1.24,0.22,4.21,0,59.32,20.34,10.17,11.02
188,6.44,3.08,28.58,0,5.14,18.33,7.16,0,1.05,0.44,0,0.21,29.58,0,43.24,26.98,70.22,29.78,2.96,3.61,14.75,58.76,2.07,2.18,9.35,0,5.95,0.38,33.11,16.89,9.46,40.54
189,9.02,4.99,19.47,0,1.11,15.52,15.32,0,0,0,0,0,34.57,0,34.59,30.84,65.43,34.57,4.54,3.15,21.12,39.01,4.73,5.34,3.11,1.23,16.97,0.79,65.52,19.54,14.94,0
190,7.04,3.23,29.19,0,7.4,16.04,10.06,0,0,1.77,0.35,0,23.89,1.03,46.86,29.25,76.11,23.89,7.28,6.97,26.3,31.86,3.75,5.96,5.18,1.62,10.44,0.64,53.33,30,16.67,0
191,25.54,9.6,37.15,0,0,22.42,1.12,0,0,0.65,0,0,3.52,0,72.29,24.19,96.48,3.52,5.06,10.53,24.84,8.11,7.07,0.98,13.41,4.51,25.29,0.2,46.02,40.71,14.16,0
192,15.03,2.2,10.02,0,8.67,12.05,5.7,0.14,0.2,1.46,0,0,43.91,0.63,35.92,20.17,56.09,43.91,2.4,8.69,23.64,47.04,5.92,2.79,6.42,0,3.11,0,56.84,29.47,12.63,0
193,11.45,0,18.68,0,6.75,16.74,5.01,0,0,0,0,1.85,39.51,0,36.88,21.75,58.63,41.37,3.13,5.94,28.97,36.27,9.99,7.38,2.3,0,5.81,0.21,35.84,15.61,10.4,38.15
194,11.54,0,22.05,0,6.71,3.94,3.58,0,0,2.08,0,0,47.88,2.22,40.29,11.82,52.12,47.88,2.52,15.27,15.86,53.92,4.78,1.33,0,1.61,2.85,1.86,55.45,33.66,9.9,0
195,13.44,1.2,19.83,0.66,5.22,12.6,3.83,0,0,2.65,0,0,40.45,0.12,40.34,19.21,59.55,40.45,3.61,6.91,30.95,43.23,1.24,2.86,1.31,0.66,9.08,0.15,70.83,17.71,12.5,0
196,9.79,3.47,21.78,0,7.14,9.02,6.83,0,0,1.52,0,1.92,38.52,0,42.18,17.38,59.56,40.44,6.26,9.41,31.1,36.63,0.4,4.65,3.74,1.25,6.55,0,43.41,17.05,10.08,29.46
197,7.48,5.52,19.22,0,5.12,20.53,5.98,0,0,1.11,0.66,0.27,33.31,0.78,37.35,29.06,66.41,33.59,3.72,8.34,28.16,44.98,4.65,1.43,1.99,0,5.71,1.01,52.83,20.75,12.26,14.15
198,5.51,4.73,32.68,0.24,2.67,17.35,7.89,0,0.13,1.19,0,0.13,26.11,1.38,45.82,27.93,73.76,26.24,2.19,11.12,34.33,24.36,8.82,6.57,1.41,0.31,9.48,1.4,51,22,12,15
199,5.21,3.41,10.45,0,4.08,10.15,9.45,0,1.34,0.87,0,4.54,50.08,0.41,23.15,22.22,45.37,54.63,17.93,6.85,23.11,39.12,2.77,3.1,3.64,0.93,2.41,0.14,60.22,20.43,8.6,10.75
200,8.35,6.23,10.2,0,1.07,11.26,6.87,0,0,1.99,0.21,2.41,51.4,0,25.86,20.32,46.19,53.82,6.85,7.75,19.49,38.29,4.5,4.56,5.06,0.83,12.67,0,56.15,22.31,8.46,12.31
201,4.72,5.96,13.82,0.43,3.15,13.87,7.99,0,0,1.1,0,1.1,47.62,0.24,28.08,23.2,51.29,48.71,6.95,7.9,17.8,43.79,5.56,2.59,9.32,0.3,5.34,0.45,57.69,21.15,10.58,9.62
202,12.3,11.17,15.9,0.47,14.07,14.06,3.3,0,0,1.27,0,0.51,26.32,0.62,53.91,19.25,73.16,26.84,4.09,8.73,35.47,36.66,1,3.83,4.96,1.37,3.89,0,58.12,18.8,11.11,12.82
203,14.21,4.7,18.27,0,4.11,7.65,4.63,0,0.69,0.97,0,0,44.78,0,41.3,13.93,55.22,44.78,6.27,6.77,26.52,45.29,2.78,3.44,2.08,0,6.84,0,57.52,30.09,12.39,0
204,6.43,6.26,16.06,0.45,1.9,7.58,5.96,0,3.42,1.7,0,2.11,48.14,0,31.09,18.66,49.75,50.25,7.11,7.2,22.53,41.25,6.48,4.24,5.98,0.97,3.96,0.29,62.61,18.26,12.17,6.96
205,12.1,3.79,12.8,0.52,2.22,12.52,5.63,0,0,0.79,0.4,0.62,48.61,0,31.44,19.34,50.77,49.23,7.31,9.89,21.53,46.16,4.56,0.98,4.02,1.42,3.88,0.25,45.36,16.94,5.46,31.69
206,5.92,4.8,17.81,0,12.38,17.48,10.06,0,0,1.14,0.96,0.47,28.98,0,40.9,29.64,70.54,29.46,5.12,7.96,19.97,44.36,5.32,4.01,2.55,0.48,10.22,0,52.48,19.8,13.86,13.86
207,3.88,6.56,12.42,0.71,3.43,9.95,6.54,0,0.65,0.86,0,0.12,54.82,0.07,27,18.06,45.06,54.94,14.04,8.8,14.75,42.91,5.48,6.98,2.84,0.08,4.13,0,53.78,28.57,12.61,4.2
208,7.33,2.76,21.75,0.27,4.89,25.66,9.77,0,0.62,0.81,0,0.75,25.38,0,37,36.87,73.86,26.14,9.42,10.92,30.7,28.65,5.03,2.74,4.86,0.13,6.89,0.66,50.43,20.87,11.3,18.26
209,8.93,0,17.77,0,5.28,22.85,15.76,0,0,1.23,0.74,0,26.35,1.09,31.98,41.68,73.65,26.35,8.82,11.96,24.4,36.36,3.62,4.31,6.26,0,4.26,0,59.55,25.84,14.61,0
210,9.54,2.13,19.44,0,1.21,26.3,13.39,0.52,3.49,1.69,0,1.63,20.65,0,32.32,45.39,77.71,22.29,5.1,8.93,30.39,35.96,3.46,2.05,5.3,0.56,5.5,2.75,53.28,18.85,10.66,16.39
211,3.74,0,33.49,0,2.93,25.79,9.24,0.34,0,1.95,0.56,1.47,20.47,0,40.16,37.89,78.05,21.95,8.44,13.7,23.44,30.46,5.14,3.75,3.72,0,10.45,0.9,45.54,19.8,10.89,22.77
212,5.57,0,20.55,0,0.65,16.19,9.74,0,0,2.96,0,0,43.72,0.61,26.77,29.5,56.28,43.72,7.82,6.32,30.08,41.21,4.9,3.32,1.62,1.2,3.54,0,64.77,22.73,12.5,0
213,5.48,0.37,27.05,0,7.97,16.41,10.87,0,1.03,1.98,0.7,0,28.15,0,40.87,30.98,71.85,28.15,15.13,14.19,18.75,26.94,7.88,3.7,3.13,0.3,8,1.98,61.11,25.56,12.22,0
214,16.38,0,21.25,0,7.55,14.92,3.77,0,0,3.05,0,0.85,32.23,0,45.18,21.74,66.92,33.08,7.87,6.6,25.44,44.1,2.66,1.48,2.55,0,9.18,0.12,46.23,23.58,11.32,18.87
215,10.79,0,12.37,0.62,4.83,28.82,11.96,0.24,0.26,1.99,0,0,27.61,0.51,28.61,43.77,72.39,27.61,3.14,8.61,31.86,35.44,2.58,6.62,5.69,0,5.88,0.18,60.49,23.46,16.05,0
216,16.64,0.78,9.97,0,6.14,21.76,11.79,0,1.36,0.04,0,0,31.52,0,33.53,34.95,68.48,31.52,9.89,3.67,25.23,32.46,9.63,3.61,7.87,0,7.47,0.18,55.95,28.57,15.48,0
217,12.32,0.7,8.99,0.57,6.73,18.6,10.16,0,0.15,1.63,0,0,40.14,0,29.31,30.55,59.86,40.14,4.78,4.54,24.17,44.67,3.22,6.81,4.29,0,7.53,0,59.3,25.58,15.12,0
218,14.91,0,17.33,0,5.05,14.35,9.17,0.12,0,0.26,0,0,38.35,0.47,37.28,24.37,61.65,38.35,4.9,8.43,29.32,38.5,2.15,4.49,4.05,0.47,6.1,1.59,60.23,25,13.64,0
219,8.83,0,17.46,0,5.1,20.84,11.18,0,0,0.74,0,3.73,30.27,1.86,31.39,34.62,66.01,33.99,13.63,13.41,19.27,36.61,2.59,4.17,2.66,0.32,7.34,0,65.96,14.89,8.51,10.64
220,6.84,1.49,25.58,0.57,2.6,13.65,8.98,0,0,1.43,0,0.42,38.34,0.1,37.08,24.15,61.24,38.76,3.84,7.15,23.2,31.55,4.72,3.34,14.35,0.1,11.03,0.72,36.42,12.58,11.26,39.74
221,6.94,0,21.07,0.41,8.15,20.64,16.32,0,0.25,1.44,0,0.59,24.12,0.07,36.57,38.72,75.29,24.71,4.97,16.32,26.75,30.91,2.84,2.14,4.04,1.77,10.26,0,46.72,15.57,9.02,28.69
222,9.84,1.88,17.97,0,2.61,26.2,13.16,0,0,2.41,0,0,25.93,0,32.29,41.78,74.07,25.93,7.05,7.92,29.85,26.39,6.96,5.31,11.66,0.31,4.32,0.24,63.74,23.08,13.19,0
223,10.69,0.5,18.8,0,8.9,22.91,10.91,0,0,4.65,0,0,21.35,1.3,38.88,39.77,78.65,21.35,18.37,6.11,27.96,27.39,7.56,2.41,2.87,0,7.33,0,66.67,17.71,15.62,0
224,4.55,0,29.25,12.11,0,13.46,13.75,0,0,0,0,0,26.86,0,45.92,27.22,73.14,26.86,3.95,0.49,16.18,58.77,2.23,0,6.28,0,12.11,0,74.55,17.27,8.18,0
225,7.99,2.25,25.05,0,5.67,13.46,5.62,0,0,1.35,0,0,38.6,0,40.97,20.44,61.4,38.6,10.58,6.04,22.25,41.6,6.86,3.91,3.12,0.33,5.32,0,63.55,28.04,8.41,0
226,12.06,4.94,11.42,0,4.72,15.03,9.7,0,0,1.17,0.3,0,40.67,0,33.14,26.2,59.33,40.67,3.34,5.35,23.93,45.28,4.24,3.56,8.44,0,5.51,0.35,68.97,17.24,14.94,0
227,9.11,7.14,22.33,0.98,10.3,17.57,11.74,0,1.48,0.26,0,0,19.09,0,49.86,31.05,80.91,19.09,6.33,11.62,28.18,33.82,11.86,1.09,1.59,0,5.51,0,64.13,19.57,16.3,0
228,10.73,6.13,17.06,0,3.88,13.3,9.64,0,0,1.53,0,1.11,36.62,0,37.8,24.47,62.27,37.73,5.45,4.25,23.54,41.78,5.52,7.9,7.36,1.16,3.04,0,62.73,18.18,10,9.09
229,8.51,3.57,26.2,0.25,6.86,9.54,5.57,0,0,0.23,0.15,0.27,38.85,0,45.39,15.49,60.88,39.12,4.96,5.7,23.61,43.88,5.94,3.98,4.34,0,7.42,0.17,61.17,18.45,11.65,9.71
230,10.38,5.91,18.41,0,9.87,10.58,3.94,0,1.43,0.76,0.22,0,38.48,0,44.58,16.94,61.52,38.48,3.12,11.16,22.4,49.77,1.95,1.45,4.35,0.85,4.25,0.7,70.18,20.18,9.65,0
231,7.51,0.73,34.67,2.24,7.55,7.9,2.73,0,0,1.69,0.37,0,32.8,1.82,52.69,14.51,67.2,32.8,7.96,8.69,21.61,46.02,8.19,1.91,1.32,0.32,3.98,0,60.87,26.09,13.04,0
232,4.67,0.13,30.61,0,7.58,9.89,5.4,0,0,2.05,0.26,0.38,39.03,0,43,17.6,60.59,39.41,8.11,5.6,22.53,47.15,4.53,2.91,1.65,0.26,7.25,0,34.34,16.87,6.63,42.17
233,5.19,0.52,26.76,1.02,4.75,9.98,3.25,0,0,1.21,0,6.65,40.68,0,38.23,14.44,52.67,47.33,8.54,12.83,14.69,45.53,5.14,4.98,3.4,0,4.89,0,58.33,25,10,5.83
234,4.52,0.61,21.46,0.65,2.74,12,6.16,0,0,0.94,0,0.36,50.55,0,29.99,19.1,49.09,50.91,6.61,7.96,29.31,41.15,1.42,7.96,2.31,0.44,2.24,0.61,43.24,21.62,8.11,27.03
235,4.1,0,23.08,0,7.89,15.35,7.01,0,0,3.56,0,1.39,37.22,0.4,35.07,26.32,61.4,38.6,8.95,14.64,24.28,37.27,5.61,2.08,2.21,0,4.96,0,57.89,24.21,12.63,5.26
236,7.48,0.78,25.23,0.21,2.51,19.61,9.11,0,2.15,0.14,0,0.14,32.62,0,36.22,31.02,67.24,32.76,7.71,6.7,32.37,27.6,5.75,6.98,3.39,0.11,5.17,4.23,52.27,16.67,8.33,22.73
237,10.7,0.87,25.45,0.4,0.38,28.94,9.2,0.17,0.46,2.6,0.2,0.16,20.48,0,37.79,41.57,79.36,20.64,6.02,12.54,34.37,9.91,13.97,3.89,8.02,0.48,9.19,1.6,46.23,25.47,15.09,14.15
238,19.29,0,18.65,0.31,2.37,20.01,12.27,1.61,1.91,3.06,0,0.17,20.37,0,40.61,38.85,79.46,20.54,3.9,7.8,35.44,20.82,4.7,5.02,6.83,0,12.03,3.47,52.54,16.1,15.25,16.95
239,14.17,1.39,20.71,0,4.73,25.32,11.5,0.02,1.72,3,0,1.15,16.28,0,41.01,41.56,82.57,17.43,5.46,8.36,26.04,31.32,5.3,12.23,4.4,0.15,5.19,1.56,57.41,23.15,9.26,10.19
240,8.61,0.73,26.58,0,0.1,21.41,9.06,0.9,0.36,2.6,1.46,3.62,23.65,0.91,36.03,36.71,72.73,27.27,3.69,8.59,34.37,25.9,4.31,6.03,7.08,0,7.05,2.98,56.3,19.33,8.4,15.13
241,11.26,4.24,22.71,0,3.87,22.42,5.51,0,0.55,3.08,0,4.57,21.08,0.71,42.09,32.27,74.35,25.65,21.49,9.98,31.08,22.86,2.99,3.38,2.52,0.19,3.05,2.45,58.02,21.37,8.4,11.45
242,20.86,4.31,15.83,0,4.92,9.41,4.73,0,0,2.84,0.46,11.11,25.52,0,45.92,17.45,63.37,36.63,22.61,6.65,24.76,25.87,2.08,10.01,2.16,0,5.14,0.74,52.59,21.48,11.85,14.07
243,5.33,0.37,15.2,0,5.57,18.42,6.25,0,0.37,2.32,0,0.52,45.65,0,26.46,27.36,53.82,46.18,5.82,9.63,23.51,45.6,2.61,1.14,4.77,0,6.28,0.63,47.37,26.32,11.58,15.79
244,6.76,0,20.02,0,6.03,13.45,5.98,0,0.92,2.91,0,1.25,42.68,0,32.81,23.27,56.07,43.93,7.72,8.16,18.87,36.8,3.19,8.95,9.28,0,6.55,0.48,55.56,18.18,16.16,10.1
245,10.89,0,20.42,0,2.42,17.16,5.05,0,0,1.48,0,0,42.58,0,33.73,23.69,57.42,42.58,15.46,7.78,33.66,26.56,4.2,4.07,0.78,0.39,3.49,3.62,52.83,33.02,14.15,0
246,12.57,0,32.97,0.66,3.8,16.57,4.11,0,0.36,6.21,0,0,21.76,0.97,50.01,28.23,78.24,21.76,5.86,11.35,24.38,49.73,0.86,4.95,0.52,0,2.35,0,51.81,30.12,16.87,0
247,7.05,0,24.21,0.45,4.15,17.27,5.53,0.63,0.36,1.37,0,0,38.96,0,35.86,25.17,61.04,38.96,3.31,9.14,23.72,44.39,4.8,3.9,3.18,0,6.28,1.3,59.14,27.96,11.83,0
248,5.32,0,19.99,0,0,16.6,28.56,0,0,11.77,11.77,4.2,1.81,0,25.31,68.68,93.98,6,4.2,8.49,22.08,4.09,0,0,45.13,0,0,16,53.81,28.43,10.15,7.61
249,6.39,0,21.38,0.23,1.71,21.54,15.58,0.37,0,0.52,0,1.36,30.93,0,29.7,38.01,67.71,32.29,11.77,7.8,16.43,37.55,9.18,5.94,3.64,0,7.69,0,50,19.79,15.62,15.62
250,10.72,0,19.92,0,2.72,25.94,11.06,0.23,1.32,2.05,0,0.31,25.74,0,33.35,40.6,73.95,26.05,4.66,15.47,30.45,22.89,9.97,4.56,7.42,0,3.71,0.87,48.33,22.5,11.67,16.67
251,14.87,0,19.88,0,6.44,28.21,5.61,0,3.73,2.64,0.57,0,18.05,0,41.19,40.76,81.95,18.05,1.24,7.65,36.15,35.57,0.64,1.69,6.61,0,10.37,0.1,61.86,26.8,11.34,0
252,14.91,0,14.92,0,5.03,22.65,2.22,0,0.24,0.75,0,0,39.29,0,34.86,25.85,60.71,39.29,6.17,16.54,37.44,23.58,3.85,4.27,1.11,0,4.77,2.25,54.55,30.68,13.64,0
253,14.48,20.07,14.46,0,1.97,16.46,0.86,0.17,2.75,5.71,0,1.28,21.79,0,50.99,25.94,76.93,23.07,32.37,15.94,19.51,14.58,4.78,0.68,6.45,0,5.68,0,53.03,21.21,10.61,15.15
254,23.03,0.84,21.09,0,2.55,20.52,9.63,0,0.69,3.72,0.57,0.03,16.99,0.34,47.52,35.46,82.98,17.02,4.66,11.01,31.65,40.61,1.02,1.22,1.96,1.71,3.88,2.3,56.25,19.64,9.82,13.39
255,3.66,2.74,11.23,0.63,1.91,27.82,19.27,0,0,0.08,0,2.7,29.62,0.34,20.17,47.51,67.68,32.32,6.15,15.55,21.26,35.02,6.14,2.26,2.64,0,10.86,0.11,57.66,15.32,10.81,16.22
256,9.45,2.75,27.09,0.6,4.92,20.08,10.72,0,1.2,2.42,1.28,0,19.48,0,44.81,35.71,80.52,19.48,10.78,6.68,29.99,33.15,6.22,3.89,4.1,0,4.03,1.17,61.39,20.79,17.82,0
257,9.28,1.29,18.9,0,2.28,23.57,15.03,0,0,0.53,0,0,29.12,0,31.75,39.13,70.88,29.12,12.52,8.09,26.54,36.51,4.27,2.2,2.91,0,6.97,0,58.51,28.72,13.83,0
258,6.55,0.39,31.67,0,7.27,18.55,8.24,0,0,1.46,0,1.07,24.79,0,45.88,28.26,74.14,25.86,11.75,12.16,22.32,36.1,5.43,3.88,2.01,0,4.52,1.82,44.17,19.17,11.67,25
259,3.83,0,22.34,0.43,7.02,14.43,9.62,0,0,1.93,0,0.64,39.47,0.29,33.62,26.26,59.88,40.12,10.14,12.19,20.36,43.83,3.78,3.92,3.5,0,2.28,0,47.47,20.2,12.12,20.2
260,13.11,0,21.4,0,4.06,12.04,2.59,0,0,1.37,0,1.89,43.54,0,38.57,16,54.57,45.43,8.89,6.75,20.05,39.31,14.36,1.25,6.88,0,2.52,0,51.91,23.66,12.21,11.45
261,2.53,0,34.02,0,3.9,20.28,9.71,0,0.3,2.26,0,0.92,26.08,0,40.46,32.54,73,27,7.33,10.32,29.44,35.13,3.98,1.54,3.38,0.89,7.98,0,56.32,24.14,13.79,5.75
262,6.29,0.44,21,1.15,1.94,15.4,8.99,0,0,1.01,0,0.44,37.19,6.14,30.82,31.55,62.37,37.63,10.4,3.16,28.25,44.04,4.86,4.73,1.94,0,2.59,0.03,41.55,14.79,11.27,31.69
263,0.36,0,30.06,0.25,5.5,13.25,6.52,0,0,1.43,0,0,42.36,0.26,36.17,21.47,57.64,42.36,4.37,9.32,25.73,40.57,3.87,4.61,4.31,0,7.22,0,54.55,29.29,16.16,0
264,5.51,0,34.6,0,3.09,15.29,7.91,0,0,0.73,0,1.18,31.69,0,43.2,23.93,67.13,32.87,4.47,13.64,25.81,31.2,6.7,3.9,3.08,0,11.21,0,43.8,23.36,9.49,23.36
265,6.06,0.32,21.71,0.09,1.75,13.96,12.38,0,2.86,2.63,0.3,0,37.95,0,29.93,32.12,62.05,37.95,4.4,7.14,22.39,48.08,1.51,5.38,3.55,0,7.55,0,63.64,23.86,12.5,0
266,2.81,0,20.9,0,5.07,17.03,8.13,0,0,11.8,0,0,34.26,0,28.78,36.96,65.74,34.26,8.31,7.19,31.94,39.59,3.43,2.1,5.75,0.96,0.74,0,51.33,34.51,13.27,0
267,5.04,2.06,21.78,1.26,6.01,18.01,10.05,0,0,0.5,0.5,0.41,34.36,0,36.16,29.07,65.23,34.77,8.25,5.57,19.43,39.16,9.47,2.36,6.34,2.06,6.89,0.48,47.11,23.14,13.22,16.53
268,2.56,0.11,24.63,0.73,4.39,33.34,5.98,0.54,2.66,2.89,0.76,1.88,19.54,0,32.42,46.16,78.58,21.42,5.89,7.69,40.8,23.11,9.79,2.79,3.81,0.09,4.5,1.53,46.02,25.66,10.62,17.7
269,5.19,0.12,26.85,1.12,1.47,27.37,8.86,1.24,1.32,1.9,0.25,1.02,23.28,0,34.76,40.94,75.7,24.3,6.31,4.87,36.2,19.34,10.29,3.49,10.17,3.46,3.16,2.71,61.48,19.67,8.2,9.84
270,6.22,0,19.79,0.56,4.27,29.74,14.77,0.41,1.69,3.44,0,0,19.11,0,30.83,50.05,80.89,19.11,5.01,6.73,40.45,24.52,1.78,4.65,5.89,0,7.29,3.69,58.65,29.81,10.58,0
271,8.36,0,21.17,3.57,0,40.74,0.7,2.5,7.52,6.93,0,0,5.71,2.8,33.11,61.19,94.29,5.71,1.79,4.2,74.94,3.83,2.09,0.7,1.54,0,9.16,1.74,57.23,31.79,10.98,0
272,6.89,0,16.14,0.09,5.38,35.81,10.86,0,3.38,0.98,0,0.28,20.19,0,28.51,51.03,79.53,20.47,3.54,6.92,46.41,26.51,6.22,1.57,4.81,0,2.85,1.17,50.89,26.79,12.5,10.71
273,7.31,0,21.01,0,4.95,23.48,12.4,0,0.47,1.35,0.59,0,28.44,0,33.27,38.3,71.56,28.44,11.92,6.37,26.87,37.12,3.2,3.67,5.66,1.02,3.57,0.61,59.04,24.1,15.66,0
274,16.49,0,17.73,0.01,2.65,19.57,10.62,0.6,0.89,0.02,0,0.21,31.2,0,36.88,31.71,68.59,31.41,2.9,4.74,31.34,25.35,5.75,4.87,9.36,0.96,11.38,3.35,50.43,17.09,11.11,21.37
275,20.08,0,14.81,0.14,2.57,18.19,9.09,0,1.94,1.63,0,0,31.56,0,37.59,30.85,68.44,31.56,6.9,3.71,32.83,24.69,2.94,2.58,10.62,0.03,12.98,2.73,58.82,28.24,14.12,0
276,13.88,0,16.42,0,4.06,21.36,14.48,0,0.12,2.53,0.24,0,26.9,0,34.36,38.74,73.1,26.9,7.48,2.97,28.85,45.61,5.12,3.48,3.72,0.53,2.19,0.06,59.21,26.32,15.79,0
277,3.38,0.76,20.1,0,3.99,22.32,12.18,0,0.53,1.44,0.54,0.05,34.71,0,28.22,37.01,65.24,34.76,5.36,7.25,25.94,39.81,6.46,1.34,2.22,0.32,11.13,0.18,49.47,22.11,11.58,15.79
278,5.72,0.15,21.2,0,5.92,11.1,7.04,0,0.49,3.27,0.53,0.25,44.33,0,32.98,22.44,55.42,44.58,6.12,6.84,23.97,43.2,6.04,2.45,4.89,0.53,5.84,0.12,55,24,12,10
279,4.53,1.66,26.64,0,10.16,7.35,2.3,0,0.51,2.37,0.36,0,43.29,0.84,42.99,13.72,56.72,43.29,3.68,11.2,26.22,38.92,2.7,5.33,7.02,1.46,3.49,0,49.48,39.18,11.34,0
280,7.85,6.53,34.27,1.73,1.24,23.04,4.57,0,0.34,2.94,0.16,0.43,16.89,0,51.63,31.05,82.68,17.32,10.93,7.37,34.48,31.42,5.47,2.37,1.71,1.27,3.43,1.54,38.79,19.39,10.3,32.12
281,3.04,2.92,23.03,0.61,6.63,26.97,12.42,0.4,2.02,1.66,1.31,0,18.99,0,36.24,44.77,81.01,18.99,3.46,8.94,28.39,28.86,7.47,4.87,5.96,0.93,8.68,2.45,61.96,25,11.96,0
282,5.57,0.48,23.05,0,2.3,22.98,7.88,0.32,1.86,5.76,1.42,0,27.38,0.99,31.41,41.22,72.62,27.38,6.11,10.86,28.87,21.92,16.13,6.32,3.53,0,5.04,1.22,64.08,27.18,8.74,0
283,5.42,5.29,26.4,0,1.68,19.26,5.19,0.31,5.15,1.58,0,0.69,28.05,0.98,38.79,32.48,71.26,28.74,7.24,8.05,41.01,23.83,0.96,7.51,6.3,1.65,3.03,0.41,57.98,24.37,9.24,8.4
284,2.29,3.56,27.94,0.81,11.2,17.31,4.09,0,0.42,0.86,0,0,31.52,0,45.8,22.68,68.48,31.52,5.24,16.54,25.49,43.71,1.73,0.83,2.7,0.47,3.21,0.06,50,40.24,10.98,0
285,3.53,1.26,18.2,0,6.54,13.3,8.65,0,0.76,3.61,0,0,44.14,0,29.53,26.32,55.86,44.14,9.08,10.7,23.06,37.01,6.1,5.13,4.43,0.28,4.21,0,60.64,24.47,13.83,0
286,6.14,3.86,36.53,0.27,3.72,21.61,7.44,0,1.09,8.77,0,0.75,9.83,0,50.52,38.9,89.43,10.57,15.73,14.68,18.63,24.17,14.9,1.66,4.11,0,5.06,1.07,52.94,22.69,15.97,8.4
287,1.52,2.2,23.26,0.76,3.39,27.42,11.28,0.34,0.23,1.9,0,3.79,23.91,0,31.13,41.16,72.3,27.71,9.06,9.54,23.43,23.16,11.72,2.56,9.8,0,8.69,2.04,49.57,20,13.91,16.52
288,1.94,2.3,41.17,0,8.89,12.19,4.69,0,0.15,3.81,0.21,0.49,24.16,0,54.3,21.05,75.35,24.65,1.57,2.83,26.23,54.71,1.18,4.42,3.58,0,4.58,0.89,41.74,27.83,13.04,17.39
289,3.57,6.76,22.74,1.14,8.39,16.05,4.95,0.09,0.72,0.87,0,0.84,33.21,0.67,42.6,23.35,65.95,34.05,4.83,4.85,31.84,36.57,5.48,2.83,2.19,0,8.5,2.91,41.6,28.8,9.6,20
290,4.72,7.72,19.77,0,6.41,9.28,3.8,0,1.45,1.37,0,0,42.68,2.8,38.62,18.7,57.32,42.68,4.81,5.22,32.32,41.18,2.13,4.42,6.68,0.6,2.64,0,58.82,27.45,13.73,0
291,3.62,7.47,18.62,0.59,8.95,20.36,12.76,0,0.29,1.17,0.25,0,25.93,0,39.24,34.82,74.07,25.93,6.52,6.54,25.61,38.57,7.76,0.86,11.29,0,2.59,0.24,56.25,27.08,15.62,0
292,6.11,2.93,17.44,0,7.97,17.56,8.5,0,1,4.07,0,0,34.42,0,34.46,31.12,65.58,34.42,3.06,12.45,24.78,43.59,3.98,4.09,4.65,1.2,2.22,0,65.98,23.71,10.31,0
293,5.11,6.73,25.33,0,10.21,5.1,7.1,0.2,0,2.37,0,1.17,34.95,1.72,47.39,16.49,63.88,36.12,1.98,8.25,29.64,37.68,2.11,6.61,5.78,0.93,6.18,0.85,44.53,21.9,11.68,21.9
294,4.04,9.56,19.69,1.09,8.42,4.6,0.79,0,0,1.14,0,0,49.86,0.81,42.8,7.34,50.14,49.86,2.18,9.96,22.23,54.74,4.52,1.52,3.6,0.32,0.92,0,49.61,36.43,13.95,0
295,3.75,6.03,25.6,0,7.86,10.17,7.94,0,0.33,2.98,0.49,1.05,33.81,0,43.24,21.9,65.14,34.86,3.22,5.63,22.22,45.6,6.29,2.77,10.09,0.53,3.66,0,57.52,25.66,12.39,4.42
296,2.42,0.41,26.51,0,26.04,20.7,9.87,0,0,1.57,0,8.2,4.27,0,55.39,32.15,87.53,12.47,8.21,1.08,15.88,41.04,3.36,0.8,29.26,0,0.36,0,47.62,26.98,9.52,15.87
297,0.61,5.86,26.01,7.52,9.42,25.38,8.93,0,0,0,0,3.17,13.08,0,49.41,34.31,83.75,16.28,11.84,8.39,28.18,40.07,6.69,1.17,1.29,0.83,1.51,0,55.4,20.86,8.63,14.39
298,1.92,6.19,22.4,0.26,11.93,7.13,6.61,0.07,0.49,1.13,0.25,0.94,40.39,0.28,42.7,15.96,58.67,41.33,2.96,8.46,23.86,47.7,3.06,6.23,3.06,0.41,4.22,0.04,49.65,22.7,9.93,17.73
299,4.55,3.13,39.71,0,8.48,15.18,3.82,0,0,1.85,0,0,23.31,0,55.85,20.84,76.69,23.31,7.83,15.68,18.25,34.67,0,9.39,6.58,0,7.6,0,66.91,27.94,5.15,0
300,10.23,7.59,20.78,0.31,1.48,25.18,7.53,0.69,0.84,1.93,0.17,0.48,22.6,0.2,40.39,36.53,76.92,23.08,5.53,7.5,41.18,20.08,5.91,2.32,3.98,0.7,6.07,6.74,51.08,22.3,8.63,17.99
301,8.19,0.72,28.93,0,4.9,29.43,13.37,0.91,3.21,1.38,0,0.16,8.79,0,42.75,48.3,91.05,8.95,1.97,8.03,42.39,17.35,2.41,13.88,6.6,0,5.6,1.78,50.36,20.14,7.91,21.58
302,14.21,2.05,39.45,0.63,1.7,18.85,7.14,0.43,0.33,1.19,0.07,0.3,13.65,0,58.04,28.01,86.05,13.95,2.06,9.68,26.73,23.33,13.05,10.5,4.55,0.46,7.77,1.87,41.36,20.99,6.79,30.86
303,10.57,6.01,45.06,0.04,1.87,14,3.62,0.2,0.37,4.43,1.33,0.2,11.81,0.49,63.55,24.44,87.99,12.01,3.37,6.41,27.43,41.31,4.71,2.72,3,0.58,8.63,1.83,44.6,24.46,8.63,22.3
304,5.57,0.97,26.5,0,4.73,14.37,3.56,0,0.66,2.84,0.88,0.52,39.4,0,37.78,22.3,60.08,39.92,3.2,5.84,36.34,40.68,2.02,2.11,4.42,0.17,4.81,0.41,37.93,19.31,8.28,34.48
305,2.42,1.53,32.65,0,3.25,9.83,3.44,0,1.55,1.95,0.48,0,42.89,0,39.85,17.25,57.11,42.89,4.28,11.5,26.6,40.26,3.8,4.64,1.31,0.89,5.97,0.75,60.75,29.91,10.28,0
306,3.79,0.7,29.11,0,7.96,6.02,1.42,0,1.22,2.86,0.48,0,46.37,0.08,41.56,12.08,53.63,46.37,6.91,9.18,31.35,41.2,3.73,2.75,2.18,0,2.69,0,51.38,40.37,8.26,0
307,4.92,0.73,33.82,0,10.75,9.2,3.26,0,0.19,2.91,0,0,34.22,0,50.22,15.56,65.78,34.22,5.34,8.39,28.51,40.34,4.28,5.79,1.41,1.05,4.56,0.31,66.09,26.09,7.83,0
308,1.51,0.82,24.54,0,11.62,6.73,1.56,0,0,0.36,0,0,52.86,0,38.49,8.64,47.14,52.86,3.9,5.32,29.81,53.86,0.54,0.76,4.65,0,1.16,0,61.29,29.03,10.75,0
309,4.36,0.75,35.77,0,12.25,8.28,4.3,0,1.09,1.78,0,1.06,30.25,0.11,53.13,15.56,68.69,31.31,3.06,6.63,26.81,41.48,4.63,7.4,4.2,0.21,5.59,0,53.12,23.44,11.72,11.72
310,2.08,0,32.99,0,8.11,10.64,7.26,0,0.66,2.74,0,0,35.53,0,43.17,21.3,64.47,35.53,1.96,10.56,23.95,37.04,3.4,12.3,7.73,0.98,2.08,0,57.78,26.67,15.56,0
311,2.77,2.84,30.15,0.51,7.13,9.52,5.2,0,0.41,4.83,0.33,0,36.2,0.11,43.4,20.4,63.8,36.2,3.03,9.48,23.93,44.93,3.5,3.83,5.12,0,6.18,0,61.46,26.04,12.5,0
312,8.62,0,20.38,0.16,7.57,15.22,13.52,0,1.27,4.15,0.89,0,28.22,0,36.74,35.04,71.78,28.22,3.68,4.78,21.98,45.64,4.81,0.61,8.9,0.29,9.07,0.23,58.23,26.58,15.19,0
313,2.85,1.14,24.75,0.22,7.9,13.59,6.36,0,0,3.18,0,0,38.99,1.01,36.86,24.15,61.01,38.99,4.61,5.49,27.66,49.86,5.95,2.34,1.26,0.55,2.28,0,64,25,12,0
314,7.26,0,30.07,0,10.7,9.12,2.88,0,0.14,2.01,0,0,37.06,0.77,48.02,14.91,62.94,37.06,5.33,4.37,30.49,43.62,1.95,7.1,1.96,0,5.17,0,57.95,27.27,14.77,0
315,7.9,0,26.47,0.1,6.28,8.25,2.69,0,0.02,3.81,0,0.44,44.04,0,40.76,14.76,55.52,44.48,4.36,10.78,26.05,44.73,2.42,3.7,2.28,0.21,5.07,0.42,47.58,20.97,9.68,21.77
316,10.1,2.59,13.79,0.15,6.26,31.94,15.3,0.67,2.66,4.62,0,2.36,9.54,0,32.91,55.19,88.1,11.9,4.76,6.01,35.8,37.12,2.55,6.48,2.36,0,3.33,1.6,50,19.44,11.11,20.14
317,8.06,14.96,17.07,0,0.67,36.67,8.69,0.19,2.48,6.84,0,0.22,4.15,0,40.76,54.87,95.63,4.37,4.17,5.47,53.37,17.48,3.08,1.51,3.85,0.28,8.17,2.63,59.55,19.66,3.93,16.85
318,5.51,5.2,26.8,0,2.96,23.33,5.64,0.13,0.48,5.65,0.26,0,22.95,1.1,40.46,36.59,77.05,22.95,1.63,12.19,53.64,19.96,4.58,2.91,3.03,0,1.29,0.77,64.15,27.36,8.49,0
319,4.59,3.46,27.43,4.13,5.78,30.4,7.92,0.46,0.33,2.48,0,0.4,12.62,0,45.38,41.6,86.98,13.02,3.36,3.73,49.33,24.71,2.06,5.04,5.03,1.27,3.93,1.54,54.61,25,8.55,11.84
320,2.22,0,27.43,0,3.74,9.94,2.95,0.22,0.63,1.29,0.28,0.18,50.85,0.27,33.4,15.57,48.97,51.03,3.65,8.01,28.19,43.12,2.37,4.55,5.16,1.3,3.66,0,47.37,24.06,13.53,15.04
321,4.78,0.14,19.54,0,4.44,32.12,7.85,0.6,2.19,2.16,0.21,0.64,25.32,0,28.91,45.13,74.04,25.96,3.69,7.1,34.29,34.61,5.09,2.59,6.87,0.22,3.26,2.28,44.88,20.47,10.24,23.62
322,5.32,0.11,20.21,0,9.39,32.46,8.24,0.51,1.56,2.13,0,1.01,18.73,0.33,35.03,45.23,80.26,19.74,6.43,17.44,28.14,31.75,3.17,2.47,6.47,0.34,2.32,1.46,38.97,16.18,12.5,32.35
323,12.25,0.86,17.97,0,13.46,13.25,8.89,0,0,1.63,0,0,31.13,0.56,44.54,24.33,68.87,31.13,4.7,3.71,27.56,41.03,4.84,2.76,4.67,0.1,10.63,0,62.79,25.58,12.79,0
324,1.74,0,37.04,0.47,12.82,9.88,3.39,0,1.18,3.77,0,0,29.71,0,52.07,18.22,70.29,29.71,4.42,7.61,34.2,37.9,3.67,5.05,1.87,0,5.19,0.08,51.55,30.93,17.53,0
325,2.51,0,22.26,0.41,4.32,15.97,16.26,0,0,1.52,0.79,0.56,35.41,0,29.51,34.53,64.04,35.96,1.57,11.71,23.24,50.19,1.7,2.98,2.16,0,6.44,0,43.7,15.13,7.56,33.61
326,9.85,1.12,28.27,0.64,4.35,18.26,15.4,0,0.06,2.65,0,0.63,18.13,0.64,44.22,37.02,81.24,18.76,8.07,6.2,31.29,38.83,0.91,3.38,6.53,0,4.78,0,46.72,15.33,8.76,29.2
327,2.33,0.15,17.73,0,5.3,31.43,14.11,0.45,0.69,2.47,0.21,0,25.13,0,25.5,49.36,74.87,25.13,6.65,2.64,44.75,26.47,7.27,4.01,2.55,0,5.2,0.46,53.76,29.03,17.2,0
328,5.41,1.27,17.53,1.95,7.19,31.51,14.45,1.66,0,2.21,0,0,16.43,0.38,33.36,50.21,83.57,16.43,2.09,4.21,41.47,31.5,2.93,1.76,4.41,0.53,10.91,0.19,66.67,21.57,11.76,0
329,4.96,2.7,17.29,0,3.35,30.02,15.69,0.12,1.6,3.64,0.86,1.1,18.68,0,28.29,51.92,80.22,19.78,5.46,7.3,29.03,27.31,8.54,3.14,5.22,0.06,13.36,0.58,49.57,21.37,11.97,17.95
330,5.88,0.82,17.49,0,6.8,32.82,11.44,0.16,0.83,1.77,0,0,21.97,0,30.99,47.03,78.03,21.97,4.78,12.51,37.57,23.19,7.44,4.63,5.83,0,3.19,0.86,61.7,24.47,14.89,0
331,4.77,0,22.12,0.14,12.71,20.12,10.17,0,0.45,3.13,0.72,0.88,24.79,0,39.74,34.59,74.33,25.67,5.98,7.96,32.82,33.82,13.34,2.89,0.45,0.72,1.99,0.04,50.53,21.05,12.63,15.79
332,3.2,0.36,19.1,0,6.63,13.21,8.05,0,0,4.2,0.67,0.76,43.81,0,29.29,26.14,55.43,44.57,6.59,4.22,26.05,40.58,6.04,2.58,4.09,0,9.24,0.6,54.24,23.73,9.32,12.71
333,6.31,6.46,25.11,1.58,4.19,20.73,4.67,0.84,0,4.99,0,0,25.11,0,43.65,31.24,74.89,25.11,9.93,11.14,24.17,37.8,6.49,2.38,1.41,0.28,5.76,0.64,62.62,28.04,8.41,0
334,2.18,0.13,16.97,0,11.6,28.14,10.46,0.3,0.66,3.31,0,0.04,26.23,0,30.88,42.86,73.73,26.27,5.06,9.79,37.97,33.57,3.78,1.78,1.43,0,6.27,0.35,33.82,17.65,11.76,36.76
335,3.1,0.83,19.89,0,6.85,20.47,10.87,0,0.61,1.4,0.55,0.74,34.69,0,30.67,33.9,64.57,35.43,4.71,5.35,31.61,39.13,5,5.64,2.82,0,5.74,0,43.48,20,11.3,25.22
336,3.15,0,32.16,0,14.99,18.23,4.47,0,0,1.74,0,0.31,23.38,1.57,50.31,26.01,76.31,23.69,7.88,13.88,31.91,36.97,2.87,0.62,2,0,3.1,0.76,49.52,23.81,12.38,14.29
337,3.01,7.39,20.25,0,10.86,22.86,15.02,0.5,0,1.36,0,0.37,17.62,0.77,41.5,40.51,82.01,17.99,6.17,5.32,35.29,29.38,2.14,2.59,4.98,0,12.02,2.12,45.45,26.26,13.13,15.15
338,7.65,4.15,22.98,0,1.87,17.09,7.52,0,0.34,3.49,0,4.34,30.32,0.25,36.65,28.68,65.33,34.67,12.93,6.04,39.16,28.66,2.09,2.64,3.22,0.89,3.6,0.78,44.05,20.83,8.93,26.19
339,19.08,4.74,25.06,2.26,0.58,30.62,4.36,0.46,1.44,1.6,0,2.42,7.38,0,51.72,38.48,90.2,9.8,0.92,1.42,31.89,49.76,1.34,3.24,2.86,0,5.85,2.73,46.71,23.35,10.18,20.36
340,17.92,0.36,22.64,0.74,1.08,35.59,6.49,0.97,1.61,1.55,0,1.66,8.51,0.85,42.75,47.08,89.83,10.17,9.59,2.11,37.78,17.91,9.96,2.79,5.67,0.04,12.33,1.82,56.15,23.08,7.69,12.31
341,7.25,1.14,12.61,0,6.45,25.37,11.49,0.26,1.6,9.39,0,0.84,23.61,0,27.45,48.1,75.56,24.44,3.23,11.53,34.33,31.46,4,3.99,3.21,0,5.16,3.09,45.87,25.69,11.01,17.43
342,10.16,1.93,12.99,0,3.8,32.93,11.47,1.36,0,1.09,0,0.98,23.29,0,28.87,46.85,75.72,24.28,4.9,8.75,35.6,31.11,6.7,3.88,2.56,0.43,5.92,0.15,36.62,18.31,11.97,33.8
343,0.89,3.34,8.29,0,18.5,32.61,12.45,0,0,2.71,1.95,0,17.4,1.82,31.03,51.57,82.6,17.4,9.29,3.55,45.54,28.77,1.05,5.05,0.66,0,6.08,0,55.68,23.86,20.45,0
344,6.26,5.65,15.13,1.36,5.67,23.85,10.7,0,0.48,1.1,0,0,29.73,0.06,34.08,36.19,70.27,29.73,12.32,7.74,29.63,32.9,5.08,4.21,3.5,0.21,3.74,0.67,65,23,12,0
345,1.57,3.07,11.27,0,15.74,15.09,4.59,0,0,1.57,0.88,2.75,43.45,0,31.66,22.13,53.79,46.21,8.28,12.76,27.84,41.27,1.82,2.01,2.63,0,3.35,0.03,44.66,31.07,14.56,9.71
346,0,0,0,0,0,100,0,0,0,0,0,0,0,0,0,100,100,0,100,0,0,0,0,0,0,0,0,0,0,100,0,0
347,0.21,1.76,17.97,0.83,13.13,12.05,8.81,0,0.03,1.96,0,2.38,40.83,0.04,33.9,22.89,56.8,43.2,17.01,6.13,28.35,38.78,1.27,0.31,2.09,1.4,2.63,2.02,49.48,28.87,14.43,8.25
348,0,0,23.63,3.83,12.21,17.77,9.14,0,0,1.74,0,0.52,30.68,0.49,39.67,29.14,68.8,31.19,22.07,2.85,36.67,30.35,0.27,1.97,2,0.58,3.22,0,33,14.29,7.88,44.33
349,0,0,0,0,0,100,0,0,0,0,0,0,0,0,0,100,100,0,0,0,100,0,0,0,0,0,0,0,0,100,0,0
350,0.17,7.99,8.72,0.93,23.53,12.19,5.05,0.23,0,2.26,0,0,38.94,0,41.33,19.73,61.06,38.94,6.71,7.58,31.31,48.39,1.68,1.01,0,0,3.32,0,50,29,21,0
351,3.3,11.55,15.65,0,8.92,13.16,7.92,0,0.58,1.17,0,0,37.76,0,39.42,22.82,62.24,37.76,4.3,5.55,24.55,55.64,3.58,0.76,1.54,0,4.02,0.06,61.05,23.16,15.79,0
352,0,0,27.54,0,0,44.45,21.78,0,0,0,0,0,6.22,0,27.54,66.24,93.78,6.22,7.48,27.28,39.57,0,25.67,0,0,0,0,0,44.94,26.97,28.09,0
353,0,0,100,0,0,0,0,0,0,0,0,0,0,0,100,0,100,0,0,0,100,0,0,0,0,0,0,0,100,0,0,0
354,0,0,0,0,0,100,0,0,0,0,0,0,0,0,0,100,100,0,0,100,0,0,0,0,0,0,0,0,0,100,0,0
355,3.52,8.99,12.01,0.31,4.3,15.83,5.83,0.19,0,0.81,0,1.17,47.04,0,29.13,22.66,51.79,48.21,1.78,12.35,34.58,42.97,4.1,0.65,0,0,3.58,0,66,12,12,10
356,5.48,10.56,12.36,0.22,5.32,6.88,2.53,0,0.22,2.08,0,0,54.35,0,33.95,11.71,45.65,54.35,8.86,8.55,24.58,52.21,0.94,1.03,1.3,0.28,2.25,0,63.39,25,11.61,0
357,3.86,12.6,8.51,1.42,3.27,8.45,3.05,0,0,1.59,0,0,57.28,0,29.64,13.1,42.74,57.28,5.74,2.82,28.33,59.97,0,1.42,1.73,0,0,0,71.67,15.83,12.5,0
358,3.34,0.46,10.43,0.4,9.21,24.42,12.97,0.36,0,0.81,0,3,34.04,0.55,23.85,39.11,62.96,37.04,12.82,7.75,26.06,32.17,4.43,2.22,4.14,0,8.58,1.84,41.94,20.16,12.9,25
359,0.98,0,6.09,0,15.52,17.86,9.62,0,0,9.08,3.83,0,31.42,5.62,22.59,46,68.59,31.42,8.98,2.23,47.48,28.08,3.87,0.48,1.19,0,5.82,1.87,52.22,26.67,22.22,0
360,6.36,0.06,13.96,0,12.19,14.82,7.15,0,0,1.64,0,8.61,35.21,0,32.57,23.61,56.18,43.82,21.49,11.75,19.09,23.64,1.76,4.84,8.62,0,7.84,0.98,37.67,24.66,15.75,21.92
361,2.72,0,13.78,0,20.07,17.87,6.48,0,0,0,0,0.78,38.31,0,36.56,24.35,60.91,39.09,25.13,5.69,18.82,28.16,3.69,1.46,0,0,17.05,0,53.01,24.1,16.87,6.02
362,1.09,0.43,40.87,0.32,3.25,22,11.26,0.4,1.29,4.13,0,0,14.96,0,45.97,39.08,85.04,14.96,2.5,5.78,28.47,29.76,5.74,13.72,3.91,0,8.24,1.87,58.06,29.03,11.83,0
363,1.69,0,22.41,0.44,4.44,29.21,12.11,0.2,1.28,0.94,0,0.9,26.37,0,28.99,43.74,72.73,27.27,3.52,6.42,31.16,27.89,7.21,7.7,4.17,0.22,7.64,4.07,50,22,11,16
364,2.39,4.35,26.6,1.73,4.59,26.44,3.45,0,0,3.05,0.95,0.68,25.77,0,39.66,33.9,73.55,26.45,41.55,6.74,28.82,14.8,0.98,0.29,1.6,2.03,2.23,0.96,45.71,25.71,12.86,16.43
365,1.42,0,45.63,2.9,0.54,26.62,4.77,0.05,1.22,0.92,0,0.24,15.68,0,50.49,33.59,84.08,15.92,24.8,11.59,32.13,6.31,6.63,1.44,6.84,7.03,3.22,0,45.6,26.4,12,16
366,4.55,0.34,25,1.51,2.3,30.51,9.1,0.39,0.13,3.66,0.84,0.4,20.94,0.33,33.7,44.96,78.67,21.33,12.45,11.28,31.11,23.07,6.51,2.34,5.41,0.25,6.78,0.8,36.99,15.03,7.51,40.46
367,1.77,0,20.02,0.18,4.78,20.29,17.13,0.22,0,2.34,0,1.79,31.47,0,26.75,39.98,66.74,33.26,3.91,5.94,35.73,28.32,4.33,6.15,5.78,0,9.84,0,55.17,21.84,11.49,11.49
368,0.56,0,21.29,0,1.24,25.12,8.76,0,0.43,1.15,0,0,41.44,0,23.09,35.47,58.56,41.44,3.56,10.85,31.91,35.05,6.66,6.02,2.09,0,2.38,1.5,60.71,25,14.29,0
369,4.32,0,17.67,0.62,6.52,26.83,11.57,0.31,0,1.34,0,0,30.39,0.42,29.14,40.47,69.61,30.39,9.56,9.97,21.82,36.87,3.38,1.92,6.98,0.24,7.09,2.16,57.97,23.19,18.84,0
370,0.69,0,22.3,0,9.58,25.75,8.14,0,0.35,6.18,2.04,0.04,23.91,1.02,32.58,43.47,76.05,23.95,8.42,6.42,31.24,31.93,5.06,3.8,4.01,0,8.88,0.24,39.58,22.92,16.67,20.83
371,2.59,0,16.77,0,5.8,22.73,16.5,1.52,0.71,0.87,0,0.88,31.62,0,25.16,42.33,67.5,32.5,7.36,6.17,29.47,48.97,0.41,1.53,3.19,0,1.95,0.95,51.65,16.48,13.19,19.78
372,3.76,6.05,19.34,0.7,8.07,21.59,8.95,0.25,0.73,0,0,0,30.57,0,37.92,31.52,69.43,30.57,6.66,7.31,22.81,39.74,4.68,9.46,1.67,0,7.67,0,58.67,30.67,10.67,0
373,2.88,0.52,18.29,0,4.79,19.15,17.52,0,0.95,4.42,0.23,0.62,29.75,0.88,26.48,43.15,69.63,30.37,7.37,6.64,18,39.63,1.67,3.99,16.09,0.42,5.65,0.54,55.06,19.1,14.61,11.24
374,3.23,16.58,26.98,2.84,0,29.89,6.46,0.44,6.93,3.01,2.6,0,1.05,0,49.63,49.33,98.95,1.05,4.74,2.85,57.5,3.41,0,0,5.49,0,26,0,37.36,32.76,29.89,0
375,2.91,0,20.67,0.34,7.94,16.44,8.95,0,0,1.76,0,5.95,35.04,0,31.86,27.15,59.01,40.99,19.19,5.36,20.62,41.47,1.49,5.83,3.61,0.07,2.28,0.07,47.52,22.77,9.9,19.8
376,1.55,0.43,12.14,1.02,7.93,19.73,5.62,0,0,0,0,3.63,45.87,2.09,23.07,27.43,50.51,49.49,20.91,5.52,16.43,34.79,6.33,1.9,4.16,0,8.63,1.33,48,29,13,10
377,2.51,0.85,14.5,0.81,5.7,15.5,10.07,0,0.23,1.04,0.11,1.3,46.73,0.63,24.38,27.59,51.97,48.03,11.61,10.88,18.5,38.2,4.49,3.75,7.68,0.27,4.37,0.25,43.48,18.12,8.7,28.99
378,5.79,0,17.79,1.28,10.55,19.03,5.44,0,0.75,0.92,0,1.31,36.64,0.51,35.41,26.64,62.05,37.95,16.8,8,28.52,37.34,2.14,1.66,2.46,0,2.17,0.9,40.27,22.15,7.38,30.2
379,1.37,0,17.23,0,5.51,23.35,5.06,0,1.32,0.88,0,1.04,43.62,0.62,24.11,31.23,55.34,44.66,8.47,19.87,26.23,32.81,8.28,1.32,0,0.13,2.86,0.03,48.75,26.25,12.5,12.5
380,1.28,0.56,31.48,0.19,6.54,6.17,3.87,0,0.55,1.53,0,1.77,44.84,1.21,40.07,13.32,53.39,46.61,10.24,11.88,20.69,41.34,4.49,6.29,3.54,0.67,0.86,0,50.56,23.6,14.61,11.24
381,NA,NA,NA,NA,NA,NA,NA,NA,NA,NA,NA,NA,NA,NA,NA,NA,NA,NA,NA,NA,NA,NA,NA,NA,NA,NA,NA,NA,NA,NA,NA,NA
382,0.47,0.39,25.54,0.83,6.5,12.76,8.81,0.08,3.06,1.52,0,2.46,37.36,0.19,33.74,26.43,60.17,39.83,8.09,6.08,15.96,41.12,6.49,4.05,10.22,0.77,6.53,0.7,44.33,20.62,12.37,22.68
383,0,0,21.2,1.6,10.46,7.2,7.22,0,0,1.16,0,0,51.17,0,33.26,15.57,48.83,51.17,7.86,8.59,18.63,52.31,3.92,1.96,1.23,0.66,4.36,0.48,56.16,30.14,12.33,0
384,3.37,0,15.44,3.42,7.68,14.29,4.28,0,0.49,0,0,0,49.16,1.87,29.91,20.93,50.84,49.16,13.02,6.85,23.06,42.27,3.11,2.24,7.48,0,1.97,0,59.18,30.61,10.2,0
385,0,0,0,0,0,0,60.66,0,0,0,0,0,39.34,0,0,60.66,60.66,39.34,39.34,0,60.66,0,0,0,0,0,0,0,0,57.14,42.86,0
386,0,0,23.01,0,3.94,19.06,5.86,0,0,3.38,0,2.41,42.34,0,26.95,28.31,55.26,44.74,30.27,5.88,11.62,41.78,2.99,2.51,3.36,0,1.58,0,47.83,32.17,11.3,8.7
387,2.94,0,19.22,1.06,7.88,16.33,7.78,0,0,1.71,0,0.55,42.19,0.35,31.1,26.17,57.26,42.74,11.52,6.22,15.34,53.66,3.41,5.1,2.56,0,2.06,0.12,43.7,22.69,10.92,22.69
388,0,0,14.62,1.5,12.25,21.95,11.02,0,0,1.55,0,1.76,34.1,1.23,28.38,35.77,64.14,35.86,19.36,6.23,30.46,39.45,1.53,0.18,0,0,2.8,0,39.81,22.22,10.19,27.78
389,0.37,0,14.13,3.18,3.05,11.08,8.36,5.07,0,5.68,0,1.86,46.23,0.98,20.73,31.18,51.91,48.09,5.26,5.95,30.58,23.49,15.94,4.78,2.91,0.19,10.14,0.76,44.04,18.35,11.01,26.61
390,0,0,17.9,5.24,7.01,12.48,23.37,0,0,6.47,0,15.97,11.24,0.32,30.15,42.64,72.79,27.2,26.27,7.87,20.85,19.95,13.73,0.7,0,0,10.63,0,38.46,27.47,14.29,18.68
391,10.83,8.72,10.89,0.45,8.44,15.25,7.67,0,3.26,0,0,0,33.79,0.69,39.33,26.87,66.21,33.79,7.41,5.07,31.93,37.18,3.13,3.89,3.09,1.81,6.5,0,68.09,22.34,10.64,0
392,0,100,0,0,0,0,0,0,0,0,0,0,0,0,100,0,100,0,0,0,69.22,0,0,0,0,0,30.67,0,100,0,0,0
393,9.58,5.94,9.2,0.26,2.8,15.63,9.29,0,1.29,1.63,0,0.26,44.12,0,27.78,27.84,55.62,44.38,13.9,8.19,20.52,39.32,4.34,4.55,1.72,0.43,6.84,0.17,55.81,18.6,10.08,15.5
394,3.89,9.42,6.86,0,7.13,11.67,7.33,0,0,2.79,0,1.29,49.6,0,27.31,21.8,49.11,50.89,11.79,1.98,22.42,40.79,4.15,6.46,6.46,0.21,5.72,0,51.77,24.11,6.38,17.73
395,3.21,9.38,13.61,0,6.04,14.18,6.93,0,0.27,1.53,0,4.04,40.38,0.44,32.24,23.34,55.58,44.42,7.02,10.72,29.65,48.39,0.73,0.77,1.33,0.38,0.63,0.39,47.37,19.3,13.16,20.18
396,3.92,7.69,10.08,0.16,1.47,17.16,10.99,0,0.83,1.87,0.16,0.99,44.69,0,23.31,31.01,54.32,45.68,12.48,7.67,17.27,32.24,10.18,4.2,7.96,0.15,7.37,0.46,55.47,15.62,10.16,18.75
397,1.92,4.86,21.02,0,8.81,12.84,5.62,0,0.21,0.74,0.26,2.4,41.31,0,36.61,19.68,56.28,43.72,17.03,7.04,16.27,42.1,4.42,1.67,2.88,2.58,6,0,43.86,21.93,13.16,21.05
398,2.26,0.98,10.49,1.5,3.75,16.31,8.36,1.02,0,4.53,1.56,0.97,47.96,0.32,18.98,32.09,51.07,48.93,13.75,13.84,11.71,46.84,1.39,4.88,3.84,0.43,2.67,0.63,53.73,17.16,9.7,19.4
399,6.53,6.68,11.5,1.27,12.34,9.34,4.17,0,0,1.52,0,0.96,45.58,0.11,38.31,15.14,53.45,46.55,11.43,4.32,20.84,54.41,3.12,1.51,0.3,0.16,3.92,0,47.48,23.02,7.91,21.58
400,3.37,6.45,11.37,3.21,5.8,12.02,4.53,0,0.63,1.8,0,2.29,47.52,1.01,30.19,20,50.19,49.81,14.52,16.47,13.17,39.81,4.65,2.07,3.29,1.74,4.27,0,51.49,23.88,7.46,17.16
401,1.76,3.94,13.38,1.57,6.39,16.22,8.86,0,0.47,0.44,0.1,3.71,42.79,0.35,27.04,26.45,53.5,46.5,9.18,5.55,17.51,42.91,3.34,5.16,5.19,1.53,8.83,0.78,46.36,19.09,14.55,20.91
402,0.9,4.75,17.38,1.49,8.74,14.12,7.63,0,0.18,0,0,7.23,37.58,0,33.26,21.93,55.19,44.81,10.08,8.28,6.83,50.08,7.73,5.29,6.51,2.25,2.94,0,41.55,26.76,9.15,22.54
403,1.36,4.16,13.86,7.44,10.9,9.43,6.25,0,0,0,0,9.14,37.46,0,37.72,15.68,53.4,46.6,18.88,2.97,20.18,41.62,3.89,9.12,2.27,0,1.08,0,49.58,22.69,9.24,18.49
404,1.1,3.41,13.4,0.86,0.5,26.8,15.04,0.85,0.2,1.78,0,1.58,34.42,0.06,19.27,44.73,64,36,3.34,6.23,30.51,41.64,5,2.36,5.35,0.42,4.09,1.06,49.53,14.95,14.02,20.56
405,1.7,7.33,22.98,2.75,2.34,21.62,9.5,0,1.36,4.14,0.13,2.73,23.41,0,37.1,36.75,73.86,26.14,5.8,9.19,26.46,39.13,4.75,6.47,4.21,0,3.98,0,45.31,17.19,14.84,21.88
406,1.78,7.13,27.21,3.78,0.43,24.96,11.77,0,0.53,1.77,0.64,1.45,18.03,0.53,40.33,40.19,80.52,19.48,5.22,9.72,28.28,37.59,6.29,3.33,3.36,0.34,5.32,0.56,42.98,17.36,16.53,22.31
407,1.35,2.33,18.55,1.1,1.48,18.84,11.11,0,0,3,0,1.56,40.69,0,24.8,32.94,57.75,42.25,8.25,5.16,21.16,45.86,5.87,4.45,5.76,0.3,2.98,0.21,47.46,15.25,11.02,26.27
408,3.97,5.33,18.03,0.43,5.02,11.27,6.37,0,0,1.59,0.37,1.63,45.98,0,32.79,19.61,52.39,47.61,9.93,8.34,17.52,44.32,3.41,4.3,4.33,0.38,7.46,0,45,20.71,12.86,21.43
409,3.85,2.9,17.51,0.63,7.19,15.46,8.18,0,0,2.22,0.28,0,41.78,0,32.08,26.14,58.22,41.78,13.61,7.06,18.7,53.1,1,0.5,4.63,0,1.41,0,62.96,25,12.04,0
410,1.14,0.51,21.16,0,9.94,25.28,7.92,0,0,8.52,2.09,2.18,21.27,0,32.74,43.81,76.55,23.45,35.44,9.37,9.83,30.19,1.73,4.1,3.27,0.45,5.62,0,35.2,10.71,7.65,46.43
411,1.09,0.59,19.72,1.96,4.98,19.76,16.13,0,4.37,3.8,0,0.42,27.18,0,28.34,44.06,72.4,27.6,18.29,3.37,23.83,44,1.1,5.59,1.77,0.48,1.58,0,50,21.43,8.16,20.41
412,0.74,2.63,22.38,1.57,1.26,20.85,10.61,0,0,4.23,0.5,0.43,34.8,0,28.58,36.19,64.77,35.23,8.88,6,21.04,43.41,6.84,1.99,5.68,1.05,3.91,1.2,45.13,23.01,15.04,17.7
413,0,4.53,16.53,0,14.53,11.05,9.38,0,0,1.49,1.29,1.58,39.62,0,35.59,23.21,58.8,41.2,11.38,8.59,21.99,49.54,1.57,0,5.92,0,1.02,0,37.59,23.31,9.02,30.08
414,0,0.58,6.07,1.01,8.17,19.24,5.74,2.82,0,1.45,0,4.9,49.75,0.27,15.83,29.52,45.35,54.65,3.94,7.62,13.61,46.17,4.9,7.18,2.75,2.04,11.65,0.13,34.91,20.75,16.04,29.25
415,0,0,6.3,6.41,5.59,13.08,6,0,0.75,0.1,0,2.7,58.29,0.78,18.3,20.71,39.01,60.99,7.93,10.76,17.61,37.91,0,6.35,12.43,0,5.63,1.39,64.75,15.11,7.19,12.95
416,0.45,0,2.79,0.9,9.12,18.7,9.33,0,0,2.75,0.5,12.17,42.76,0.53,13.26,31.81,45.07,54.93,9.27,15.38,20,42.68,4.72,0.63,2.94,0.31,4.07,0,35.16,32.97,14.29,18.68
417,3.01,2.66,6.27,0,4.08,24.09,11.98,0,1.52,4.87,0.92,0.94,39.22,0.44,16.03,43.81,59.84,40.16,8.1,11.73,22.93,36.78,2.8,2.5,5.05,0.27,9.15,0.69,55.79,18.95,14.74,11.58
418,3.59,2.61,8.42,0.43,4.29,30.09,9.18,0,1.91,5.02,1.42,0,32.51,0.53,19.34,48.15,67.49,32.51,6.52,10.15,21.61,34.6,3.57,5.96,6.39,0.05,10.24,0.91,59.55,22.47,16.85,0
419,2.43,1.86,9.32,0.14,6.89,21.23,9.88,0.04,0.13,10.87,0.41,0.1,36.7,0,20.65,42.55,63.2,36.8,3.29,10.85,25.76,46.56,3.47,1.78,3.33,0,3.72,1.24,49.49,22.22,15.15,13.13
420,1.46,0.15,23.12,0,0.85,42.03,7.4,0,0.76,1.49,0,2.4,20.34,0,25.58,51.68,77.25,22.75,8.17,32.01,24.85,12.57,10.47,2.39,6.17,0,2.47,0.9,42.4,24,11.2,22.4
421,5.05,11.14,13.71,4.54,1,27.74,4.28,0,0.14,2.65,0.06,0.4,27.53,1.76,35.44,36.62,72.06,27.94,15.33,14.02,33.57,21.29,2.65,3.86,3.42,0,4.62,1.25,49.19,27.42,10.48,12.9
422,3.87,5.63,25.06,0.92,2.16,29.19,14.03,0.36,1.23,1.79,0,0.25,15.25,0.27,37.63,46.86,84.49,15.51,4.4,7.13,29.13,30.57,5.33,8.66,3.57,0.29,9.9,1.03,32.34,14.37,8.98,44.31
423,1.91,3.16,10.66,0.37,7.4,40.49,18.78,1.57,0.03,2.03,0,0,13.61,0,23.49,62.9,86.39,13.61,3.71,10.81,26.9,38.21,4.96,3.18,7.24,0,3.6,1.38,50,32.14,17.86,0
424,2.25,2.55,24.67,1.43,6.52,26.47,8.33,0.62,2.55,1.12,0,0,23.5,0,37.42,39.08,76.5,23.5,11.09,5.99,24.79,39.32,0.59,6.9,0.7,0,10.35,0.27,59,24,16,0
425,2.37,0,12.18,1.58,0.43,17.73,17.22,0,4.49,1.22,0,2.27,40.5,0,16.57,40.66,57.23,42.77,18.99,7.5,17.03,40.07,0.33,7.74,4.06,1.09,2.55,0.65,56.64,16.81,8.85,17.7
426,2.43,5.72,14.99,1.79,9.06,34.11,6.34,0.09,2,0.84,0,4.54,18.08,0,33.99,43.38,77.38,22.63,7.95,3.34,31.12,37.38,7.09,2.13,4.12,0.42,6.45,0,54,21,17,8
427,5.94,7.21,5.16,2.37,2.66,23.83,15.1,0,1.61,1.6,0,0,34.51,0,23.34,42.15,65.49,34.51,9.26,10.36,29.25,38.57,2.12,3.98,4.16,0,2.23,0.07,59.57,25.53,15.96,0
428,0.94,5.25,12.06,1.52,3.58,27.59,17.05,0,0.89,0.25,0,0.35,29.59,0.92,23.36,46.71,70.07,29.93,7.69,8.92,26.97,43.03,2.33,5.61,3.22,0,1.79,0.43,60.42,18.75,10.42,10.42
429,2.3,2.09,9.72,0.78,5.92,31.99,9.55,0,0,1.73,0,0,35.08,0.83,20.81,44.11,64.92,35.08,9.65,11.76,17.23,43.04,9.64,2.36,2.77,0.32,2.82,0.42,60.24,25.3,13.25,0
430,4.96,6.38,15.38,1.2,5.13,20.87,13,0,0.21,3.04,0.63,0.31,28.89,0,33.04,37.76,70.8,29.2,15.94,7.78,26.58,39.89,1.35,2.35,1.62,0.12,4.02,0.35,46.06,10.3,7.27,36.36
431,1.89,3.01,16.24,3.68,2.38,23.36,16.58,0,0.61,2.43,0,0.85,28.99,0,27.19,42.97,70.17,29.83,12.04,10.53,13.94,36.16,12.18,1.18,6.98,0,6.77,0.22,37.04,14.81,11.11,37.04
432,4.36,2.31,14.46,0.8,1.64,30.63,20.95,0,1.8,1.96,0,0,21.08,0,23.57,55.35,78.92,21.08,6.01,4.74,22.26,39.22,3.09,9.92,5.57,0.47,8.71,0,63.44,22.58,13.98,0
433,0.36,1.89,26.67,2.38,3.95,21.5,6.81,0,0,4.91,0.31,1.63,29.56,0,35.27,33.54,68.81,31.2,7.68,5.86,27.82,39.98,2.41,3.85,2.15,0.29,9.86,0.11,34.11,15.5,7.75,43.41
434,0.67,9.32,13.77,0.64,6.94,14.64,41.31,0,0,0.99,0,1.27,10.44,0,31.35,56.95,88.29,11.71,34.72,10.28,6.36,34.26,0.69,3.06,5.38,0.77,4.49,0,47.73,37.88,11.36,3.79
435,3.78,7.17,16.9,9.63,7.77,26.91,4.97,0,0.29,2.84,0,0,19.73,0,45.26,35.01,80.27,19.73,34.3,3.98,21.01,27.97,1.04,2.14,4.09,0.41,3.99,1.06,58.59,28.28,13.13,0
436,1.82,5.76,15.7,0.54,9.07,21.79,8.42,0.12,1.48,0.74,0,0,33.98,0.58,32.88,33.13,66.02,33.98,5.77,9.01,23.03,36.38,4.34,6.23,6.45,1.11,7.28,0.39,54.43,29.11,16.46,0
437,3.12,6.34,14.47,3.59,3.53,14.17,6.66,0,0.03,0.81,0.29,0,46.98,0,31.06,21.97,53.02,46.98,10.44,6.39,18.51,47.57,2.19,5.68,1.24,0,7.71,0.29,61.96,21.74,16.3,0
438,3.15,6.63,17.39,2.35,4.71,18.16,5.64,0,0,0.29,0.15,0,41.53,0,34.24,24.24,58.47,41.53,10.99,8.43,17.41,48.05,1.82,7.56,4.2,0,1.54,0,63.33,23.33,14.44,0
439,3.68,4.87,19.63,2.68,2.83,21.11,10.29,0,0,4.16,0,0,30.75,0,33.69,35.56,69.25,30.75,11.47,4.97,22.25,37.85,2.68,4.37,1.28,1.11,14.02,0,56.64,29.2,15.04,0
440,5.56,6.82,15.23,1.4,8.47,23.14,12.28,0,0.22,1.05,0,4.49,20.63,0.7,37.48,37.4,74.88,25.12,8.67,7.26,15.97,30.36,11.72,5.96,7.02,0.31,12.59,0.15,50.46,23.85,12.84,13.76
441,3.17,5.28,20.54,1.76,15.13,18.38,9.18,0,0.6,0,0,1.28,24.67,0,45.89,28.17,74.06,25.94,13.08,6.07,19.74,35.64,5.04,7,9.26,0,4.16,0,38.32,20.56,12.15,28.04
442,6.25,7.42,14.13,1.47,12.63,21.87,11.98,0,0.4,0,0,2.97,20.88,0,41.89,34.25,76.15,23.85,15.82,1.82,17.48,37.19,5.07,5.89,7.73,1.75,7.25,0,41.5,21.77,10.88,25.85
443,2.24,13.81,10.74,0,18.11,11.47,4.31,0,0,3.09,0,0,36.22,0,44.9,18.87,63.77,36.22,19.98,2.85,15.12,44.42,3.05,2.14,0,3.8,8.64,0,51.16,30.23,17.44,0
444,1.91,10.91,4.35,0,15.55,9.35,4.16,0,0,2,0,0,51.75,0,32.73,15.51,48.24,51.75,5.17,5.46,17.03,64.89,0.87,0.03,0.49,0,6.06,0,55.06,28.09,16.85,0
445,1.51,0,18.13,1.19,8.64,26.62,11.1,0,2.52,4.36,1.4,0,24.54,0,29.47,45.99,75.46,24.54,13.55,6.45,24.94,37.92,7.19,5.62,0.73,0.28,3.33,0,50,32.56,17.44,0
446,1.94,0,12.91,6.09,3.77,27.75,9.94,0,0.69,2.92,0,1.02,32.85,0.12,24.71,41.41,66.12,33.88,23.27,6.29,28.5,34.48,3.15,1.08,1.33,0,1.91,0,48.33,21.67,10.83,19.17
447,0.69,0.31,18.37,1.93,3.67,29.26,15.73,0,0.64,4.54,0.32,0.42,23.7,0.42,24.97,50.91,75.88,24.12,7.8,9.07,31.8,38.23,5.23,1.87,0.52,0,5.41,0.07,43.97,23.28,8.62,24.14
448,1.18,1.27,21.27,0,5.27,24.95,11.09,0.1,0.39,4.76,0,1.12,27.73,0.87,28.99,42.16,71.15,28.85,4.59,8.57,30.54,38.53,2.16,9.49,3.46,0,0.87,1.79,51.09,23.91,13.04,11.96
449,1.34,2.24,26.44,1.02,4.92,29.53,11.24,0,2.05,3.65,0.13,0.22,17.22,0,35.97,46.59,82.57,17.43,5.92,9.87,33.22,28.78,3.19,8.88,3.86,1.22,4.36,0.71,50,24,17,10
450,0.39,0,21.79,1.5,4.44,16.8,8.79,0,0.69,2.89,0.28,1.36,41.07,0,28.13,29.44,57.57,42.43,6.49,8.4,32.31,35.22,2.12,5.77,4.59,0.58,4.02,0.51,41.67,25.93,10.19,23.15
451,1.25,0,21.42,1.32,7.86,23.55,9.05,0,1.28,2.71,0.14,0,31.42,0,31.85,36.73,68.58,31.42,11.5,9.06,23.6,41.01,3.77,2.76,5.82,0,2.48,0,51.81,33.73,15.66,0
452,0.96,0.22,17.35,0.71,6.44,17.18,7.07,0,0,3.69,0.37,1.37,44.64,0,25.69,28.3,53.99,46.01,11.58,10.65,24.53,45.11,2.8,2.51,0.91,0,1.91,0,48.98,26.53,10.2,15.31
453,2.35,0,17.82,1.09,17.73,20.21,3.31,0,0,6.64,0,0,30.86,0,38.98,30.16,69.14,30.86,2.31,6.46,38.5,35.79,3.88,0,10.18,0.24,2.65,0,49.4,33.73,15.66,0
454,0.6,0.26,21.7,1.02,5.84,15.69,6.14,0,0.17,2.88,0.33,1.66,43.72,0,29.41,25.21,54.62,45.38,13.32,10.39,25.92,36.55,4.21,3.72,2.82,0,2.41,0.66,41.18,23.53,7.56,26.89
455,4.67,0.7,17.17,0.55,4.58,19.65,9.22,0,2.3,1.64,0.06,0.78,38.68,0,27.67,32.88,60.55,39.45,7.28,6.54,26.88,32.19,8.61,5.98,4.08,0.6,6.26,1.59,48.62,21.1,13.76,16.51
456,3.32,0.45,18.4,1.87,3.82,14.86,8.28,0,0,5.81,0.59,1.38,41.22,0,27.86,29.54,57.39,42.61,9.67,9.18,14.03,38.18,4.99,12.13,2.38,0.88,8.54,0.03,56.32,24.14,14.94,5.75
457,2.34,0.28,11.24,1.59,1.54,18.95,6.4,0,0.76,3.58,0.97,0.76,51.59,0,16.99,30.66,47.65,52.35,21.86,8.88,19.75,36.44,2.1,1.74,0.51,0,7.81,0.91,49.47,18.95,12.63,18.95
458,5.05,0,20.71,1.29,3.06,14.35,6.63,0,0.97,6.74,0,1.23,39.97,0,30.11,28.69,58.8,41.2,17.23,9.6,20.19,32.64,6.82,2.55,7.81,1.69,1.27,0.2,35.82,16.42,10.45,37.31
459,2.05,0,24.67,0.32,9.04,9.37,5.3,0,0,1.71,0.44,0,47.1,0,36.08,16.82,52.9,47.1,6.83,7.56,20.66,51.39,0.43,0.32,4.75,0,8.06,0,50,33.72,16.28,0
460,3.92,0.95,24.83,0.77,4.82,21.85,7.61,0,0.54,4.46,0,0.39,29.2,0.65,35.3,35.11,70.41,29.59,2.06,11.42,31.42,35.92,5.76,7.47,1.07,0,4.66,0.22,42.65,16.91,11.76,29.41
461,5.89,0,15.07,0.31,3.46,20.57,9.99,0,0.86,5.37,1.23,1.34,35.78,0.12,24.73,38.14,62.88,37.12,5.63,9.18,25.83,41.54,2.82,2.99,5.33,1.03,5.55,0.11,44.7,13.64,9.09,31.82
462,4.31,0,21.41,0.9,4.02,11.37,7.78,0,0,5.36,0.3,1.39,43.16,0,30.64,24.81,55.45,44.55,4.99,8.35,28.1,35.04,3.38,6.01,9.29,0.2,4.64,0,44.63,19.83,9.92,24.79
463,2.75,0,14.36,0,6.66,8.42,4.39,0,0,4.59,0.48,0,58.36,0,23.76,17.88,41.64,58.36,3.72,6.47,27.6,47.81,3.89,1.19,2.5,0,6.83,0,55.56,32.1,12.35,0
464,6.25,0,15.86,0,3.25,13.23,5.34,0,0,7.21,3.16,0,45.7,0,25.36,28.93,54.3,45.7,2.57,7.04,28.27,36.6,5.51,4.39,12.49,0.31,2.83,0,63.55,27.1,10.28,0
465,7.24,0.35,12.04,0.61,5.87,16.28,11.04,0,0.28,5.07,1.04,1.77,37.76,0.66,26.1,34.37,60.48,39.52,5.75,6.42,29.04,45.77,2.5,3.33,5.19,0.36,1.63,0,58.06,17.74,9.68,13.71
466,1.91,0,20.63,1.91,6.58,19.82,7.96,0,0.46,4.12,0.86,0.83,34.36,0.56,31.03,33.78,64.81,35.19,15.64,9.67,27.34,33.97,6.06,0.63,2.57,0,2.83,1.3,35.77,28.46,11.38,24.39
467,5.75,0,19.74,0.74,12.24,21.12,10.19,0,0,1.72,0,0.48,28.01,0,38.47,33.04,71.51,28.49,11.16,6.54,29.8,43.89,3.12,1.23,0.48,0.25,3.29,0.22,43.66,20.42,7.75,28.17
468,6.1,0.14,18.91,0.03,7.84,16,12.68,0,0.21,4.48,1.01,1.81,30.68,0.11,33.01,34.49,67.5,32.5,7.42,9.84,19.38,40.9,2.35,4.58,7.26,0.06,7.81,0.4,54.72,19.81,13.21,12.26
469,3.6,0,13.02,1.14,20.26,20.91,7.27,0,0,3.56,0,0,30.23,0,38.03,31.74,69.77,30.23,11.22,6.25,27.56,46.85,2.25,1.8,1.14,0,2.93,0,46.46,33.33,21.21,0
470,0,0,16.23,5.06,10.86,23.38,12.85,0,0,4.36,0,1.04,23.33,2.88,32.15,43.48,75.63,24.37,23.23,7,27.82,24.14,1.58,1.62,9.13,0,5.49,0,40.52,19.83,12.93,25.86
471,1.61,0,7.92,0.53,17.83,21.89,4.47,0,0,1.26,0,0,44.49,0,27.89,27.62,55.51,44.49,13.41,10.76,18.62,47.06,1.32,2.33,2.13,0,2.81,1.53,53.49,32.56,13.95,0
472,3.46,0.56,17.24,0.19,11.42,16.39,17.02,0.45,0,4.25,0.29,0.37,28.18,0.19,32.87,38.59,71.46,28.54,10.02,5.02,25.51,41.59,7.52,1.06,5.51,0,3.77,0,47.11,13.22,14.88,24.79
473,2.69,6.69,20.52,0,16.37,13.69,16.43,0,0,5.74,0.34,3.08,14.11,0.34,46.27,36.54,82.81,17.19,9.84,7.07,21.93,45.43,1.36,0.71,0.65,0.37,12.62,0,45.83,28.47,14.58,11.81
474,3.6,0,26.55,3.98,34.34,9.15,7.37,0,0,3.64,0,0,11.37,0,68.48,20.16,88.64,11.37,28.7,3.67,21.47,29.75,3.47,0.81,3.16,0,8.97,0,55.32,25.53,19.15,0
475,0.56,0,11.41,1.75,20.74,15.49,8.88,0,0,3.75,1.35,1.56,33.91,0.6,34.46,30.07,64.53,35.47,8.89,6.53,25.31,40,6.68,4.63,0.36,0.9,6.7,0,42.39,23.91,16.3,16.3
476,2.06,4.38,20.82,0.15,8.41,25.04,10.13,0,0.23,5.23,0.23,0.13,22.33,0.84,35.83,41.7,77.54,22.46,13.19,6.03,32.09,32.5,2.08,3.16,0.4,0.13,9.91,0.49,39.45,20.18,12.84,27.52
477,0.99,1.34,14.75,1.24,9.03,28.35,9.52,0,0.53,3.57,0,0.9,29.79,0,27.34,41.98,69.31,30.69,4.87,8.16,33.31,43.75,1.68,1.29,4.09,0.33,1.47,1.04,54.9,30.39,8.82,6.86
478,1.19,3.11,27.52,5.08,0.2,31.06,8.93,0.39,1.54,8.4,1.35,0,10.97,0.26,37.1,51.94,89.03,10.97,13.88,9.11,50.03,2.17,4.35,2.4,5.42,1.07,5.37,6.2,59.65,32.46,7.02,0
479,2.11,16.96,17.85,0,3.99,17.03,10.1,0,10.57,0.83,0,0,20.55,0,40.92,38.54,79.46,20.55,13.11,8.02,39.19,18.75,2.87,0,13.75,0,4.32,0,60.8,18.4,21.6,0
480,0,1.87,19.27,1.01,10.91,21.76,12.38,0,0,0,0,0.36,32.44,0,33.06,34.14,67.2,32.8,7.48,4.58,23.33,50.75,4.54,1.92,1.1,0,6.3,0,48.35,19.78,9.89,21.98
481,1.32,5.41,13.58,0,3.95,15.72,9.83,0,1.94,7.91,2.36,0,37.97,0,24.27,37.77,62.03,37.97,3.06,9.65,29.42,46.62,0.6,1.22,3.88,0,5.45,0.11,67.39,21.74,10.87,0
482,1.8,6.38,11.57,0.31,4.14,25.19,9.4,0,0,2.78,0.72,3.13,34.58,0,24.2,38.09,62.3,37.7,14.75,4.57,30.54,34.67,4.97,3.01,1.07,1.52,4.9,0,50,20.18,11.4,17.54
483,1.27,4.5,13.99,9.15,6.84,37.85,18.58,0,0,0.02,0,0,7.81,0,35.75,56.44,92.19,7.81,8,10.75,41.73,20.67,4.09,1.43,0.74,0,7.17,5.41,58.4,25.6,16,0
484,3.7,9.17,18.83,0.76,9.92,12.99,6.08,0,0.11,2.8,0,0,35.33,0.3,42.39,22.28,64.67,35.33,6.68,7.78,22.92,43.66,2.4,2.92,3.77,1.43,8.36,0.08,53.68,31.58,14.74,0
485,3.31,7.97,18.57,0.79,6.88,14.52,7.05,0,0,1.81,0,0.19,38.67,0.23,37.53,23.6,61.13,38.87,5.29,5.68,23.61,47.89,3.95,4.76,1.58,0.48,6.6,0.15,43.44,20.49,11.48,24.59
486,3.64,3.99,12.16,0.08,2.56,18.66,13.59,0,0,0.93,0.22,0,41.29,2.89,22.43,36.28,58.71,41.29,2.82,10.95,22.13,46.92,4,5.89,1.62,0.42,4.63,0.62,66.3,21.74,11.96,0
487,2.86,6.21,20.44,0.84,7.55,22.64,8.94,0,0,2.49,1.09,0.46,26.49,0,37.9,35.15,73.05,26.95,8.3,6.56,27.39,45.65,2.48,4.89,3.1,0,1.62,0,40,15.56,7.41,37.04
488,2.51,1.3,10.96,0.67,5.42,16.31,7.46,0,0.24,2.02,0,0,52.45,0.66,20.86,26.69,47.55,52.45,5.91,7.03,21.03,48.71,3.64,2.47,2.51,0,8.7,0,52.58,34.02,13.4,0
489,1.73,9.96,33.63,0.22,4.68,20.31,12.84,0.08,2.44,4.08,0.27,0,9.73,0,50.23,40.04,90.27,9.73,4.88,11.22,19.03,18.83,11.1,16.3,3.5,1.38,12.06,1.69,53.77,36.79,10.38,0
490,3.26,6.29,25.56,1.32,5.67,31.06,11.07,0.2,0.47,2.5,0,0.05,11.94,0.61,42.1,45.9,88.01,12,2.51,14.22,35.24,23.72,7.44,2.8,3.81,0,6.39,3.86,44.44,23.02,8.73,23.81
491,2.22,9.03,17.51,1.46,10.78,23.71,9.83,0,0.98,2.74,0,0.37,21.37,0,40.99,37.27,78.25,21.75,4.25,7.03,31.66,35.81,2.57,1.61,8.63,0.03,7.57,0.84,50.68,18.24,10.14,20.27
492,3.49,4.33,12.27,0.47,5.28,26.13,10,0,1.58,4.26,0.8,0.9,30.48,0,25.83,42.78,68.62,31.38,4.5,3.03,31.9,32.98,3.71,5.47,11.85,0.02,5.05,1.49,53.64,23.64,10,13.64
493,3.23,2.05,23.65,0,8.23,19.66,5.53,0,0,0.78,0,0.33,36.17,0.37,37.17,26.33,63.5,36.5,8.37,11.47,18.78,40.29,14.26,2.56,1.22,0,3.05,0,45.95,28.83,11.71,13.51
494,5,4.68,12.64,1.12,7.33,15.44,7.46,0,0,3.36,0,0,42.97,0,30.77,26.26,57.03,42.97,7.43,7.94,21.87,45.01,5.36,2.45,5.26,1.32,2.92,0.46,58.33,29.17,12.5,0
495,3.01,1.59,17.52,0.41,10.77,16.85,11.85,0,0.18,2.29,0.58,0.52,34.44,0,33.3,31.75,65.05,34.95,5.26,12.74,26.31,36.58,4.42,2.37,5.32,0.57,6.44,0,42.02,23.53,10.92,23.53
496,5.17,6.62,7.8,0.59,3.82,26.86,17.57,0,0,3.85,0,1.06,26.21,0.46,23.99,48.75,72.74,27.26,3.68,2.64,29.39,33.6,9.84,2.28,5.55,0.33,11.66,1.02,60.95,18.1,11.43,9.52
497,0.9,1.8,14.44,2.01,6.19,25.03,5.08,0,0.71,5.56,0,0.47,37.83,0,25.33,36.38,61.71,38.29,18.07,4.49,29.61,30.59,2.75,1.96,4.07,0.27,7.59,0.59,47.96,26.53,12.24,13.27
498,4.86,10.39,13.59,0,2.47,28.24,7.62,0.17,0.83,4.93,0,0.42,26.46,0.01,31.31,41.81,73.12,26.88,5.16,8,47.07,23.46,3.34,1.18,2.28,1.43,4.96,3.12,41.61,18.25,11.68,29.2
499,1.65,3.56,19.47,0.93,6.83,13.9,8.49,0,0.07,2.26,0.3,0.56,41.99,0,32.43,25.01,57.44,42.56,4.8,9.12,26.02,42.18,3.25,3.75,3.44,0.12,7.19,0.11,46.79,22.94,12.84,16.51
500,2.26,4.64,15.74,0,6.06,19.17,8.08,0,0.78,0.26,0,1.07,41.95,0,28.7,28.28,56.99,43.01,6.05,13.3,27.71,36.72,2.35,2.22,4.09,0.25,7.14,0.17,52.17,22.83,15.22,8.7
501,0.97,3.59,17.82,0.1,4.12,16.02,8.56,0,0.41,2.8,0,1.05,44.56,0,26.6,27.79,54.39,45.61,4.57,11.38,23.41,38.91,0.18,2.19,0.66,0.39,18.27,0.04,55.21,25,10.42,9.38
502,3.45,7.51,30.09,2.37,0.36,19.49,3.72,0,0.06,5.33,0,1.05,25.35,1.23,43.77,29.83,73.6,26.4,10.14,12.16,45.53,21.32,0.75,4.86,0.41,0,4.46,0.37,44.74,26.32,9.21,19.74
503,2.21,17.52,10.11,2.38,0.32,21.48,21.92,0,0,3.38,0,0,20.38,0.32,32.53,47.09,79.62,20.38,18.07,6.63,26.6,18.45,2.48,2.02,0.13,0,24,1.63,65.31,27.55,7.14,0
504,2.63,7.02,9.53,0.9,0.95,13.28,8.94,0,0.03,8.37,2.22,0,46.14,0,21.03,32.84,53.86,46.14,10.27,9.63,22.14,45.53,0.43,1.2,2.86,0,7.83,0.09,70.71,18.18,11.11,0
505,4.18,8.37,6.08,0,5.52,41.74,16.69,0,0.52,0.99,0,0,15.9,0,24.15,59.94,84.1,15.9,3.78,7.3,34.06,42.36,1.56,1.18,2.79,0.13,6.84,0,65.08,23.81,11.11,0
506,3.21,1.31,22.51,0.32,8.32,30.97,12.13,0,0.29,3.93,0,1.2,15.56,0.25,35.67,47.57,83.24,16.76,9.07,10.44,37.23,27.22,2.66,4.61,3.34,0,5.12,0.3,52.07,25.62,9.92,12.4
507,3.35,0,26.03,0.33,2.52,32.82,11.64,0,0,7.58,0,0,14.92,0.79,32.24,52.85,85.08,14.92,23.82,6.16,33.36,23.8,2.56,1.99,3.78,1.28,3.26,0,64.41,22.03,13.56,0
508,0.94,0.31,21.78,1.2,3.51,26.86,10.37,0,0.14,4.24,0.29,0.25,30.03,0.08,27.74,41.98,69.72,30.28,8.12,6.95,25.86,37.65,2.46,5.49,3.82,0.38,8.84,0.44,32.89,17.45,10.07,40.27
509,2.37,0,17.05,0,17.54,21.75,15.79,0,0,4.31,0,0,21.2,0,36.95,41.85,78.8,21.2,2.9,16.21,19.13,32.9,5.17,8.53,3.21,0,11.94,0,62,30,7,0
510,NA,NA,NA,NA,NA,NA,NA,NA,NA,NA,NA,NA,NA,NA,NA,NA,NA,NA,NA,NA,NA,NA,NA,NA,NA,NA,NA,NA,NA,NA,NA,NA
511,1.03,0.89,11.57,0.46,6.96,19.81,7.63,0,0,3.57,0,1.06,46.89,0.12,20.92,31.13,52.05,47.95,8.06,6.2,27.9,49.17,2.9,0.73,0,0.24,4.81,0,36.97,16.36,10.3,36.36
512,1.02,0.82,13.05,0,7.73,25.08,9.58,0,0.24,1.3,0,0,40.2,0.98,22.62,37.18,59.8,40.2,12.54,6.19,27.2,40.63,0.62,2.11,2.17,0,8.4,0.15,51.55,27.84,20.62,0
513,4.28,8.59,8.79,0,11.22,36.02,16.44,0,0,1.31,0,3.1,10.21,0,32.88,53.77,86.66,13.34,7.65,3.98,30.86,51.79,0,0,0,0,5.73,0,43.27,16.37,5.26,35.09
514,3.62,9.64,11.41,1.56,7.14,16.86,7.26,0,1.68,1.89,0.5,0.31,38.13,0,33.37,28.18,61.56,38.44,7.59,4.57,22.42,42.57,6.91,6.08,1.26,0,8.45,0.15,53.33,15,11.67,20.83
515,2.74,9.64,13.78,3.03,5.7,13.48,9.52,0,1.04,5.47,0.76,0.37,34.46,0,34.9,30.27,65.16,34.84,11.84,10.17,23.65,38.95,3.28,4.45,1.39,0,6.25,0.03,49.23,22.31,10.77,16.92
516,1.67,0.71,18.62,1.13,8.26,29.75,9.96,0,0.74,4.17,0,0.24,24.71,0.05,30.38,44.66,75.05,24.95,9.77,8.62,35.19,38.2,1.09,3.37,0.45,0,2.7,0.61,49.49,28.28,7.07,15.15
517,0.36,0.66,11.78,0.73,13.72,8.58,2.52,0,0,1.41,0.36,0,59.87,0,27.25,12.87,40.13,59.87,6.49,11.54,33.13,47.85,0,0.25,0,0,0.73,0,51.04,34.38,14.58,0
