Zona,Pop_GenM_04,Pop_GenF_04,RF1_05,RF2_05,RF3_05,RF4_05,RF5_05,AssCom_Cart_08,AssSem_Cart_08,FunPub_08,Auto_08,Empreg_08,ProfLib_08,DNegFam_08,TraFam_08
1,58.46,41.54,28.76,40.37,20.23,10.64,0,42.3,6.4,14.16,19.52,4.68,2.34,5.79,4.74
2,49.94,50.06,17.59,58.67,19.46,4.28,0,30.56,20.48,3.69,37.78,2.1,4.17,1.22,0
3,41.97,58.03,19.89,47.58,26.74,0,5.79,50.58,15.42,1.68,20.31,0.96,0,9.38,1.68
4,55.36,44.64,11.71,29.88,39.41,9.4,9.61,41.44,5.77,6.02,32.13,1.19,13.46,0,0
5,48.9,51.1,12.75,48.48,27.26,9.66,1.85,21.32,7.47,7.81,20.22,7.77,22.93,9.13,3.36
6,41.68,58.32,19.68,68.96,8.96,2.4,0,50.07,8.62,2.17,31.6,3.04,2.81,1.69,0
7,49.87,50.13,8.5,42.31,46.02,3.17,0,43.25,4.1,2.4,35.38,5.5,1.47,7.89,0
8,50.76,49.24,20.17,43.16,33.73,2.11,0.82,52.24,8.57,2.29,28.22,0,0,6.03,2.66
9,46.38,53.62,19.46,37.7,33.97,7.62,1.25,48.34,12.06,3.89,32.92,0.67,0,2.15,0
10,47.31,52.69,30.2,65.6,4.2,0,0,46.33,12.45,0.97,25.17,0,2.63,12.31,0
11,51.9,48.1,15.52,46.74,27.09,6.23,4.42,52.49,5.06,2.56,35.87,1.32,2.56,0,0
12,49.94,50.06,10.75,59.77,17.08,9.5,2.91,37.53,16.08,0,21.16,3.78,0,21.45,0
13,49.2,50.8,21.81,63.62,14.56,0,0,27.8,19.79,1.77,39.69,1.41,1.3,6.48,1.77
14,41.14,58.86,9.83,72.85,17.35,0,0,51.77,8.52,1.77,27.79,3.07,1.86,5.21,0
15,49.56,50.44,28.21,52.02,16.4,3.37,0,33.54,13.78,0,42.7,0,0.93,5.91,3.13
16,38.92,61.08,1.82,80.03,18.16,0,0,46.16,13.24,9,15.31,2.09,1.78,11.31,1.13
17,48.57,51.43,16.32,52.87,28.12,2.69,0,48.12,10.77,4.78,31.56,3.39,0,1.39,0
18,51.78,48.22,9.59,40.06,30.76,9.7,9.88,44.48,7.7,6.89,31.46,3.36,3.99,2.13,0
19,45.25,54.75,6.37,29.19,46.9,12.49,5.05,42.11,10.86,4.12,24.64,0,4.16,14.09,0
20,48.93,51.07,8.38,22.3,31.02,29.27,9.02,49.85,7.01,7.78,20.34,4.28,10.73,0,0
21,50.84,49.16,9.13,12.27,40.29,30.37,7.94,36.44,5.56,7.47,22.77,4.85,16.49,6.42,0
22,51.44,48.56,4.67,44.12,35.41,8.02,7.78,49.36,3.83,11.72,29.22,1.9,3.55,0.42,0
23,48.27,51.73,1.18,55.4,35.22,8.21,0,54.94,10.16,7.94,20.14,0,3.5,3.31,0
24,45.33,54.67,13.46,46.3,34.74,1.18,4.32,38.22,13.99,8.96,15.4,2.53,3.51,17.4,0
25,55.36,44.64,14.81,43.47,35.91,1.77,4.04,59.27,11.36,2.58,24.15,0,1.2,1.45,0
26,48.37,51.63,10.17,31.66,45.96,9.17,3.05,43.06,11.38,13.99,21.28,6.61,2.56,0,1.12
27,47.37,52.63,0.99,11.88,49.9,15.64,21.59,38.56,2.21,10.19,13.61,5.37,23.56,6.51,0
28,41.77,58.23,2.62,15.23,68.88,7.7,5.57,46.14,6.98,4.83,18.61,1.62,20.17,1.62,0
29,49.26,50.74,6.44,18.47,50.86,15.08,9.15,54.19,6.74,11.47,10.68,0.26,12.88,3.79,0
30,39.65,60.35,1.01,8.76,40.77,20.03,29.44,42.62,6,5.67,7.94,6.76,23.77,6.29,0.95
31,48.01,51.99,3.09,40.25,46.43,8.6,1.64,42.96,4.04,11.07,14.87,7.09,16.75,2.51,0.7
32,51.62,48.38,3.07,33.15,39.12,17.5,7.16,46.35,7.17,10.72,11.45,2.13,21.41,0.77,0
33,46.66,53.34,1.47,3.53,20.45,19.03,55.52,45.79,2.84,8.76,15.46,14.43,12.8,0,0
34,42.62,57.38,0.82,7.61,20.49,26.36,44.72,31.39,4.93,4.24,14.46,12.06,25.51,6.64,0.76
35,45.65,54.35,27.79,37.72,22.79,11.44,0.27,55.88,5.78,8.2,27.64,0,2.5,0,0
36,44.35,55.65,3.03,30.6,43.95,15.54,6.88,35.52,1.81,7.57,20.41,9.26,20.43,5.01,0
37,44.74,55.26,4.97,26.29,45.5,19.12,4.12,49.71,0.47,12.89,22.88,3.72,8.11,2.23,0
38,47.17,52.83,9.77,30.38,37.32,19.1,3.43,44.45,11.1,4.46,14.5,2.38,7.6,13.43,2.13
39,41.41,58.59,8.43,44.12,28.24,10.15,9.05,58.82,8.42,7.24,18.52,2.31,0,4.69,0
40,45.73,54.27,12.78,54.11,26.87,3.69,2.54,49.6,6.36,4.64,24.69,2.14,3,8.94,0.63
41,48.1,51.9,15.48,38.02,36.18,7.23,3.08,52.31,12.3,2.78,24.67,2.57,0.45,4.93,0
42,49.51,50.49,8.43,53.87,27.57,3.12,7.02,50.75,0.75,0,28.48,3.09,2.77,11.42,2.73
43,50.52,49.48,3.51,25.97,55.83,8.71,5.97,44.72,10.16,6.94,21.59,1.68,8.84,6.08,0
44,45.53,54.47,8.84,17.37,51.62,10.84,11.33,54.7,2.67,5.64,19.2,1.25,9.23,7.32,0
45,47.86,52.14,3.34,22.54,66.29,5.32,2.51,44.61,7.32,2.9,16.37,7.24,5.51,13.11,2.93
46,49.26,50.74,15.51,36.39,37.53,4.15,6.42,47.46,3.69,2.07,28.28,4.14,2.07,12.3,0
47,43.89,56.11,7.44,37.84,41.43,8.28,5.01,35.29,5.96,8.38,39.94,2.16,1.19,7.08,0
48,52.56,47.44,15.86,32.86,43.89,1.83,5.56,55.86,2.11,5.41,27.84,1.96,1.92,4.89,0
49,50.97,49.03,5.29,26.03,35.83,18.13,14.72,40.46,8.93,11.04,18.41,2.18,10.42,8.54,0
50,49.48,50.52,0.28,38.42,40.76,16.15,4.4,53.8,5.99,5.63,10.35,3.94,10.78,9.53,0
51,44.87,55.13,0,14.37,29.33,35.94,20.36,48.26,10.57,2.08,14.12,2.08,16.62,5.22,1.05
52,62.69,37.31,1.12,17.92,30.48,16.88,33.61,31.16,2.67,12.11,14.21,12.9,17.64,9.29,0
53,43.18,56.82,3.14,10.37,52.82,20.11,13.57,58.71,4.63,5.45,10.45,1.61,15.92,3.23,0
54,42.11,57.89,1.64,18.97,58.01,8.53,12.85,43,11.22,6.28,13.53,4.06,18.38,3.3,0.24
55,39.77,60.23,1.33,33.91,37.53,20,7.22,36.12,3.27,4.52,28.5,1.5,21.3,4.78,0
56,45.63,54.37,1.09,18.45,39.95,22.72,17.8,38.52,7.16,10.8,17.5,5.64,17.2,2.13,1.07
57,45.24,54.76,0.67,9.62,58.5,16.97,14.24,44.6,5.51,4.97,12.44,4.34,23.68,4.45,0
58,48.2,51.8,3.84,29.07,50.59,10.69,5.82,43.28,16.02,4.78,27.43,0.53,5.83,2.13,0
59,43.18,56.82,7.73,21.51,32.39,13.44,24.93,44.66,7.63,6.29,18.83,3.52,17.17,1.89,0
60,40.01,59.99,3.48,16.06,55.08,4.73,20.65,37.44,1.61,8.02,28.61,8.45,15,0.86,0
61,39.44,60.56,5.31,20.68,47.42,12.8,13.78,34.99,7.71,7.6,29.31,3.82,13.82,2.73,0
62,57.35,42.65,1.03,15.71,48.78,17.24,17.24,29.06,0,6.88,23.2,4.33,28.81,6.01,1.71
63,47.59,52.41,0,2.43,32.06,32.63,32.87,45.1,3.27,2.39,8.45,14.1,21.04,4.78,0.8
64,45.96,54.04,2.77,13.55,41.11,24.78,17.78,41.28,4.25,3.49,13.61,7.51,20.38,7.84,1.63
65,48.48,51.52,0,4.43,37.72,27.78,30.07,56.55,2.65,1.28,14.71,5.99,18.83,0,0
66,40.74,59.26,0.47,10.81,48.09,10.63,30,47.35,6.12,3.68,14.5,9.51,12.3,6.54,0
67,50.08,49.92,0,9.77,29.67,32.67,27.9,42.03,5.59,3.14,24.05,6.66,14.2,4.31,0
68,52.2,47.8,0,5.28,72.25,18.35,4.12,57.46,0,6.27,2.67,8.01,19.1,6.05,0.45
69,47.32,52.68,0,10.91,36.86,21.72,30.5,39.77,0.51,7,24.01,8.75,17.75,2.22,0
70,44.09,55.91,0.53,15.74,57.75,19.03,6.96,57.85,2.49,3.65,9.38,6.47,17.13,3.03,0
71,45.77,54.23,0,10.48,42.18,29.44,17.9,35,5.4,1.09,17.38,1.84,31.74,6.69,0.87
72,43.68,56.32,8.91,6.66,32.29,32.85,19.29,45.79,1.46,2.29,20.39,0,9.34,17.92,2.82
73,48.28,51.72,5.75,17.74,35.37,19.53,21.6,56.04,4.01,3.99,17.26,0,10.58,8.12,0
74,40.97,59.03,0.88,9.92,36.6,31.7,20.9,47.98,2.76,6.52,12.78,5.5,18.89,5.55,0
75,46.07,53.93,0,6.47,37.56,18.15,37.82,34.79,7.53,3.58,16.02,10.57,20.37,7.16,0
76,48.37,51.63,0,14.04,28.43,26.49,31.03,36.3,7.46,6.22,7.1,6.77,31.48,4.65,0
77,44.75,55.25,5.08,18.76,27.11,28.03,21.02,46.66,2.6,4.56,22.29,8.76,15.14,0,0
78,48.24,51.76,0.37,6.85,66.92,15.9,9.96,38.26,2.26,4.64,10.78,4.47,32.83,6.77,0
79,46.35,53.65,0,9.29,41.06,32.55,17.1,46.54,3.59,6.11,10.1,6.12,24.98,2.56,0
80,46.95,53.05,3.53,20.7,43.96,17.47,14.34,45.67,3.04,5.92,23.61,0.55,13.56,7.64,0
81,46.52,53.48,0,1.87,25.15,20.89,52.08,24.81,5.92,2.33,23.28,12.31,20.33,9.71,1.29
82,47.54,52.46,4.54,38.67,44.73,10.41,1.66,40.2,5.89,7.83,27.03,4.34,8.67,4.1,1.96
83,46.77,53.23,1.9,17.41,36.81,22.22,21.66,39.39,2.47,5.11,28.65,7.21,15.2,1.98,0
84,38.77,61.23,0.49,8.18,24.48,35.63,31.22,32.52,3,15.09,19.43,6.75,20.65,2.58,0
85,37.21,62.79,0,5.3,30.98,33.04,30.68,41.28,3.43,10.84,7.47,10.94,22.73,2.12,1.21
86,48.86,51.14,1.8,24.7,34.27,15.21,24.03,37.35,7.51,3.68,33.88,1.58,15.18,0.82,0
87,47.99,52.01,0.76,9.25,44.15,27.28,18.55,40.2,4.81,8.91,25.93,4.86,13.07,2.2,0
88,45.5,54.5,2.29,11.7,39.81,27.37,18.83,33.17,6.97,11.52,12.2,7.12,21.67,7.36,0
89,50.5,49.5,1.06,25.72,33.1,19.47,20.65,31.83,5.17,12.38,28.9,4.56,14.8,2.35,0
90,45.93,54.07,0.51,12.33,19.17,21.55,46.45,30.47,3.75,5.76,31.02,12.48,12.38,4.14,0
91,47.06,52.94,40.64,30.98,14.6,9.62,4.17,57.93,5.63,0.92,27.74,2.76,0,4.91,0
92,38.27,61.73,2.47,26.23,49.38,17.59,4.32,25.16,5.66,5.03,49.06,2.52,5.03,3.14,5.03
93,43.12,56.88,3.24,22.38,40.9,16.23,17.25,31.92,8.3,18.95,19.52,0.42,12.75,8.13,0
94,42.4,57.6,2.73,20.46,45.73,10.27,20.79,29.98,3.73,5.09,30.6,7.16,17.56,5.88,0
95,50.22,49.78,0,22.63,39.1,17.51,20.76,38.87,4.45,8.98,23.96,6.32,15.55,1.88,0
96,51.78,48.22,0.32,8.29,18.93,20.72,51.73,37.77,1.49,11.22,18.92,13.35,17.25,0,0
97,44.74,55.26,0,12.78,38.45,12.94,35.82,36.59,2.39,7.88,22.24,4.32,15.87,7.93,2.79
98,37.28,62.72,20.51,28.22,32.95,10.64,7.71,61.04,2.29,4.31,24.01,1.1,5.41,1.83,0
99,46.79,53.21,13.1,24.79,37.06,16.37,8.68,56.32,6.74,2.19,32.52,0,0,2.19,0
100,45.16,54.84,0.84,25.16,43.67,12.75,17.58,30.03,6.33,6.42,23.62,7.02,20.98,3.66,1.94
101,52.61,47.39,3.45,20.25,31.32,27.21,17.78,39.13,2.6,14.76,29.81,10.62,3.09,0,0
102,46.07,53.93,1.19,18.99,47,19.3,13.53,40.09,0,4.61,34.44,6.31,7.2,6.64,0.71
103,49.73,50.27,1.6,15.18,35.62,27.31,20.33,38.2,8.11,14.93,18.38,3.53,8.03,8.83,0
104,50.03,49.97,0.38,12.15,35.49,23.54,28.44,39.73,7.93,6.78,10.36,12.52,15.06,5.98,1.63
105,45.92,54.08,6.26,12.69,28.71,29.18,23.17,49.69,0,5.96,16.15,10.1,10.98,6,1.14
106,46.39,53.61,39.89,55.85,4.26,0,0,60.9,1.68,0,26.86,0,0,10.56,0
107,44.42,55.58,0.34,7.47,39.35,33.12,19.71,52.41,0,9.74,9.94,6.5,10.82,5.41,5.17
108,51.55,48.45,10.66,50.85,32.54,5.94,0,46.58,5.04,1.12,39.36,1.12,0.73,5.99,0
109,44.25,55.76,21.28,35.31,37.41,6,0,54.12,4.58,2.24,24.81,2.52,0,10.91,0.82
110,49.34,50.66,14.15,29.6,49.85,4.29,2.1,44.21,6.08,4.2,37.49,2.56,1.4,4.06,0
111,52.81,47.19,7.63,41.83,33.34,13.59,3.62,56.67,4.61,0,23.51,10.06,3.56,1.58,0
112,45.66,54.34,31.69,50.56,14.35,0,3.41,51.04,6.8,0,38.77,1,0,2.39,0
113,47.64,52.36,1.78,55.57,39.81,0,2.84,56.15,3.46,0,23.03,9.14,5.02,3.2,0
114,NA,NA,NA,NA,NA,NA,NA,NA,NA,NA,NA,NA,NA,NA,NA
115,46.62,53.38,33.98,46.84,19.18,0,0,36.18,6.63,2.25,50.97,1.73,0,2.25,0
116,49.02,50.98,25.55,57.28,15.08,2.08,0,61.43,5.83,2.55,28.03,0,0,2.16,0
117,51.61,48.39,26.37,48.54,22.41,2.69,0,50.95,0,1.17,36.72,0,0,11.17,0
118,43.26,56.74,15.56,38.21,43.96,1.91,0.36,48,7.71,2.95,29.61,11.18,0,0.54,0
119,50.73,49.27,34.02,49.27,14.17,0,2.54,65.22,7.08,1.1,24.29,1.1,0,1.22,0
120,NA,NA,NA,NA,NA,NA,NA,NA,NA,NA,NA,NA,NA,NA,NA
121,44.35,55.65,27.69,51.64,16.97,3.69,0,47.17,9.67,1.05,36.19,3.15,0,2.77,0
122,47.96,52.04,48.84,30.61,20.55,0,0,44.08,7.66,0,40.2,0,1.73,6.32,0
123,48.98,51.02,28.9,57.58,12.81,0.71,0,51.95,0,4.38,41.49,2.19,0,0,0
124,49.8,50.2,26.47,43.96,21.65,7.93,0,54.16,6.48,8.3,26.93,0,0,2.69,1.44
125,45.38,54.62,25.54,52.68,19.71,0.51,1.56,51.33,6.97,0.74,34.05,0,0,6.92,0
126,46.49,53.51,14.11,54.82,26.12,0.49,4.45,52.51,6.14,5.55,34.28,1.06,0,0.46,0
127,55.58,44.42,10.06,31.41,52.24,5.25,1.05,50.16,6.73,9.02,16.72,3.86,7.61,5.9,0
128,36.96,63.04,10.31,16,43.59,15.77,14.33,50.26,7.92,8.13,8.34,10.22,12.51,2.61,0
129,51.35,48.65,11.14,24.63,47,14.88,2.33,46.37,4.33,13.77,25.22,2.71,3.1,4.46,0
130,47.8,52.2,34.24,48.44,12.31,1.77,3.24,55.15,0.58,5.77,37.55,0,0.88,0,0
131,47.43,52.57,26.49,33.82,32.44,3.34,3.91,53.47,0,5.6,32.82,1.93,0,6.37,0
132,NA,NA,NA,NA,NA,NA,NA,NA,NA,NA,NA,NA,NA,NA,NA
133,38.04,61.96,2.84,28.29,30.28,13.26,25.32,46.62,4.67,7.74,16.89,4.04,10.56,9.48,0
134,45.95,54.05,12.96,21.92,37.17,18.63,9.32,34.61,5.83,15.08,28.12,1.26,3.91,9.96,1.24
135,53.57,46.43,11.19,15.47,48.3,17.54,7.51,56.8,1.16,4.38,18.15,0,9.89,9.62,0
136,43.79,56.21,21.5,39.97,25.4,11.11,2.03,48.37,2.22,9.49,26.2,3.22,0.85,9.64,0
137,51.23,48.77,13.1,36.2,43.74,4.04,2.93,42.13,4.36,8.44,41.35,0,0,3.72,0
138,51.71,48.29,20.56,52.71,14.27,10.2,2.27,70.52,7.25,0,16.48,0.55,0,5.21,0
139,40.55,59.45,22.92,34.69,30.24,12.15,0,69.36,0,0,21.21,2.01,2.01,3.41,2.01
140,49.86,50.14,25.1,40.4,30.98,2.02,1.52,48.54,10.34,6.35,30.53,0.56,0.56,1.81,1.32
141,51.28,48.72,14.71,44.92,34.44,5.93,0,53.88,7.76,10.03,22.97,0,1.17,4.19,0
142,47.87,52.13,32.89,45.82,17.6,2.71,0.98,40.58,15.32,2.78,32.27,3.13,0,5.93,0
143,NA,NA,NA,NA,NA,NA,NA,NA,NA,NA,NA,NA,NA,NA,NA
144,47.76,52.24,13.86,33.98,25.4,10.99,15.77,53.27,2.76,7.26,29.01,4.74,2.96,0,0
145,48.68,51.32,1.85,24,60.98,7.05,6.12,49.77,3.11,10.02,27,4.76,1.33,4.02,0
146,NA,NA,NA,NA,NA,NA,NA,NA,NA,NA,NA,NA,NA,NA,NA
147,42.17,57.83,4.04,59.73,20.52,15.44,0.28,56.24,9.2,0.38,31.57,0.8,1,0.8,0
148,48.45,51.55,24.33,47.42,20.67,6.16,1.4,36.96,7.57,3.66,34.88,1.61,8.97,6.33,0
149,NA,NA,NA,NA,NA,NA,NA,NA,NA,NA,NA,NA,NA,NA,NA
150,44.9,55.1,34.46,60.26,5.27,0,0,45.94,10.65,3.91,32.22,0,1.8,4.25,1.23
151,45.73,54.27,18.04,65.75,14.29,1.07,0.86,54.73,3.14,0,37.17,0.29,0,4.67,0
152,45.71,54.29,33.05,25.89,35.23,2.21,3.63,48.23,0,5.38,35.26,3.65,5.49,1.99,0
153,52.54,47.46,4.53,15.35,49.79,12.82,17.51,29.47,1.68,27.35,23.38,0,10.12,7.99,0
154,49.25,50.75,17.33,26.19,28.58,11.46,16.44,60.97,4.72,0.89,29.28,0,1.77,2.36,0
155,44.19,55.81,25.71,51.81,17.68,4.8,0,47.7,10.67,2.29,29.41,0,0,7.74,2.2
156,53.55,46.45,23.75,34.87,40.61,0.77,0,50.61,8.23,4.74,30.68,2.96,0,2.78,0
157,47.69,52.31,9.02,47.9,36.36,6.72,0,44.67,5.04,3.12,38.73,3.24,1.57,3.62,0
158,34.25,65.75,19.43,28.09,36.08,7.04,9.37,53.16,5.71,23.88,11.42,0,5.83,0,0
159,47.21,52.79,30.95,39.35,25.98,3.1,0.61,32.79,2.94,5.01,50.42,2.94,0,5.9,0
160,42.89,57.11,17.67,47.58,19.57,8.49,6.69,55.82,1.94,6.37,30.37,0.74,4.77,0,0
161,42.52,57.48,29.77,54.14,12.2,0,3.89,55.08,8.51,2.63,27.92,0,1.63,4.23,0
162,47.53,52.47,9.81,58.12,23.12,2.34,6.62,42.12,10.57,5.6,29.76,2.48,0.64,8.82,0
163,44.71,55.29,6.92,31.85,36.9,15.46,8.86,54.19,10.86,7.06,18.42,3.34,1.85,4.27,0
164,49.72,50.28,12.99,39.58,46.06,1.35,0,46.32,6.27,3.01,36.57,0.78,1.5,5.52,0
165,45.32,54.68,18.75,22.64,50.13,5.06,3.42,40.08,3.58,1.82,42.55,0,0,4.81,7.16
166,45.82,54.18,0,29.48,54.78,15.75,0,43,9.75,5.8,20.4,7.79,8.97,4.31,0
167,51.98,48.02,11.31,15.71,55.37,13.54,4.07,49.5,8.24,1.6,22.36,0,10.26,8.03,0
168,45.36,54.64,6.24,29.93,52.79,4.37,6.67,58.59,8.18,4.32,21.66,0.72,5.07,1.46,0
169,48.91,51.09,7.86,25.22,28.08,27.06,11.78,56.39,2.75,4.68,22.8,1.99,3.1,8.3,0
170,44.09,55.91,23.41,46.64,22.62,3.87,3.45,60.44,8.61,8.11,12.94,0.88,4.52,4.51,0
171,49.39,50.61,15.63,50.84,17.19,11.45,4.89,45.93,2.22,15.76,32.89,0,1.06,2.13,0
172,37.32,62.68,7.64,39.42,34.31,16.99,1.64,50.21,0,11.29,37.43,0,1.07,0,0
173,46.89,53.11,13.52,43.38,39.53,0,3.56,49.58,7.63,5.82,34.95,1.91,0,0.11,0
174,45.91,54.09,10.8,74.64,14.56,0,0,54.31,3.24,5.4,27.8,2.56,4.03,2.67,0
175,45.7,54.3,23.67,42.75,30.83,2.76,0,38.38,8.19,1.52,39.29,0,0,10.76,1.86
176,48.28,51.72,13.77,51.9,28.38,5.95,0,27.74,1.55,5.34,39.25,2.19,2.68,1.78,19.47
177,50.38,49.62,37.78,56.25,5.97,0,0,51.94,5.83,0.91,31.25,1.92,0,8.14,0
178,NA,NA,NA,NA,NA,NA,NA,NA,NA,NA,NA,NA,NA,NA,NA
179,NA,NA,NA,NA,NA,NA,NA,NA,NA,NA,NA,NA,NA,NA,NA
180,46.03,53.97,14.17,56.76,26.41,2.49,0.16,57.45,4.81,2.46,25.61,1.41,2.67,5.6,0
181,51.83,48.17,23.2,43.53,19.65,11.85,1.77,63.15,2,1.7,25.09,3.7,0,3.97,0.4
182,44.81,55.19,9.64,39.91,37.6,7.63,5.22,36.2,6.93,6.93,34.61,0,3.17,12.15,0
183,46.41,53.59,12.52,57.84,27.45,2.19,0,53.9,1.57,9.14,31.23,0,0,4.17,0
184,49.82,50.18,24.47,50.25,21.26,4.02,0,54.03,9.8,3.29,28.13,0,0,4.75,0
185,52.6,47.4,48.88,45.43,5.7,0,0,58.23,3.23,2.25,34.71,0,0,1.58,0
186,46.58,53.42,14.48,57.94,22.17,1.75,3.66,62.26,11.09,0,21.07,2.55,3.03,0,0
187,46.19,53.81,33.01,54.59,12.4,0,0,53.58,7.2,3.13,27.94,0.86,0,7.28,0
188,43.43,56.57,41.88,34.02,16.86,3.43,3.81,40.04,5.2,15.71,28.41,0,2.38,8.27,0
189,56.22,43.78,17.83,68.68,8.78,1.04,3.67,61.98,2.91,11.04,24.07,0,0,0,0
190,47.9,52.1,12.13,51.63,29.6,3.05,3.59,73.3,1.46,5.38,15.87,1.99,0.6,1.4,0
191,NA,NA,NA,NA,NA,NA,NA,NA,NA,NA,NA,NA,NA,NA,NA
192,44.84,55.16,7.27,54.68,34.83,1.92,1.3,52.91,1.64,6.47,32.72,1.54,0,4.72,0
193,51.72,48.28,33.9,30.8,27.34,7.95,0,56.88,5.29,6.96,29.34,0,0,1.52,0
194,47.18,52.82,35.09,50.03,14.88,0,0,45.58,7.05,2.03,37.51,0,1.41,6.42,0
195,49.01,50.99,40.27,40.89,9.17,6.54,3.14,60.82,5.28,6.24,26.4,0,1.26,0,0
196,47.86,52.14,16.22,66.28,15.75,0,1.74,44,8.34,4.39,35.13,0,0,5.17,2.98
197,42.84,57.16,21.59,48.74,21.57,6.79,1.3,66.79,6.5,7.78,17.41,0,0,1.5,0
198,49.4,50.6,16.16,59.33,20.78,1.47,2.26,58.33,10.19,3.25,27.38,0,0,0.85,0
199,47.47,52.53,29.41,43.37,22.07,1.79,3.36,49.02,8.25,5.48,19.58,1.08,0,14.11,2.48
200,49.36,50.64,25.46,48.3,22.83,3.41,0,40.35,12.45,4.19,35.8,1.39,0,4.3,1.52
201,44.02,55.98,26.4,48.89,21.04,3.67,0,59.28,13.11,2.85,24.76,0,0,0,0
202,46.69,53.31,15.98,68.33,11.26,4.42,0,65.53,7.62,0.45,25.12,0.11,0,1.16,0
203,43.96,56.04,19.58,61.37,18.33,0.72,0,58.29,10.28,3.53,15.69,0,1.51,9.14,1.55
204,46.15,53.85,44.41,49.05,6.53,0,0,70.31,2.67,2.67,21.45,0,0,2.9,0
205,45.71,54.29,28.08,62.52,8.77,0.63,0,53.08,6.55,2.85,34,0,0,1.42,2.1
206,35.35,64.65,30.26,54.55,15.19,0,0,49.95,3.5,9.42,37.12,0,0,0,0
207,53.41,46.59,28.09,53.19,18.72,0,0,44.81,8.31,13.69,32.3,0,0,0,0.89
208,44.64,55.36,23.1,38.69,31.29,6.91,0,50.65,12.76,2.92,21.26,4.13,4.19,4.08,0
209,49.34,50.66,16.73,49.67,18.47,14.39,0.73,50.32,6.84,1.94,25.36,9.56,1.6,4.39,0
210,45.94,54.06,2.34,32.93,33.17,22.09,9.47,41.59,7.55,5.6,22.33,3.88,11.34,7.73,0
211,42.38,57.62,17.98,41.11,35.92,2.49,2.5,49.57,3.75,6.36,32.46,0,0,7.86,0
212,46.1,53.9,28.63,46.44,20.04,4.9,0,55.29,16.38,3.8,21.81,0.57,0,2.14,0
213,41.45,58.55,13.72,41.62,39.97,4.69,0,53.28,6.81,2.28,32.6,2.02,0.59,0.59,1.84
214,43.26,56.74,33.44,34.87,29.32,2.37,0,53.12,5.58,2.2,34.68,0,1.37,0.85,2.2
215,44.17,55.83,18.89,49.12,24.82,7.17,0,55.2,10.19,5.55,25.08,0,0,3.98,0
216,48.91,51.09,11.02,54.01,26.78,2.88,5.31,44.9,17.32,7.4,25.42,0,0,4.96,0
217,44.07,55.93,17.97,35.21,43.94,1.59,1.29,52.64,4.83,4.86,37.67,0,0,0,0
218,39.98,60.02,8.92,66.31,24.77,0,0,64.67,1.6,5.23,22.17,0,0,6.34,0
219,42.48,57.52,34.14,34.45,31.41,0,0,50.47,2.59,4.13,36.63,0,0,6.17,0
220,56.22,43.78,27.93,35.4,29.72,2.79,4.16,57.79,9.23,2.97,24.49,2.97,1.48,1.05,0
221,43.91,56.09,15.31,41.87,27.62,11.85,3.37,46.33,2.25,9.12,38.42,0,0.91,2.96,0
222,44.21,55.79,15.37,43.81,25.88,11.65,3.29,41.73,4.83,6,30.73,2.78,1.62,12.32,0
223,51,49,22.74,58.27,19,0,0,50.64,4.82,1.28,32.01,4.08,1.96,5.21,0
224,NA,NA,NA,NA,NA,NA,NA,NA,NA,NA,NA,NA,NA,NA,NA
225,47.95,52.05,25.93,63.7,7.39,2.98,0,47.06,8.76,4.1,37.62,0,0,1.64,0.82
226,54.29,45.71,13.32,65.47,21.21,0,0,50.66,10.28,8.92,20.66,0.33,1.32,5.5,2.33
227,51.31,48.69,15.96,54.84,29.2,0,0,59.83,2.03,5.67,24.06,0,0,8.41,0
228,53.67,46.33,34.19,42.17,23.64,0,0,42.52,2.44,9.96,38,1.99,0,4.31,0.77
229,46.21,53.79,33.63,48.51,17.86,0,0,59.37,7.08,4.98,24.57,0,1.49,2.51,0
230,43.76,56.24,19.88,56.72,22.69,0.72,0,60.15,7.16,2.39,23.28,0,0,3.99,3.03
231,49.82,50.18,17.78,59.58,20.69,1.96,0,62.67,5.75,1.71,29.01,0,0,0.86,0
232,49.51,50.49,11.23,60.19,28.41,0.17,0,60.02,2.67,5,28.81,0,0,2.16,1.34
233,50.23,49.77,29.31,42.26,19.13,9.3,0,51.96,0.94,2.82,39.2,0,0,3.75,1.33
234,47.26,52.74,31.13,65.18,0.66,3.03,0,46.36,5.98,4.44,35.23,0.7,0,7.29,0
235,49.55,50.45,35.8,44.37,16.97,2.87,0,42.6,6.72,7.47,37.58,0,0,3.28,2.34
236,39.59,60.41,6.21,10.75,43.63,26.49,12.92,60.65,6.05,2.34,13.98,3.48,9.25,4.23,0
237,48.6,51.4,2.85,31.66,53.25,9.09,3.16,45.66,2.45,6.25,29.39,2.81,9.21,3.3,0.92
238,48.67,51.33,16.12,32.71,33,13.67,4.5,59.06,12.03,3.14,25.08,0,0.71,0,0
239,48.13,51.87,1.25,45.25,44.48,6.32,2.69,62.66,5.66,1.09,21.18,1.7,4.45,3.25,0
240,46.57,53.43,5.29,38.74,42.99,6.83,6.15,49.34,3.17,4.15,26.21,2.74,2.09,11.27,1.03
241,44.96,55.04,18.25,45.44,31.64,0,4.67,52.65,9.13,1,27.96,1,1,7.25,0
242,50.7,49.3,29.26,38.07,24.93,7.73,0,64.76,4.49,9.71,19.01,0,0,0,2.05
243,51.38,48.62,15.67,39.74,41.9,2.69,0,39.03,4.72,5.74,38.93,6.04,1.41,3.42,0.72
244,51.92,48.08,27.4,53.18,14.73,2.93,1.76,62.23,7.17,1.4,26.19,0,0,3,0
245,45.26,54.74,21.33,37.14,29.88,10.42,1.23,59.24,0.83,0.83,32.42,0.83,2.5,3.34,0
246,43.12,56.88,11.41,56.19,30.98,1.41,0,70.61,6.55,0.79,14.73,0,0.79,5.73,0.79
247,48.68,51.32,12.55,35.88,44.73,2.23,4.62,49.57,15.25,3.87,22.08,2.84,0.95,5.45,0
248,NA,NA,NA,NA,NA,NA,NA,NA,NA,NA,NA,NA,NA,NA,NA
249,49.54,50.46,22.22,44.31,19.62,13.22,0.63,39.03,0,4.36,44.13,0,2.05,8.37,2.07
250,49.38,50.62,4.33,32.07,51.08,12.02,0.5,39.26,26.49,6.92,12.73,0,8.11,6.47,0
251,54.22,45.78,7.33,38.7,39.58,13.46,0.93,27.45,1.42,11.15,29.03,6.08,1.42,23.45,0
252,40.57,59.43,25.11,49.22,17.96,1.65,6.05,54.53,7.35,2.04,24.35,0,2.43,9.3,0
253,46.9,53.1,43.88,43.65,8.76,3.71,0,66.05,3.42,0.89,24.75,1.77,1.35,1.77,0
254,47.91,52.09,10.36,21.87,49.84,8.45,9.48,69.46,5.2,0.59,12.04,3.27,8.28,1.17,0
255,46.72,53.28,21.24,52.25,23.04,3.47,0,49.55,16.36,2.17,23.31,0,3.49,5.12,0
256,46.26,53.74,27.85,50.72,19.8,1.35,0.28,50.41,10.36,7.75,23.17,2.35,1.71,4.26,0
257,47.67,52.33,20.36,44.96,32.42,2.27,0,54.07,5.42,3.39,24.86,0,2.26,10,0
258,43.7,56.3,29.44,53.09,17.47,0,0,67.96,10.17,6.21,10.85,0,0,4.8,0
259,46.81,53.19,14.54,72.04,13.43,0,0,50.79,5.18,0,33.05,1.67,0,9.31,0
260,45.84,54.16,31.24,45.09,23.67,0,0,44.04,14.84,2.4,29.53,2.4,4.42,2.36,0
261,43.98,56.02,25.6,31.16,43.24,0,0,61.02,2.04,5.69,24.05,0,0.65,6.54,0
262,47.5,52.5,17.35,67.23,14.39,0,1.03,51.04,6.71,2.11,32.16,0,1.66,4.22,2.11
263,44.93,55.07,22.73,63.42,13.85,0,0,60.88,4.33,1.74,30.63,0,0,2.42,0
264,53.86,46.14,16.89,45.08,38.03,0,0,48.57,4.88,3.76,30.69,2.84,1.15,4.33,3.76
265,48.1,51.9,27.96,28.11,32.26,11.66,0,45.9,12.68,6.01,26.58,1.37,0,7.48,0
266,49.22,50.78,23.42,60.2,16.38,0,0,36.13,9.49,2.51,39.43,9.2,0,3.25,0
267,44.94,55.06,13.36,52.9,30.23,0.54,2.97,51.37,7.05,4.79,29.5,1.18,0,5.08,1.01
268,52.19,47.81,4.73,11.26,32.71,19.08,32.22,39.11,6.69,1.63,10.87,13.74,20.26,7.69,0
269,43.25,56.75,5.21,12.13,40.03,23.17,19.46,40.22,1.13,1.07,30.32,2.16,14.61,9.58,0.92
270,45.48,54.52,0,17.32,56.83,13.3,12.55,46.79,9.17,2.74,16.98,7.31,16.06,0.92,0
271,NA,NA,NA,NA,NA,NA,NA,NA,NA,NA,NA,NA,NA,NA,NA
272,44.8,55.2,6.86,31.96,48.07,11.56,1.55,45.97,7.13,3.53,28.38,6.26,7.54,1.2,0
273,39.38,60.62,7.89,49.69,31.7,6.98,3.74,38.12,5.54,2.02,43.81,5.62,0.82,4.08,0
274,44.71,55.29,3.04,37.93,35.78,19.27,3.98,37.69,13.95,6.39,32.05,0.98,5.22,2.75,0.98
275,53.41,46.59,4.73,16.96,53.06,12.47,12.77,46.07,10.76,11.25,14.06,7.97,9.24,0.66,0
276,50.11,49.89,14.17,43.18,37.31,2.97,2.37,47.02,11.37,4.16,28.12,0,2.51,6.82,0
277,45.73,54.27,19.17,36.58,31.92,11.74,0.59,57.73,5.24,0,26.04,1.37,2.75,6.86,0
278,48.2,51.8,25.76,53.94,19.35,0.95,0,59.35,8.35,3.13,22.62,1.24,0.24,5.06,0
279,39.25,60.75,28.95,64.19,6.87,0,0,57.37,1.32,3.32,29.67,0.75,0,7.56,0
280,35.03,64.97,2.34,26.86,47.53,15.58,7.7,53.02,1.27,2.73,26.7,0,13.06,3.21,0
281,40.46,59.54,3.87,13.46,46.43,16.66,19.58,43.07,4.95,8.11,27.29,3.18,5.77,6.92,0.72
282,45.38,54.62,20.04,32.31,42.84,4.07,0.74,46.74,7.59,1.04,22.69,1.04,5.78,15.12,0
283,46.55,53.45,17.05,25.56,47.93,7.24,2.21,56.63,8.67,4.55,20.53,0,0.81,7.98,0.81
284,49.73,50.27,19.31,52.31,24.24,1.62,2.52,54.48,4.03,1.28,27.99,2.83,1.55,5.66,2.19
285,48.5,51.5,19.78,56.28,21.55,2.38,0,52.01,9,2.25,26.91,3.46,0.86,4.69,0.82
286,45.45,54.55,8.77,27.12,56.42,0,7.68,79.35,0.96,0,11.23,0,4.85,3.61,0
287,47.58,52.42,10.33,39.88,35.87,2.45,11.48,50.53,4.76,7.91,25.3,6.73,0.89,2.99,0.89
288,49.14,50.86,23.92,51.92,21.54,0.54,2.08,40.69,9.86,14.36,30.01,0.73,2.66,1.67,0
289,45.9,54.1,22.7,28.85,36.27,12.17,0,56.46,7.82,0,32.05,0,1.58,0,2.08
290,48.24,51.76,11.14,77.26,11.6,0,0,51.75,4.31,5.61,25.52,2.37,0.87,9.56,0
291,50.51,49.49,15.47,45.85,30.14,5.44,3.11,53.67,7.56,4.47,30.48,0,0,3.61,0.21
292,47.37,52.63,36.24,23.96,38.45,1.35,0,65.96,4.38,0.78,23.27,2.28,0,3.33,0
293,46.04,53.96,31.97,49.96,11.29,2.23,4.56,54.14,5.67,3.86,28.39,0,1.82,6.12,0
294,45.96,54.04,24.44,71.63,3.93,0,0,77.84,3.15,0,19.01,0,0,0,0
295,48.55,51.45,26.61,49.31,22.47,1.62,0,57.12,3.59,2.26,34.76,0,0,2.26,0
296,48.17,51.83,49.69,50.31,0,0,0,54.36,0,0,45.56,0,0,0,0
297,47.33,52.67,16.48,34.5,33.44,3.44,12.14,48.49,3.18,3.98,22.05,9.16,5.25,8.04,0
298,46.47,53.53,37.98,48.69,10.08,3.26,0,63.9,3.85,0.84,23.82,0.38,0,6.04,1.17
299,47.09,52.91,36.59,42.82,13.55,7.04,0,54.25,8.69,2.08,25.69,0,0,9.3,0
300,43.82,56.18,1.59,14.65,42.67,21.25,19.84,54.72,6.13,0,13.29,12.45,4.98,8.43,0
301,48.79,51.21,2.71,5.26,40.98,22.71,28.35,37.33,5.11,5.19,30.56,2.96,14.76,4.07,0
302,46.46,53.54,3.55,18.28,24.16,36.72,17.28,43.83,4.37,5.59,15.26,6.3,13.8,10.84,0
303,50.92,49.08,3.46,40.6,44.05,8.68,3.21,41.83,9.89,5.36,27.5,1.77,3.63,9.13,0.89
304,47.57,52.43,16.52,68.04,11.05,4.4,0,59.58,4.2,2.61,26.16,0,2.32,2.17,2.97
305,43.49,56.51,14.96,64.87,19.92,0.26,0,62.03,7.18,1.14,22.73,0,0.55,5.27,1.09
306,45.44,54.56,22.89,59.49,17.61,0,0,55.92,5.26,6.55,28.91,0,0.97,1.27,1.12
307,46.97,53.03,21.42,53.65,22.94,1.99,0,55.03,6.21,0.54,28.56,0,1.29,8.39,0
308,52.77,47.23,47.18,46.39,6.43,0,0,47.64,6.77,6.61,21.74,0,0,17.25,0
309,48.27,51.73,33.92,41.66,22.02,2.4,0,55.55,3.18,1.26,35.31,0.48,0,3.54,0.68
310,42.71,57.29,37.79,46.91,15.29,0,0,33.87,7.52,0,44.11,0,0,8.5,6.01
311,44.16,55.84,32.77,58.77,8.21,0.25,0,65.83,6.88,1.98,24.64,0,0,0.67,0
312,45.56,54.44,19.22,37.14,31.29,8.92,3.43,55.62,1.62,5.32,19.19,2.7,6.87,8.67,0
313,42.93,57.07,23.48,54.8,13.37,5.65,2.7,61.59,6.58,7.5,22.65,1.69,0,0,0
314,48.33,51.67,11.86,75.63,10.16,0,2.35,66.38,1.34,1.81,26.67,0.04,0.84,2.92,0
315,48.97,51.03,27.74,52.41,17.67,2.18,0,57.68,3.61,1.6,29.09,1.42,0.29,4.19,2.11
316,45.65,54.35,0,6.67,56.75,20.95,15.62,54.19,3.2,2.63,7.75,9.61,17.85,3.98,0.78
317,48,52,0.16,3.27,20.55,18.49,57.52,53.2,4.47,3.26,13.36,10.5,11.39,3.54,0.28
318,41.34,58.66,0.4,40.58,45.75,6.27,7,63.57,7.25,3.11,12.26,1.51,6.33,5.21,0.75
319,54.52,45.48,6.93,22.19,26.52,6.92,37.44,54.46,3.18,1.7,18.21,10.71,8.83,2.91,0
320,45.52,54.48,42.77,43.18,7.37,1.65,5.02,60.2,15.1,1,16.03,1.85,4.51,1,0.31
321,47.77,52.23,5.75,6.96,18.17,18.53,50.59,50.64,2.51,2.19,19.18,6.89,10.31,8.28,0
322,42.97,57.03,4.31,24.33,38.58,23.88,8.9,49.27,7.08,4.2,9.46,9.27,7.98,12.41,0.35
323,52.77,47.23,9.02,47.18,38.32,4.61,0.86,51.61,1.95,1.57,31.78,0,3.75,6.27,3.07
324,37.87,62.13,31.45,50.11,18.43,0,0,40.5,2.2,0,52.16,0,0,3.44,1.69
325,45.75,54.25,12.5,50.6,33.47,3.43,0,51.84,12.69,5.44,23.91,0,4.93,1.19,0
326,43.67,56.33,22.3,36.6,35.73,5.37,0,63.16,5.2,1.79,25.17,1.83,2.59,0.26,0
327,45.15,54.85,14.82,29.19,13.51,17.65,24.82,56.35,3.72,3.17,21.09,5.05,5.75,4.87,0
328,47.63,52.37,1.43,26.73,27.62,25.67,18.55,48.35,4.55,4.18,25.46,4.97,5.58,6.09,0.83
329,55.04,44.96,8.16,31.06,29.81,12.22,18.76,51.47,2.78,1.96,28.33,5.29,4.75,5.42,0
330,45.44,54.56,16.12,46.4,31.16,4.54,1.78,59.12,1.6,4.13,19.53,2.05,3.42,9.54,0.6
331,40.77,59.23,3.6,65.78,21.65,4.71,4.25,53.11,0.55,7.32,28.06,1.97,0.55,8.44,0
332,49.61,50.39,35.55,38.64,24.44,0.35,1.02,53.72,15.12,0,17.68,6.82,6.66,0,0
333,48.54,51.46,13.84,57.85,26.59,1.72,0,55.6,5.12,6,33.27,0,0,0,0
334,53.89,46.11,11.45,58,25.43,0.79,4.33,57.4,1.3,2.03,31.2,4.34,1.03,2.7,0
335,42.88,57.12,19.04,34.73,33.96,6.41,5.85,48.14,9.63,2.63,33.76,2.93,0.31,2.61,0
336,49.25,50.75,1.99,77.37,13.81,4.54,2.28,71.1,2.29,0.64,17.95,0,1.33,6.7,0
337,49.3,50.7,8.95,38.33,35.07,7.64,10.01,37.77,5.84,8.65,43.55,0,2.1,2.1,0
338,46.02,53.98,37.15,29.29,25.47,3.7,4.39,54.14,4.57,4.45,34.07,0,2.77,0,0
339,NA,NA,NA,NA,NA,NA,NA,NA,NA,NA,NA,NA,NA,NA,NA
340,45.43,54.57,4.38,22.43,24.66,17.5,31.03,37.19,8.58,6.64,20.49,5.52,18.74,2.41,0.46
341,45.9,54.1,1.05,25.71,40.78,18.24,14.21,71.96,0.44,4.67,18.99,2.47,0,1.44,0
342,43.12,56.88,5.09,23.49,54.22,12.01,5.19,49.47,11.65,6.58,26.45,0,2.68,3.18,0
343,53.03,46.97,14.26,54.6,29.89,1.23,0,48.24,1.62,9.72,31.75,3.53,3.53,1.62,0
344,48.14,51.86,10.86,50.1,35.11,3.37,0.56,58.65,7.2,1.53,19.58,4.35,4.79,3.91,0
345,43.76,56.24,12.9,69.55,17.56,0,0,56.23,0,4.57,26.38,2.94,0,9.88,0
346,NA,NA,NA,NA,NA,NA,NA,NA,NA,NA,NA,NA,NA,NA,NA
347,51,49,20.08,48.35,29.78,1.43,0.35,64.61,1.2,2.53,27.81,0.54,0,3.32,0
348,49.01,50.99,35.18,47.32,13.33,3.01,1.16,51.84,3.77,7.27,29.38,4.29,0,3.46,0
349,NA,NA,NA,NA,NA,NA,NA,NA,NA,NA,NA,NA,NA,NA,NA
350,49.61,50.39,32.72,49.39,17.89,0,0,71.04,3.54,13.01,11.07,0,0,1.33,0
351,43.96,56.04,25.6,63.45,10.59,0.35,0,57.42,0,15.84,25.44,0,0,0.9,0.4
352,NA,NA,NA,NA,NA,NA,NA,NA,NA,NA,NA,NA,NA,NA,NA
353,NA,NA,NA,NA,NA,NA,NA,NA,NA,NA,NA,NA,NA,NA,NA
354,NA,NA,NA,NA,NA,NA,NA,NA,NA,NA,NA,NA,NA,NA,NA
355,53.17,46.83,24.36,57.6,18.04,0,0,54.26,10.51,2.39,24.77,0.92,0,7.15,0
356,48.46,51.54,42.51,51.36,5.17,0.96,0,64.44,2.63,3.29,25.35,1.32,0,2.98,0
357,38.82,61.18,23.48,74.7,1.84,0,0,60,2.82,0,37.18,0,0,0,0
358,50.8,49.2,36.31,45.36,8.84,5.69,3.79,46.52,7.41,10.82,32.03,3.23,0,0,0
359,55.28,44.72,39.42,36.47,18.13,2.51,3.47,34.35,3.78,2.55,49.02,7.83,2.47,0,0
360,57.62,42.38,35.52,42.36,22.13,0,0,38.19,7.8,3.93,46.13,0,0,3.93,0
361,47.58,52.42,45.53,46.42,4.49,3.56,0,52.77,4.72,3.02,36.21,0,0,3.27,0
362,56.24,43.76,9.86,15.54,64.83,7.57,2.2,50.94,4.04,14.84,7.46,3.53,12.82,6.37,0
363,42.11,57.89,6.89,51.7,30.32,6.75,4.34,49.93,7.29,6.88,19.77,2.33,3.58,10.22,0
364,52.3,47.7,50.91,42.16,4.87,2.06,0,53.27,0,2.67,32.44,4.56,0,7.06,0
365,43.28,56.72,16.2,37.88,28.46,17.46,0,57.05,3.31,3.55,22.6,1.77,2.43,9.29,0
366,51.04,48.96,8.51,59.5,21.43,10.56,0,48.85,8.7,6.44,24.83,3.82,5.33,2.02,0
367,47.94,52.06,15.98,28.96,30.05,21,4.02,35.27,6.03,9.42,33.34,1.94,1.56,12.45,0
368,46.06,53.94,12.3,49.06,37,0.41,1.23,63.56,16.98,2.2,2.35,0,1.08,13.83,0
369,41.51,58.49,14.28,37.58,37.38,7.44,3.32,44.33,8.22,16.72,19.79,0,0,9.6,1.33
370,43.77,56.23,13.8,47.88,34.47,3.18,0.67,41.35,16.59,9.19,20.56,0,7.11,5.2,0
371,42.03,57.97,13.97,51.47,29.1,2.95,2.51,61.37,4.21,12.38,13.87,0,0,8.17,0
372,50.34,49.66,37.62,23.59,29.85,8.6,0.34,58.58,0.92,0,24.84,1.05,7.64,6.97,0
373,53.46,46.54,18.66,49.44,30.71,1.19,0,61.74,7.36,0,26.38,1.33,0,3.2,0
374,NA,NA,NA,NA,NA,NA,NA,NA,NA,NA,NA,NA,NA,NA,NA
375,53.27,46.73,21.46,49.84,28.71,0,0,51.9,8.05,1.49,35.45,0,0,3.11,0
376,49.39,50.61,33.28,48.11,16.89,1.72,0,49.17,11.67,2.91,30.29,0,1.38,4.58,0
377,46.12,53.88,25.84,47.44,21.49,4.03,1.2,52.76,13.87,2.06,26,2.11,0,2.78,0.42
378,45.93,54.07,20.95,63.66,15.39,0,0,55.67,11.42,5.24,20.12,0,2.02,5.53,0
379,40.62,59.38,15.64,57.11,26.6,0.65,0,54.61,4.19,1.96,25.9,3.32,0,7.2,2.81
380,52.36,47.64,21.57,49.75,28.68,0,0,61.6,2.1,6.25,28.76,0,0,1.29,0
381,NA,NA,NA,NA,NA,NA,NA,NA,NA,NA,NA,NA,NA,NA,NA
382,47.68,52.32,39.33,46.52,11.59,2.57,0,56.42,11.32,2.95,17.52,4.95,0.24,6.61,0
383,48.7,51.3,38.22,39.53,20.98,1.27,0,54.83,5.13,5.36,27.46,0,0,7.21,0
384,45.64,54.36,45.29,38.82,15.89,0,0,41.38,9.86,7.98,34.74,2.06,0,3.98,0
385,NA,NA,NA,NA,NA,NA,NA,NA,NA,NA,NA,NA,NA,NA,NA
386,55.52,44.48,43.22,41.68,15.13,0,0,32.7,2.1,0,55.25,2.51,0,4.92,2.51
387,48.8,51.2,17.82,67.01,12.64,0,2.52,57.25,1.45,11.71,23.85,0,0,5.75,0
388,49.62,50.38,35.53,44.7,19.75,0,0,51.71,10.84,0,32.26,0,0,5.16,0
389,45.8,54.2,34.86,37.23,19.39,2.5,6.02,34.53,1.11,16.76,33.5,2.88,10.34,0.86,0
390,50.25,49.75,40.19,41.92,16.97,0,0.91,48.81,0,12.03,39.19,0,0,0,0
391,46.42,53.58,38.04,47.82,11.34,2.8,0,51.9,6.8,6.78,28.64,0,1.99,3.89,0
392,NA,NA,NA,NA,NA,NA,NA,NA,NA,NA,NA,NA,NA,NA,NA
393,46.62,53.38,33.13,44.31,22.56,0,0,53.8,6.57,2.43,33.61,0,0,3.6,0
394,50.95,49.05,33.03,50.68,16.29,0,0,43.14,15.92,4.96,32.34,0.81,0.94,1.87,0
395,50.21,49.79,28.09,51.13,20.04,0.74,0,62.31,3.05,18.3,14.64,1.01,0,0.69,0
396,50.92,49.08,26.55,52.83,17.17,0.95,2.5,49.26,5.59,7.5,34.89,0,0,1.6,1.15
397,48.77,51.23,23.84,73.69,2.47,0,0,62.46,7.85,2.99,20.25,0,0,6.44,0
398,45.92,54.08,34.67,57.22,7.27,0.47,0.37,55.15,18.45,1.99,16.32,0.42,0.83,6.84,0
399,48.99,51.01,40.97,53.04,5.99,0,0,52.67,5.55,4.04,33.51,0,0,2.77,1.46
400,43.97,56.03,33.87,43.7,22.43,0,0,57.27,3.99,3.42,25.96,2.31,0,7.05,0
401,45.94,54.06,32.05,53.02,10.32,4.18,0.43,44.42,8.73,4.01,29.78,2.35,3.26,7.44,0
402,48.37,51.63,33.89,39.43,26.68,0,0,41.99,2.55,2.42,42.61,8.03,0,1.2,1.2
403,49.22,50.78,34.22,49.27,15.62,0,0.89,41.75,20.69,4.35,29.33,0,0,3.87,0
404,45.26,54.74,23.57,45.11,28.93,0.45,1.94,40.26,4.94,14.92,28.81,3.59,1.07,6.41,0
405,48.09,51.91,14.58,38.59,33.99,5.11,7.73,53.33,3.2,10.36,25.21,2.33,1.39,2.81,1.37
406,45.41,54.59,12.98,22.48,51.36,5.6,7.58,42.18,4.35,3.03,37.5,6.46,6.47,0,0
407,50.38,49.62,22.23,52.64,23.47,1.66,0,49.5,5.56,4.95,36.1,1.69,2.2,0,0
408,47.49,52.51,41.86,49.78,8.36,0,0,48.45,4.23,1.4,41.93,0,0,3.98,0
409,50.56,49.44,44.36,40.3,15.34,0,0,59.42,3.12,2.8,33.45,0,0,1.19,0
410,45.25,54.75,65.28,30.66,4.06,0,0,48.79,9.35,4.56,31.62,0,0,1.47,4.21
411,50.47,49.53,26.23,40.64,33.13,0,0,57.91,1.44,12.7,26.5,0,0,1.44,0
412,48.64,51.36,20.05,53.4,22.71,2.75,1.09,61.32,0.93,2.63,25.27,2.83,0.74,5.26,1.02
413,48.12,51.88,32.39,24.49,34.81,6.09,2.23,34.79,7.66,1.5,41.54,2.56,6.4,1.5,4.06
414,51.76,48.24,41.99,43,10.91,4.1,0,34.11,3.22,16.97,27.9,0.74,1.87,12.24,2.95
415,50.21,49.79,33.8,61.94,4.26,0,0,46.15,9.24,10.33,30.34,0,0,3.94,0
416,46.55,53.45,12.65,69.88,14.85,2.62,0,50.04,9.73,1.66,31.8,0,0.3,6.47,0
417,47.21,52.79,9.63,39.22,38.41,6.78,5.95,37.75,3.27,6.15,28.95,1.88,4.59,17.42,0
418,50.75,49.25,20.93,42.83,27.42,2.37,6.45,56.89,12.62,5.33,16.83,0,0,5.33,3.01
419,43.99,56.01,20.69,29.42,42.72,5.56,1.6,57.34,7.3,6.72,27.61,0,0.28,0.76,0
420,50.85,49.15,13.32,47.87,22.98,1.64,14.19,54.57,0.95,6.83,24.58,5.72,0,7.3,0
421,48.85,51.15,9.65,52.3,29.77,3.39,4.9,47.21,7.81,5.09,34.14,0,1.38,4.38,0
422,45.19,54.81,1.07,23.43,42.69,18.99,13.82,42.5,17.06,6.52,20.09,1.65,4.82,6.41,0.95
423,47.35,52.65,2.28,37.45,47.45,10.59,2.24,72.04,1.58,4.06,19.81,0,0,2.53,0
424,42.89,57.11,5.26,51.48,39.07,2.01,2.18,48.66,6.73,5.21,29.98,6.11,0.96,1.17,1.18
425,50.53,49.47,25.87,43.66,30.47,0,0,51.44,4.08,0.41,37.88,0,0,6.19,0
426,46.59,53.41,3.3,24.28,50.09,20.03,2.3,63.2,0.22,4.06,22.72,0,6.37,2.25,1.2
427,50.67,49.33,6.43,39.03,52.38,1,1.16,58.55,10.76,3.29,20.82,0.75,0.75,5.07,0
428,46.03,53.97,13.79,51.46,27.7,7.06,0,54.28,18.44,2.3,13.57,0,2.3,9.1,0
429,55.76,44.24,5.44,38.22,50.38,3.34,2.61,49.05,1.28,7.13,39.44,0,0,3.09,0
430,53.57,46.43,14.21,52.48,25.94,7.37,0,76.37,0.19,0.82,16.36,0.99,0.82,3.46,0.99
431,43.66,56.34,17.58,50.63,27.89,3.9,0,62.32,5.75,3.47,23.4,0,0.74,4.33,0
432,44.27,55.73,8.55,46.18,31.88,6.27,7.13,50.63,8.14,7.1,27.63,4.51,0,2,0
433,50.12,49.88,22.44,57.33,20.22,0,0,60.31,4.7,5.51,27.63,0,0,1.86,0
434,50.71,49.29,41.76,55.97,2.24,0,0,50.22,1.14,2.8,36.63,4.29,0,4.91,0
435,48.4,51.6,18.77,37.28,40.6,3.35,0,61.24,3.27,3.18,27.11,1.3,1.3,2.6,0
436,43.62,56.38,14.52,53.87,31.61,0,0,40.45,4.94,7.07,37.71,1.4,1.29,6.43,0.7
437,47.8,52.2,32.95,49.03,18.02,0,0,57.33,6.83,2.73,29.36,1.66,0.83,1.27,0
438,49.63,50.37,33.07,52.71,14.22,0,0,57.2,4.7,0,30.61,0.24,0,7.26,0
439,48.98,51.02,27.63,48.49,20.81,3.07,0,62.39,2.54,5.1,25.92,0,0,4.07,0
440,46.35,53.65,15.77,51.58,22.19,10.46,0,58.63,7.44,4.38,23.24,1.1,1.39,3.81,0
441,42.16,57.84,31.36,37.12,29.2,2.32,0,59.17,5.13,6.95,20.48,0,0,8.27,0
442,41.73,58.27,19.35,44.63,32.47,3.54,0,37.2,20.73,17.67,19.2,0.86,0,4.33,0
443,48.85,51.15,24.05,47.85,28.1,0,0,43.8,7.21,8.89,40.13,0,0,0,0
444,44.92,55.08,28.75,63.73,5.61,1.9,0,49.84,4.43,10.76,26.2,0,0.65,4.11,4
445,47.14,52.86,10.1,37.5,46.87,2.15,3.38,70.82,0.98,0,23.19,0,0.97,4.05,0
446,49.41,50.59,8.82,37.96,44.66,4.74,3.82,58.19,4.89,4.26,27.03,2.72,0.17,2.72,0
447,48.93,51.07,2.15,20.56,53.6,17.61,6.08,50.93,1.17,4.31,17.97,4.16,6.49,13.13,1.83
448,48.78,51.22,4.86,30.45,43.51,12.78,8.4,55.77,13.69,3.27,12.88,5.37,5.34,3.68,0
449,44.95,55.05,4.14,20.53,56.7,12.57,6.07,51.02,8.56,7.79,20.68,0.95,2.77,5.46,2.77
450,48.76,51.24,21.16,47.84,25.01,4.76,1.23,59.43,6.56,4.03,24.73,0.18,0.98,3.88,0.21
451,44.47,55.53,11.79,64.39,17.63,4.62,1.57,52.38,5.27,2.18,32.84,2.82,3.27,1.24,0
452,44.57,55.43,23.39,45.61,30.99,0,0,60.7,4.68,2.16,26.73,0,0,5.74,0
453,46.18,53.82,24.1,36.37,39.54,0,0,51.98,2.58,12.51,21.42,0,2.58,8.94,0
454,50.96,49.04,21.41,43.09,33.35,2.15,0,60.55,5.29,1.12,23.02,0.52,0.71,8.79,0
455,55.39,44.61,29.45,27.33,34.72,1.64,6.85,55.56,6.1,4.63,29.76,3.94,0,0,0
456,49.86,50.14,24.34,63.2,9.43,0,3.02,54.04,6.73,0.75,30.9,1.15,0.93,5.49,0
457,52.32,47.68,18.3,56.67,20.8,4.22,0,55.5,4.36,1.81,27.22,0,0,10.22,0.9
458,47.95,52.05,13.25,61.91,24.84,0,0,59.28,9.85,0,24.82,0,0,6.05,0
459,43.04,56.96,25.47,63.66,10.69,0,0.18,65.75,8.11,0,22.91,0,0,2.6,0.63
460,51.57,48.43,10.59,45.9,33.06,8.75,1.7,59.71,2.4,14.85,23.04,0,0,0,0
461,42.42,57.58,11.32,56.19,29.31,3.18,0,65.01,8.44,7.12,19.42,0,0,0,0
462,45.47,54.53,22.07,56.92,18.16,2.84,0,61.42,6.87,4.64,25.43,0,0,1.65,0
463,41.07,58.93,27.43,59.95,12.62,0,0,46.74,4.4,4.12,37.3,3.17,0,4.26,0
464,47.76,52.24,29.86,42.69,25.1,2.35,0,48.66,9.57,8.24,29.72,0,0,3.81,0
465,48.14,51.86,24.2,48.35,25.89,1.56,0,76.25,7.08,2.12,12.42,0,0,1.15,0.98
466,52.98,47.02,29.72,56.23,14.05,0,0,49.65,9.22,7.49,29.44,0.86,0,3.34,0
467,53.58,46.42,25.09,57.34,13.76,2.66,1.14,53.61,9.33,1.22,26.96,0,0,8.88,0
468,45.47,54.53,24.1,58.29,17.61,0,0,49.41,3.42,4.82,35.17,0.66,0.99,5.53,0
469,57.3,42.7,37.87,48.4,11.98,1.75,0,49.51,4.77,4.77,36.87,0,0,4.07,0
470,48.79,51.21,30.92,45.03,24.05,0,0,58.62,0,6.45,26.26,0,0,8.67,0
471,51.36,48.64,34.41,48.09,13.59,1.41,2.5,44.48,4.02,8.34,34.4,3.06,0,4.11,1.61
472,50.08,49.92,14.89,73.27,11.84,0,0,38.07,13.96,3.35,38.31,0,1.73,4.57,0
473,47.36,52.64,23.52,54.95,14.49,7.04,0,47.23,6.39,2.49,38.13,2.89,0,2.89,0
474,47.17,52.83,41.79,53.29,4.92,0,0,31.8,18.32,2.21,45.46,0,0,2.21,0
475,50.27,49.73,34.23,46.65,17.67,1.44,0,40.14,10.93,9.77,30.98,0,0,7.29,0.89
476,42.66,57.34,26.02,45.85,20.82,4.87,2.45,66.84,6.88,6.86,17.11,0,0,2.31,0
477,49.79,50.21,17.8,32.03,24.87,8.69,16.62,53.33,6.53,4.12,12.66,12.64,5.21,5.51,0
478,NA,NA,NA,NA,NA,NA,NA,NA,NA,NA,NA,NA,NA,NA,NA
479,NA,NA,NA,NA,NA,NA,NA,NA,NA,NA,NA,NA,NA,NA,NA
480,44.09,55.91,13.01,66.1,20.26,0,0.62,53.1,4.31,10.46,25.96,0,1.54,4.63,0
481,52.29,47.71,14.35,69.79,15.86,0,0,49.96,5.06,5.51,31.31,0,1.45,3.96,2.76
482,44.38,55.62,20.94,56.54,21.15,0,1.37,54.46,1.69,7.71,34.24,0,1.93,0,0
483,57.76,42.24,1.39,30.19,37.45,4.37,26.6,47.19,4.75,2.61,18.41,18.01,8.97,0,0
484,48.1,51.9,25.49,62.13,11.44,0.94,0,62.18,3.48,4.16,27.79,0,0,2.4,0
485,47.33,52.67,20.15,54.92,21.29,3.64,0,56.5,3.55,9.2,24.99,2.16,0,3.61,0
486,49.61,50.39,21.42,66.89,11.69,0,0,46.09,6.14,7.77,34.88,0,0,5.12,0
487,46.77,53.23,10.59,54.24,28.67,1.28,5.23,59.34,4.98,6.45,26.39,2.84,0,0,0
488,53.82,46.18,28.87,51.12,8.86,4.14,7,46.2,7.8,1.87,35.77,3.56,1.38,3.42,0
489,54.46,45.54,15.94,24.96,45.7,3.03,10.37,59.03,6.08,7.49,18.23,2.75,2.33,4.08,0
490,42.14,57.86,8.13,33.16,41.77,10.15,6.79,53.54,3.01,13.43,18.46,1.5,4.13,5.96,0
491,38.78,61.22,14.89,29.57,34.49,8.32,12.72,47.35,7.21,3.68,29.22,9.18,0.84,2.53,0
492,49.65,50.35,12.54,41.02,38.96,6.88,0.61,53.68,5.59,3.69,20.6,1.05,9.08,6.31,0
493,46.84,53.16,26.72,46.46,26.82,0,0,64.57,2.21,6.09,24.97,1.2,0,0.96,0
494,48.88,51.12,18.8,47.6,20.43,7.81,5.36,55.95,2.73,6.07,17.56,1.41,6.03,10.25,0
495,43.49,56.51,21.7,46.11,25.41,6.78,0,60.89,4.63,2.27,20.96,2.29,0,8.96,0
496,50.71,49.29,15.3,37.28,39.49,4.53,3.4,48.85,7.63,4.56,28.09,1.83,1.83,7.22,0
497,47.08,52.92,18.27,37.1,37.16,5.14,2.31,62.98,1.94,6.09,23.38,3.2,0.33,2.1,0
498,37.99,62.01,3.71,53.61,35.27,1.6,5.81,64.79,8.05,6.75,6.21,3.84,0,10.34,0
499,47.24,52.76,27.21,43.16,26.56,1.77,1.29,56.04,5.32,6.6,27.21,0.42,0.56,3.62,0.24
500,46,54,26.48,56.39,17.13,0,0,58.91,7.38,1.84,21.31,3.78,0,6.77,0
501,47.34,52.66,25.52,50.91,18.26,2.74,2.56,58.69,6.32,2.2,26.18,0,0,4.4,2.2
502,50.54,49.46,19.79,68.97,8.95,2.29,0,54.07,11.49,3.48,25.7,3.31,0,1.96,0
503,48.43,51.57,28.22,41.88,24.78,5.12,0,63.8,4.3,5.99,21.41,0,0,4.53,0
504,46.72,53.28,14.07,64.07,21.86,0,0,51.52,3.9,7.51,24.61,0,0,12.46,0
505,47.42,52.58,11.48,12.78,26.5,15.73,33.51,43.46,2.03,8.9,14.37,13.75,7.23,10.28,0
506,44.64,55.36,2.85,21.55,52.29,15.29,8.02,58.33,5.78,5.23,15.43,1.46,3.28,8.68,1.81
507,42.58,57.42,8.66,36.99,31.18,7.62,15.54,48.72,12.13,3.99,17.12,6.48,9.51,2.03,0
508,50.7,49.3,37.59,42.55,14.19,4.07,1.6,60.56,1.32,2.86,28.34,3.9,0.6,2.42,0
509,42.51,57.49,53.1,46.9,0,0,0,28.73,12.4,0,39.88,0,0,13.39,5.6
510,NA,NA,NA,NA,NA,NA,NA,NA,NA,NA,NA,NA,NA,NA,NA
511,44.77,55.23,26.88,64.32,8.8,0,0,45.64,6.53,4.58,29.19,1.9,0,12.17,0
512,56.07,43.93,21.54,54.58,22.81,0,1.07,55.11,12.5,3.78,26.68,0,1.93,0,0
513,47.34,52.66,16.62,38.89,8.34,4.1,32.09,42.61,0.68,6.77,33.17,1.06,3.48,11.55,0.68
514,52.21,47.79,31.89,55.64,10.8,1.15,0.51,58.71,0,4.89,34.3,0,0.74,1.37,0
515,49.91,50.09,29.41,57.71,10.95,1.93,0,58.48,6.52,12.81,18.54,0,0,3.65,0
516,48.95,51.05,8.76,33.23,33.22,11.05,13.74,55.03,2.6,5.81,17.78,5.97,6.25,6.56,0
517,47.44,52.56,36.68,50.88,10.98,1.47,0,43.52,4.34,16.8,26.52,0,1.63,7.2,0
